# Created by FreeCAD <https://www.freecad.org>
v 72.922478 0.000000 15.250000
v 72.075089 0.000000 18.852888
v 72.922478 -2.000000 15.250000
v 72.075089 -2.000000 18.852888
v 71.049812 0.000000 22.409245
v 71.049812 -2.000000 22.409245
v 69.849174 0.000000 25.910294
v 69.849174 -2.000000 25.910294
v 68.476135 0.000000 29.347389
v 68.476135 -2.000000 29.347389
v 66.934082 -2.000000 32.712051
v 66.934082 0.000000 32.712051
v 65.226830 0.000000 35.995975
v 65.226830 -2.000000 35.995975
v 63.358589 0.000000 39.191059
v 63.358589 -2.000000 39.191059
v 61.333969 0.000000 42.289410
v 61.333969 -2.000000 42.289410
v 59.157967 0.000000 45.283382
v 59.157967 -2.000000 45.283382
v 56.835953 0.000000 48.165592
v 56.835953 -2.000000 48.165592
v 54.373661 0.000000 50.928921
v 54.373661 -2.000000 50.928921
v 51.777164 0.000000 53.566547
v 51.777164 -2.000000 53.566547
v 49.052876 0.000000 56.071964
v 49.052876 -2.000000 56.071964
v 46.207516 0.000000 58.438988
v 46.207516 -2.000000 58.438988
v 43.248112 0.000000 60.661774
v 43.248112 -2.000000 60.661774
v 40.181961 0.000000 62.734840
v 40.181961 -2.000000 62.734840
v 37.016636 -2.000000 64.653061
v 37.016636 0.000000 64.653061
v 33.759949 -2.000000 66.411713
v 33.759949 0.000000 66.411713
v 30.419935 0.000000 68.006454
v 30.419935 -2.000000 68.006454
v 27.004841 0.000000 69.433342
v 27.004841 -2.000000 69.433342
v 23.523096 -2.000000 70.688850
v 23.523096 0.000000 70.688850
v 19.983292 0.000000 71.769897
v 19.983292 -2.000000 71.769897
v 16.394165 0.000000 72.673798
v 16.394165 -2.000000 72.673798
v 12.764575 0.000000 73.398338
v 12.764575 -2.000000 73.398338
v 9.103481 0.000000 73.941711
v 9.103481 -2.000000 73.941711
v 5.419918 0.000000 74.302589
v 5.419918 -2.000000 74.302589
v 1.722977 0.000000 74.480072
v 1.722977 -2.000000 74.480072
v -1.978216 0.000000 74.473732
v -1.978216 -2.000000 74.473732
v -5.674526 0.000000 74.283577
v -5.674526 -2.000000 74.283577
v -9.356831 0.000000 73.910080
v -9.356831 -2.000000 73.910080
v -13.016042 0.000000 73.354156
v -13.016042 -2.000000 73.354156
v -16.643127 -2.000000 72.617188
v -16.643127 0.000000 72.617188
v -20.229134 0.000000 71.700989
v -20.229134 -2.000000 71.700989
v -23.765213 0.000000 70.607826
v -23.765213 -2.000000 70.607826
v -27.242636 0.000000 69.340385
v -27.242636 -2.000000 69.340385
v -30.652819 -2.000000 67.901802
v -30.652819 0.000000 67.901802
v -33.987347 0.000000 66.295631
v -33.987347 -2.000000 66.295631
v -37.237988 0.000000 64.525826
v -37.237988 -2.000000 64.525826
v -40.396721 0.000000 62.596764
v -40.396721 -2.000000 62.596764
v -43.455750 -2.000000 60.513206
v -43.455750 0.000000 60.513206
v -46.407520 0.000000 58.280289
v -46.407520 -2.000000 58.280289
v -49.244751 0.000000 55.903530
v -49.244751 -2.000000 55.903530
v -51.960438 0.000000 53.388790
v -51.960438 -2.000000 53.388790
v -54.547878 -2.000000 50.742279
v -54.547878 0.000000 50.742279
v -57.000687 -2.000000 47.970528
v -57.000687 0.000000 47.970528
v -59.312809 0.000000 45.080379
v -59.312809 -2.000000 45.080379
v -61.478539 0.000000 42.078964
v -61.478539 -2.000000 42.078964
v -63.492527 -2.000000 38.973694
v -63.492527 0.000000 38.973694
v -65.349808 0.000000 35.772228
v -65.349808 -2.000000 35.772228
v -67.045799 0.000000 32.482471
v -67.045799 -2.000000 32.482471
v -68.576309 0.000000 29.112545
v -68.576309 -2.000000 29.112545
v -69.937561 0.000000 25.670763
v -69.937561 -2.000000 25.670763
v -71.126190 -2.000000 22.165621
v -71.126190 0.000000 22.165621
v -72.139275 0.000000 18.605772
v -72.139275 -2.000000 18.605772
v -72.974312 0.000000 15.000000
v -72.974312 -2.000000 15.000000
v -88.500000 -2.000000 9.000000
v -88.500000 0.000000 9.000000
v 104.750000 -2.000000 15.250000
v 104.750000 0.000000 15.250000
v -88.948608 -2.000000 8.988812
v -88.948608 0.000000 8.988812
v -89.396111 -2.000000 8.955277
v -89.396111 0.000000 8.955277
v -89.841377 -2.000000 8.899478
v -89.841377 0.000000 8.899478
v -90.283318 -2.000000 8.821552
v -90.283318 0.000000 8.821552
v -90.720818 -2.000000 8.721696
v -90.720818 0.000000 8.721696
v -91.152794 -2.000000 8.600156
v -91.152794 0.000000 8.600156
v -91.578178 -2.000000 8.457234
v -91.578178 0.000000 8.457234
v -91.995911 -2.000000 8.293286
v -91.995911 0.000000 8.293286
v -92.404953 -2.000000 8.108720
v -92.404953 0.000000 8.108720
v -92.804283 -2.000000 7.903995
v -92.804283 0.000000 7.903995
v -93.192917 -2.000000 7.679618
v -93.192917 0.000000 7.679618
v -93.569878 0.000000 7.436150
v -93.569878 -2.000000 7.436150
v -93.934242 0.000000 7.174193
v -93.934242 -2.000000 7.174193
v -94.285088 -2.000000 6.894401
v -94.285088 0.000000 6.894401
v -94.621552 -2.000000 6.597467
v -94.621552 0.000000 6.597467
v -94.942802 -2.000000 6.284132
v -94.942802 0.000000 6.284132
v -95.248032 -2.000000 5.955173
v -95.248032 0.000000 5.955173
v -95.536484 -2.000000 5.611409
v -95.536484 0.000000 5.611409
v -95.807442 -2.000000 5.253694
v -95.807442 0.000000 5.253694
v -96.060234 -2.000000 4.882917
v -96.060234 0.000000 4.882917
v -96.294228 -2.000000 4.500000
v -96.294228 0.000000 4.500000
v -96.508842 -2.000000 4.105896
v -96.508842 0.000000 4.105896
v -96.703552 -2.000000 3.701584
v -96.703552 0.000000 3.701584
v -96.877861 -2.000000 3.288069
v -96.877861 0.000000 3.288069
v -97.031349 -2.000000 2.866380
v -97.031349 0.000000 2.866380
v -97.163620 -2.000000 2.437564
v -97.163620 0.000000 2.437564
v -97.274353 -2.000000 2.002689
v -97.274353 0.000000 2.002689
v -97.363266 -2.000000 1.562834
v -97.363266 0.000000 1.562834
v -97.430153 0.000000 1.119093
v -97.430153 -2.000000 1.119093
v -97.474831 -2.000000 0.672571
v -97.474831 0.000000 0.672571
v -97.497200 -2.000000 0.224376
v -97.497200 0.000000 0.224376
v -97.497200 -2.000000 -0.224376
v -97.497200 -0.000000 -0.224376
v -97.474831 -2.000000 -0.672571
v -97.474831 -0.000000 -0.672571
v -97.430153 -0.000000 -1.119093
v -97.430153 -2.000000 -1.119093
v -97.363266 -2.000000 -1.562834
v -97.363266 -0.000000 -1.562834
v -97.274353 -2.000000 -2.002689
v -97.274353 -0.000000 -2.002689
v -97.163620 -2.000000 -2.437564
v -97.163620 -0.000000 -2.437564
v -97.031349 -2.000000 -2.866380
v -97.031349 -0.000000 -2.866380
v -96.877861 -2.000000 -3.288069
v -96.877861 -0.000000 -3.288069
v -96.703552 -2.000000 -3.701584
v -96.703552 -0.000000 -3.701584
v -96.508842 -0.000000 -4.105896
v -96.508842 -2.000000 -4.105896
v -96.294228 -2.000000 -4.500000
v -96.294228 -0.000000 -4.500000
v -96.060234 -2.000000 -4.882917
v -96.060234 -0.000000 -4.882917
v -95.807442 -2.000000 -5.253694
v -95.807442 -0.000000 -5.253694
v -95.536484 -2.000000 -5.611409
v -95.536484 -0.000000 -5.611409
v -95.248032 -2.000000 -5.955173
v -95.248032 -0.000000 -5.955173
v -94.942802 -0.000000 -6.284132
v -94.942802 -2.000000 -6.284132
v -94.621552 -0.000000 -6.597467
v -94.621552 -2.000000 -6.597467
v -94.285088 -0.000000 -6.894401
v -94.285088 -2.000000 -6.894401
v -93.934242 -0.000000 -7.174193
v -93.934242 -2.000000 -7.174193
v -93.569878 -2.000000 -7.436150
v -93.569878 -0.000000 -7.436150
v -93.192917 -2.000000 -7.679618
v -93.192917 -0.000000 -7.679618
v -92.804283 -2.000000 -7.903995
v -92.804283 -0.000000 -7.903995
v -92.404953 -2.000000 -8.108720
v -92.404953 -0.000000 -8.108720
v -91.995911 -2.000000 -8.293286
v -91.995911 -0.000000 -8.293286
v -91.578178 -2.000000 -8.457234
v -91.578178 -0.000000 -8.457234
v -91.152794 -2.000000 -8.600156
v -91.152794 -0.000000 -8.600156
v -90.720818 -2.000000 -8.721696
v -90.720818 -0.000000 -8.721696
v -90.283318 -2.000000 -8.821552
v -90.283318 -0.000000 -8.821552
v -89.841377 -0.000000 -8.899478
v -89.841377 -2.000000 -8.899478
v -89.396111 -2.000000 -8.955277
v -89.396111 -0.000000 -8.955277
v -88.948608 -2.000000 -8.988812
v -88.948608 -0.000000 -8.988812
v -88.500000 -2.000000 -9.000000
v -88.500000 -0.000000 -9.000000
v 105.510147 -2.000000 -15.231043
v 104.750000 -2.000000 -15.250000
v 104.750000 -0.000000 -15.250000
v 105.510147 -0.000000 -15.231043
v 106.268410 -2.000000 -15.174219
v 106.268410 -0.000000 -15.174219
v 107.022896 -2.000000 -15.079671
v 107.022896 -0.000000 -15.079671
v 107.771729 -2.000000 -14.947631
v 107.771729 -0.000000 -14.947631
v 108.513046 -2.000000 -14.778429
v 108.513046 -0.000000 -14.778429
v 109.245018 -2.000000 -14.572486
v 109.245018 -0.000000 -14.572486
v 109.965805 -2.000000 -14.330313
v 109.965805 -0.000000 -14.330313
v 110.673630 -2.000000 -14.052513
v 110.673630 -0.000000 -14.052513
v 111.366722 -2.000000 -13.739776
v 111.366722 -0.000000 -13.739776
v 112.043373 -2.000000 -13.392879
v 112.043373 -0.000000 -13.392879
v 112.701889 -2.000000 -13.012687
v 112.701889 -0.000000 -13.012687
v 113.340630 -2.000000 -12.600142
v 113.340630 -0.000000 -12.600142
v 113.958015 -2.000000 -12.156272
v 113.958015 -0.000000 -12.156272
v 114.552513 -2.000000 -11.682178
v 114.552513 -0.000000 -11.682178
v 115.122635 -0.000000 -11.179042
v 115.122635 -2.000000 -11.179042
v 115.666969 -2.000000 -10.648112
v 115.666969 -0.000000 -10.648112
v 116.184166 -2.000000 -10.090710
v 116.184166 -0.000000 -10.090710
v 116.672928 -2.000000 -9.508221
v 116.672928 -0.000000 -9.508221
v 117.132057 -2.000000 -8.902092
v 117.132057 -0.000000 -8.902092
v 117.560394 -2.000000 -8.273831
v 117.560394 -0.000000 -8.273831
v 117.956886 -2.000000 -7.625001
v 117.956886 -0.000000 -7.625001
v 118.320541 -2.000000 -6.957213
v 118.320541 -0.000000 -6.957213
v 118.650467 -0.000000 -6.272129
v 118.650467 -2.000000 -6.272129
v 118.945824 -2.000000 -5.571451
v 118.945824 -0.000000 -5.571451
v 119.205894 -2.000000 -4.856922
v 119.205894 -0.000000 -4.856922
v 119.430023 -2.000000 -4.130318
v 119.430023 -0.000000 -4.130318
v 119.617653 -2.000000 -3.393445
v 119.617653 -0.000000 -3.393445
v 119.768318 -2.000000 -2.648135
v 119.768318 -0.000000 -2.648135
v 119.881645 -2.000000 -1.896242
v 119.881645 -0.000000 -1.896242
v 119.957359 -2.000000 -1.139634
v 119.957359 -0.000000 -1.139634
v 119.995262 -2.000000 -0.380193
v 119.995262 -0.000000 -0.380193
v 119.995262 -2.000000 0.380193
v 119.995262 0.000000 0.380193
v 119.957359 -2.000000 1.139634
v 119.957359 0.000000 1.139634
v 119.881645 -2.000000 1.896242
v 119.881645 0.000000 1.896242
v 119.768318 -2.000000 2.648135
v 119.768318 0.000000 2.648135
v 119.617653 -2.000000 3.393445
v 119.617653 0.000000 3.393445
v 119.430023 -2.000000 4.130318
v 119.430023 0.000000 4.130318
v 119.205894 -2.000000 4.856922
v 119.205894 0.000000 4.856922
v 118.945824 -2.000000 5.571451
v 118.945824 0.000000 5.571451
v 118.650467 -2.000000 6.272129
v 118.650467 0.000000 6.272129
v 118.320541 -2.000000 6.957213
v 118.320541 0.000000 6.957213
v 117.956886 -2.000000 7.625001
v 117.956886 0.000000 7.625001
v 117.560394 -2.000000 8.273831
v 117.560394 0.000000 8.273831
v 117.132057 -2.000000 8.902092
v 117.132057 0.000000 8.902092
v 116.672928 -2.000000 9.508221
v 116.672928 0.000000 9.508221
v 116.184166 -2.000000 10.090710
v 116.184166 0.000000 10.090710
v 115.666969 -2.000000 10.648112
v 115.666969 0.000000 10.648112
v 115.122635 -2.000000 11.179042
v 115.122635 0.000000 11.179042
v 114.552513 -2.000000 11.682178
v 114.552513 0.000000 11.682178
v 113.958015 -2.000000 12.156272
v 113.958015 0.000000 12.156272
v 113.340630 -2.000000 12.600142
v 113.340630 0.000000 12.600142
v 112.701889 0.000000 13.012687
v 112.701889 -2.000000 13.012687
v 112.043373 -2.000000 13.392879
v 112.043373 0.000000 13.392879
v 111.366722 0.000000 13.739776
v 111.366722 -2.000000 13.739776
v 110.673630 0.000000 14.052513
v 110.673630 -2.000000 14.052513
v 109.965805 -2.000000 14.330313
v 109.965805 0.000000 14.330313
v 109.245018 -2.000000 14.572486
v 109.245018 0.000000 14.572486
v 108.513046 -2.000000 14.778429
v 108.513046 0.000000 14.778429
v 107.771729 0.000000 14.947631
v 107.771729 -2.000000 14.947631
v 107.022896 -2.000000 15.079671
v 107.022896 0.000000 15.079671
v 106.268410 -2.000000 15.174219
v 106.268410 0.000000 15.174219
v 105.510147 0.000000 15.231043
v 105.510147 -2.000000 15.231043
v 50.570240 -2.000000 -73.843758
v 50.570240 -0.000000 -73.843758
v -72.974312 -0.000000 -15.000000
v -72.186501 -0.000000 -18.421711
v -72.974312 -2.000000 -15.000000
v -72.186501 -2.000000 -18.421711
v -71.238342 -0.000000 -21.802500
v -71.238342 -2.000000 -21.802500
v -70.131935 -0.000000 -25.134861
v -70.131935 -2.000000 -25.134861
v -68.869751 -0.000000 -28.411390
v -68.869751 -2.000000 -28.411390
v -67.454590 -0.000000 -31.624807
v -67.454590 -2.000000 -31.624807
v -65.889587 -0.000000 -34.767979
v -65.889587 -2.000000 -34.767979
v -64.178223 -2.000000 -37.833920
v -64.178223 -0.000000 -37.833920
v -62.324306 -0.000000 -40.815819
v -62.324306 -2.000000 -40.815819
v -60.331944 -0.000000 -43.707054
v -60.331944 -2.000000 -43.707054
v -58.205566 -0.000000 -46.501205
v -58.205566 -2.000000 -46.501205
v -55.949898 -2.000000 -49.192062
v -55.949898 -0.000000 -49.192062
v -53.569950 -0.000000 -51.773647
v -53.569950 -2.000000 -51.773647
v -51.071003 -0.000000 -54.240231
v -51.071003 -2.000000 -54.240231
v -48.458618 -0.000000 -56.586327
v -48.458618 -2.000000 -56.586327
v -45.738586 -0.000000 -58.806732
v -45.738586 -2.000000 -58.806732
v -42.916958 -0.000000 -60.896507
v -42.916958 -2.000000 -60.896507
v -40.000000 -0.000000 -62.851013
v -40.000000 -2.000000 -62.851013
v -75.000000 -2.000000 -99.250000
v -75.000000 -0.000000 -99.250000
v 75.000000 -2.000000 -99.250000
v 75.000000 -0.000000 -99.250000
v -59.656872 -0.000000 -35.470692
v -59.517612 -0.000000 -35.613468
v -59.371407 -0.000000 -35.749126
v -59.788841 -0.000000 -35.321152
v -59.218624 -0.000000 -35.877327
v -59.913193 -0.000000 -35.165218
v -59.059639 -0.000000 -35.997753
v -60.029617 -0.000000 -35.003281
v -58.894848 -0.000000 -36.110104
v -60.137829 -0.000000 -34.835739
v -58.724663 -0.000000 -36.214100
v -60.237549 -0.000000 -34.663017
v -58.549507 -0.000000 -36.309486
v -60.328541 -0.000000 -34.485535
v -58.369812 -0.000000 -36.396023
v -60.410568 -0.000000 -34.303738
v -58.186028 -0.000000 -36.473495
v -60.483433 -0.000000 -34.118080
v -57.998611 -0.000000 -36.541710
v -60.546955 -0.000000 -33.929020
v -57.808025 -0.000000 -36.600498
v -60.600971 -0.000000 -33.737030
v -57.614746 -0.000000 -36.649712
v -60.645355 -0.000000 -33.542583
v -91.292946 -0.000000 -2.863467
v -91.432205 -0.000000 -2.720691
v -91.146744 -0.000000 -2.999125
v -91.564178 -0.000000 -2.571151
v -90.993958 -0.000000 -3.127326
v -57.419258 -0.000000 -36.689232
v -91.688530 -0.000000 -2.415218
v -90.834976 -0.000000 -3.247752
v -91.804955 -0.000000 -2.253280
v -90.670181 -0.000000 -3.360104
v -60.679989 -0.000000 -33.346169
v -91.913162 -0.000000 -2.085741
v -90.500000 -0.000000 -3.464102
v -57.222038 -0.000000 -36.718956
v -92.012886 -0.000000 -1.913016
v -90.324844 -0.000000 -3.559487
v -60.704788 -0.000000 -33.148270
v -92.103874 -0.000000 -1.735535
v -90.145149 -0.000000 -3.646024
v -57.023582 -0.000000 -36.738815
v -92.185905 -0.000000 -1.553739
v -89.961365 -0.000000 -3.723495
v -60.719692 -0.000000 -32.949383
v -92.258774 -0.000000 -1.368081
v -56.824387 -0.000000 -36.748756
v -89.773949 -0.000000 -3.791709
v -92.322289 -0.000000 -1.179021
v -60.724663 -0.000000 -32.750000
v -89.583359 -0.000000 -3.850497
v -56.624943 -0.000000 -36.748756
v -92.376312 -0.000000 -0.987030
v -89.390083 -0.000000 -3.899712
v -60.719692 -0.000000 -32.550617
v -92.420692 -0.000000 -0.792585
v -56.425743 -0.000000 -36.738815
v -89.194595 -0.000000 -3.939231
v -60.704788 -0.000000 -32.351730
v -92.455322 -0.000000 -0.596169
v -88.997375 -0.000000 -3.968957
v -56.227287 -0.000000 -36.718956
v -92.480125 -0.000000 -0.398271
v -60.679989 -0.000000 -32.153831
v -88.798920 -0.000000 -3.988815
v -56.030071 -0.000000 -36.689232
v -92.495026 -0.000000 -0.199384
v -60.645355 -0.000000 -31.957415
v -88.599724 -0.000000 -3.998757
v -92.500000 -0.000000 -0.000000
v -55.834579 -0.000000 -36.649712
v -88.400276 -0.000000 -3.998757
v -60.600971 -0.000000 -31.762970
v -92.495026 0.000000 0.199384
v -55.641300 -0.000000 -36.600498
v -88.201080 -0.000000 -3.988815
v -60.546955 -0.000000 -31.570980
v -92.480125 0.000000 0.398271
v -55.450718 -0.000000 -36.541710
v -88.002625 -0.000000 -3.968957
v -60.483433 -0.000000 -31.381920
v -92.455322 0.000000 0.596169
v -87.805405 -0.000000 -3.939231
v -55.263298 -0.000000 -36.473495
v -92.420692 0.000000 0.792585
v -60.410568 -0.000000 -31.196260
v -87.609917 -0.000000 -3.899712
v -55.079517 -0.000000 -36.396023
v -92.376312 0.000000 0.987030
v -60.328541 -0.000000 -31.014465
v -87.416641 -0.000000 -3.850497
v -92.322289 0.000000 1.179021
v -60.237549 -0.000000 -30.836985
v -87.226051 -0.000000 -3.791709
v -92.258774 0.000000 1.368081
v -60.137829 -0.000000 -30.664259
v -87.038635 -0.000000 -3.723495
v -92.185905 0.000000 1.553739
v -60.029617 -0.000000 -30.496719
v -86.854851 -0.000000 -3.646024
v -92.103874 0.000000 1.735535
v -59.913193 -0.000000 -30.334782
v -86.675156 -0.000000 -3.559487
v -92.012886 0.000000 1.913016
v -59.788841 -0.000000 -30.178850
v -86.500000 -0.000000 -3.464102
v -91.913162 0.000000 2.085741
v -86.329819 -0.000000 -3.360104
v -59.656872 -0.000000 -30.029308
v -91.804955 0.000000 2.253280
v -86.165024 -0.000000 -3.247752
v -59.517612 -0.000000 -29.886532
v -91.688530 0.000000 2.415218
v -86.006042 -0.000000 -3.127326
v -59.371407 -0.000000 -29.750875
v -91.564178 0.000000 2.571151
v -85.853256 -0.000000 -2.999125
v -59.218624 -0.000000 -29.622675
v -91.432205 0.000000 2.720691
v -85.707054 -0.000000 -2.863467
v -59.059639 -0.000000 -29.502249
v -91.292946 0.000000 2.863467
v -91.146744 0.000000 2.999125
v -85.567795 -0.000000 -2.720691
v -85.435822 -0.000000 -2.571151
v -85.311470 -0.000000 -2.415218
v -85.195045 -0.000000 -2.253280
v -90.993958 0.000000 3.127326
v -85.086838 -0.000000 -2.085741
v -84.987114 -0.000000 -1.913016
v -90.834976 0.000000 3.247752
v -84.896126 -0.000000 -1.735535
v -84.814095 -0.000000 -1.553739
v -90.670181 0.000000 3.360104
v -84.741226 -0.000000 -1.368081
v -84.677711 -0.000000 -1.179021
v -84.623688 -0.000000 -0.987030
v -42.243328 -0.000000 -43.309944
v -90.500000 0.000000 3.464102
v -44.349640 -0.000000 -41.150452
v -40.031994 -0.000000 -45.361763
v -84.579308 -0.000000 -0.792585
v -46.345688 -0.000000 -38.888649
v -54.899822 -0.000000 -36.309486
v -54.724663 -0.000000 -36.214100
v -37.721134 -0.000000 -47.300804
v -90.324844 0.000000 3.559487
v -48.226517 -0.000000 -36.530167
v -54.554478 -0.000000 -36.110104
v -54.389690 -0.000000 -35.997753
v -54.230705 -0.000000 -35.877327
v -54.077919 -0.000000 -35.749126
v -53.931717 -0.000000 -35.613468
v -53.792458 -0.000000 -35.470692
v -53.660484 -0.000000 -35.321152
v -53.536133 -0.000000 -35.165218
v -53.419708 -0.000000 -35.003281
v -35.316494 -0.000000 -49.122250
v -90.145149 0.000000 3.646024
v -49.987446 -0.000000 -34.080864
v -53.311501 -0.000000 -34.835739
v -53.211777 -0.000000 -34.663017
v -53.120789 -0.000000 -34.485535
v -53.038757 -0.000000 -34.303738
v -52.965893 -0.000000 -34.118080
v -52.902374 -0.000000 -33.929020
v -52.848354 -0.000000 -33.737030
v -52.803974 -0.000000 -33.542583
v -52.769341 -0.000000 -33.346169
v -52.744541 -0.000000 -33.148270
v -52.729637 -0.000000 -32.949383
v -89.961365 0.000000 3.723495
v -32.824047 -0.000000 -50.821568
v -51.624100 -0.000000 -31.546829
v -52.724663 -0.000000 -32.750000
v -52.729637 -0.000000 -32.550617
v -52.744541 -0.000000 -32.351730
v -52.769341 -0.000000 -32.153831
v -52.803974 -0.000000 -31.957415
v -52.848354 -0.000000 -31.762970
v -52.902374 -0.000000 -31.570980
v -52.965893 -0.000000 -31.381920
v -53.038757 -0.000000 -31.196260
v -53.120789 -0.000000 -31.014465
v -53.211777 -0.000000 -30.836985
v -89.773949 0.000000 3.791709
v -30.250000 -0.000000 -52.394535
v -89.583359 0.000000 3.850497
v -53.132404 -0.000000 -28.934366
v -53.311501 -0.000000 -30.664259
v -53.419708 -0.000000 -30.496719
v -53.536133 -0.000000 -30.334782
v -53.660484 -0.000000 -30.178850
v -53.792458 -0.000000 -30.029308
v -53.931717 -0.000000 -29.886532
v -54.077919 -0.000000 -29.750875
v -54.230705 -0.000000 -29.622675
v -54.389690 -0.000000 -29.502249
v -54.554478 -0.000000 -29.389896
v -54.724663 -0.000000 -29.285898
v -54.899822 -0.000000 -29.190514
v -89.390083 0.000000 3.899712
v -89.194595 0.000000 3.939231
v -27.600744 -0.000000 -53.837246
v -88.997375 0.000000 3.968957
v -54.508617 -0.000000 -26.249966
v -55.079517 -0.000000 -29.103977
v -55.263298 -0.000000 -29.026505
v -55.450718 -0.000000 -28.958290
v -55.641300 -0.000000 -28.899504
v -55.834579 -0.000000 -28.850288
v -56.030071 -0.000000 -28.810768
v -56.227287 -0.000000 -28.781044
v -56.425743 -0.000000 -28.761185
v -56.624943 -0.000000 -28.751244
v -56.824387 -0.000000 -28.751244
v -57.023582 -0.000000 -28.761185
v -88.798920 0.000000 3.988815
v -24.882870 -0.000000 -55.146103
v -88.599724 0.000000 3.998757
v -85.707054 0.000000 2.863467
v -85.853256 0.000000 2.999125
v -86.006042 0.000000 3.127326
v -86.165024 0.000000 3.247752
v -86.329819 0.000000 3.360104
v -86.500000 0.000000 3.464102
v -86.675156 0.000000 3.559487
v -86.854851 0.000000 3.646024
v -87.038635 0.000000 3.723495
v -87.226051 0.000000 3.791709
v -87.416641 0.000000 3.850497
v -87.609917 0.000000 3.899712
v -87.805405 0.000000 3.939231
v -88.002625 0.000000 3.968957
v -88.201080 0.000000 3.988815
v -88.400276 0.000000 3.998757
v -55.749310 -0.000000 -23.500305
v -57.222038 -0.000000 -28.781044
v -57.419258 -0.000000 -28.810768
v -57.614746 -0.000000 -28.850288
v -57.808025 -0.000000 -28.899504
v -57.998611 -0.000000 -28.958290
v -58.186028 -0.000000 -29.026505
v -58.369812 -0.000000 -29.103977
v -58.549507 -0.000000 -29.190514
v -58.724663 -0.000000 -29.285898
v -22.103132 -0.000000 -56.317863
v -56.851402 -0.000000 -20.692219
v -58.894848 -0.000000 -29.389896
v -19.268442 -0.000000 -57.349606
v -57.812153 -0.000000 -17.832687
v -16.385849 -0.000000 -58.238766
v -58.629177 -0.000000 -14.928823
v -59.300434 -0.000000 -11.987842
v -2.932208 -0.000000 -68.220688
v -2.792947 -0.000000 -68.363464
v -2.646743 -0.000000 -68.499123
v -3.064178 -0.000000 -68.071152
v -2.493959 -0.000000 -68.627327
v -3.188530 -0.000000 -67.915215
v -2.334975 -0.000000 -68.747749
v -3.304955 -0.000000 -67.753281
v -2.170185 -0.000000 -68.860107
v -3.413163 -0.000000 -67.585739
v -2.000000 -0.000000 -68.964104
v -3.512886 -0.000000 -67.413017
v -13.462517 -0.000000 -58.983139
v -1.824843 -0.000000 -69.059486
v -3.603875 -0.000000 -67.235535
v -1.645148 -0.000000 -69.146027
v -3.685905 -0.000000 -67.053741
v -1.461364 -0.000000 -69.223495
v -3.758770 -0.000000 -66.868080
v -1.273947 -0.000000 -69.291710
v -3.822291 -0.000000 -66.679024
v -1.083362 -0.000000 -69.350494
v -0.890084 -0.000000 -69.399712
v -0.694593 -0.000000 -69.439232
v -10.505714 -0.000000 -59.580868
v -3.920690 -0.000000 -66.292587
v -3.876309 -0.000000 -66.487030
v -3.955323 -0.000000 -66.096169
v -0.497375 -0.000000 -69.468956
v -3.980123 -0.000000 -65.898270
v -0.298920 -0.000000 -69.488815
v -3.995028 -0.000000 -65.699387
v -0.099723 -0.000000 -69.498756
v -4.000000 -0.000000 -65.500000
v -59.824265 -0.000000 -9.017057
v -7.522794 -0.000000 -60.030472
v -3.685905 -0.000000 -63.946262
v -3.758770 -0.000000 -64.131920
v -3.822291 -0.000000 -64.320976
v -3.876309 -0.000000 -64.512970
v -3.920690 -0.000000 -64.707413
v -3.955323 -0.000000 -64.903831
v -3.980123 -0.000000 -65.101730
v -3.995028 -0.000000 -65.300613
v -3.603875 -0.000000 -63.764465
v -60.199364 -0.000000 -6.023855
v -4.521171 -0.000000 -60.330830
v -2.493959 -0.000000 -62.372673
v -2.646743 -0.000000 -62.500874
v -2.792947 -0.000000 -62.636532
v -2.932208 -0.000000 -62.779308
v -3.064178 -0.000000 -62.928848
v -3.188530 -0.000000 -63.084782
v -3.304955 -0.000000 -63.246719
v -3.413163 -0.000000 -63.414261
v -3.512886 -0.000000 -63.586983
v -2.334975 -0.000000 -62.252247
v -2.170185 -0.000000 -62.139896
v -60.424793 -0.000000 -3.015676
v -84.544678 -0.000000 -0.596169
v -84.519875 -0.000000 -0.398271
v -1.508307 -0.000000 -60.481197
v -0.497375 -0.000000 -61.531044
v -0.694593 -0.000000 -61.560768
v -0.890084 -0.000000 -61.600288
v -1.083362 -0.000000 -61.649502
v -1.273947 -0.000000 -61.708290
v -1.461364 -0.000000 -61.776505
v -1.645148 -0.000000 -61.853977
v -1.824843 -0.000000 -61.940514
v -2.000000 -0.000000 -62.035900
v -0.298920 -0.000000 -61.511185
v -0.099723 -0.000000 -61.501244
v -60.500000 -0.000000 -0.000000
v -84.500000 0.000000 -0.000000
v -84.504974 0.000000 0.199384
v -84.519875 0.000000 0.398271
v -84.504974 -0.000000 -0.199384
v 1.508307 -0.000000 -60.481197
v 1.645148 -0.000000 -61.853977
v 1.461364 -0.000000 -61.776505
v 1.273947 -0.000000 -61.708290
v 1.083362 -0.000000 -61.649502
v 0.890084 -0.000000 -61.600288
v 0.694593 -0.000000 -61.560768
v 0.497375 -0.000000 -61.531044
v 0.298920 -0.000000 -61.511185
v 0.099723 -0.000000 -61.501244
v 2.170185 -0.000000 -62.139896
v 2.000000 -0.000000 -62.035900
v 1.824843 -0.000000 -61.940514
v -84.579308 0.000000 0.792585
v -84.623688 0.000000 0.987030
v -84.677711 0.000000 1.179021
v -84.741226 0.000000 1.368081
v -84.814095 0.000000 1.553739
v -84.896126 0.000000 1.735535
v -84.987114 0.000000 1.913016
v -85.086838 0.000000 2.085741
v -85.195045 0.000000 2.253280
v -85.311470 0.000000 2.415218
v -85.435822 0.000000 2.571151
v -85.567795 0.000000 2.720691
v -60.424793 0.000000 3.015676
v -84.544678 0.000000 0.596169
v 4.521171 -0.000000 -60.330830
v 3.603875 -0.000000 -63.764465
v 3.512886 -0.000000 -63.586983
v 3.413163 -0.000000 -63.414261
v 3.304955 -0.000000 -63.246719
v 3.188530 -0.000000 -63.084782
v 3.064178 -0.000000 -62.928848
v 2.932208 -0.000000 -62.779308
v 2.792947 -0.000000 -62.636532
v 2.646743 -0.000000 -62.500874
v 2.493959 -0.000000 -62.372673
v 2.334975 -0.000000 -62.252247
v -60.199364 0.000000 6.023855
v 7.522794 -0.000000 -60.030472
v 4.000000 -0.000000 -65.500000
v 3.995028 -0.000000 -65.300613
v 3.980123 -0.000000 -65.101730
v 3.955323 -0.000000 -64.903831
v 3.920690 -0.000000 -64.707413
v 3.876309 -0.000000 -64.512970
v 3.822291 -0.000000 -64.320976
v 3.758770 -0.000000 -64.131920
v 3.685905 -0.000000 -63.946262
v -59.824265 0.000000 9.017057
v 10.505714 -0.000000 -59.580868
v 3.980123 -0.000000 -65.898270
v 3.995028 -0.000000 -65.699387
v 3.822291 -0.000000 -66.679024
v 3.876309 -0.000000 -66.487030
v 3.920690 -0.000000 -66.292587
v 3.955323 -0.000000 -66.096169
v -59.300434 0.000000 11.987842
v 13.462517 -0.000000 -58.983139
v 3.512886 -0.000000 -67.413017
v 3.603875 -0.000000 -67.235535
v 3.685905 -0.000000 -67.053741
v 3.758770 -0.000000 -66.868080
v -58.629177 0.000000 14.928823
v 16.385849 -0.000000 -58.238766
v 3.188530 -0.000000 -67.915215
v 3.304955 -0.000000 -67.753281
v 3.413163 -0.000000 -67.585739
v -57.812153 0.000000 17.832687
v -56.851402 0.000000 20.692219
v -59.656872 0.000000 30.029308
v -59.517612 0.000000 29.886532
v -59.371407 0.000000 29.750875
v -59.788841 0.000000 30.178850
v -59.218624 0.000000 29.622675
v -59.913193 0.000000 30.334782
v -59.059639 0.000000 29.502249
v -60.029617 0.000000 30.496719
v -58.894848 0.000000 29.389896
v -60.137829 0.000000 30.664259
v -58.724663 0.000000 29.285898
v -55.749310 0.000000 23.500305
v -60.237549 0.000000 30.836985
v -58.549507 0.000000 29.190514
v -60.328541 0.000000 31.014465
v -58.369812 0.000000 29.103977
v -60.410568 0.000000 31.196260
v -58.186028 0.000000 29.026505
v -60.483433 0.000000 31.381920
v -57.998611 0.000000 28.958290
v -60.546955 0.000000 31.570980
v -57.808025 0.000000 28.899504
v -60.600971 0.000000 31.762970
v -57.614746 0.000000 28.850288
v -60.645355 0.000000 31.957415
v -57.419258 0.000000 28.810768
v -60.679989 0.000000 32.153831
v -57.222038 0.000000 28.781044
v -60.704788 0.000000 32.351730
v -57.023582 0.000000 28.761185
v -54.508617 0.000000 26.249966
v -60.719692 0.000000 32.550617
v -56.824387 0.000000 28.751244
v -60.724663 0.000000 32.750000
v -56.624943 0.000000 28.751244
v -60.719692 0.000000 32.949383
v -56.425743 0.000000 28.761185
v -60.704788 0.000000 33.148270
v -56.227287 0.000000 28.781044
v -60.679989 0.000000 33.346169
v -56.030071 0.000000 28.810768
v -60.645355 0.000000 33.542583
v -55.834579 0.000000 28.850288
v -60.600971 0.000000 33.737030
v -55.641300 0.000000 28.899504
v -60.546955 0.000000 33.929020
v -55.450718 0.000000 28.958290
v -60.483433 0.000000 34.118080
v -55.263298 0.000000 29.026505
v -60.410568 0.000000 34.303738
v -55.079517 0.000000 29.103977
v -60.328541 0.000000 34.485535
v -54.899822 0.000000 29.190514
v -60.237549 0.000000 34.663017
v -60.137829 0.000000 34.835739
v -59.913193 0.000000 35.165218
v -60.029617 0.000000 35.003281
v -59.788841 0.000000 35.321152
v 0.099723 -0.000000 -69.498756
v 0.298920 -0.000000 -69.488815
v 0.497375 -0.000000 -69.468956
v 0.694593 -0.000000 -69.439232
v 0.890084 -0.000000 -69.399712
v 1.083362 -0.000000 -69.350494
v 1.273947 -0.000000 -69.291710
v -53.132404 0.000000 28.934366
v -54.724663 0.000000 29.285898
v -54.554478 0.000000 29.389896
v -54.389690 0.000000 29.502249
v -54.230705 0.000000 29.622675
v -54.077919 0.000000 29.750875
v -59.656872 0.000000 35.470692
v -53.931717 0.000000 29.886532
v -59.517612 0.000000 35.613468
v -53.792458 0.000000 30.029308
v -59.371407 0.000000 35.749126
v -53.660484 0.000000 30.178850
v -59.218624 0.000000 35.877327
v 19.268442 -0.000000 -57.349606
v 22.103132 -0.000000 -56.317863
v 24.882870 -0.000000 -55.146103
v 27.600744 -0.000000 -53.837246
v 1.461364 -0.000000 -69.223495
v 1.645148 -0.000000 -69.146027
v 1.824843 -0.000000 -69.059486
v 2.000000 -0.000000 -68.964104
v 2.170185 -0.000000 -68.860107
v 2.334975 -0.000000 -68.747749
v 2.493959 -0.000000 -68.627327
v 2.646743 -0.000000 -68.499123
v 2.792947 -0.000000 -68.363464
v 2.932208 -0.000000 -68.220688
v 3.064178 -0.000000 -68.071152
v -53.536133 0.000000 30.334782
v -59.059639 0.000000 35.997753
v -53.419708 0.000000 30.496719
v -58.894848 0.000000 36.110104
v -53.311501 0.000000 30.664259
v -58.724663 0.000000 36.214100
v 30.250000 -0.000000 -52.394535
v -51.624100 0.000000 31.546829
v -52.769341 0.000000 32.153831
v -52.744541 0.000000 32.351730
v -52.729637 0.000000 32.550617
v -53.211777 0.000000 30.836985
v -53.120789 0.000000 31.014465
v -53.038757 0.000000 31.196260
v -52.965893 0.000000 31.381920
v -52.902374 0.000000 31.570980
v -52.848354 0.000000 31.762970
v -52.803974 0.000000 31.957415
v -52.724663 0.000000 32.750000
v -52.729637 0.000000 32.949383
v -56.824387 0.000000 36.748756
v -57.023582 0.000000 36.738815
v -57.222038 0.000000 36.718956
v -57.419258 0.000000 36.689232
v -57.614746 0.000000 36.649712
v -57.808025 0.000000 36.600498
v -57.998611 0.000000 36.541710
v -58.186028 0.000000 36.473495
v -58.369812 0.000000 36.396023
v -58.549507 0.000000 36.309486
v 32.824047 -0.000000 -50.821568
v -49.987446 0.000000 34.080864
v -52.744541 0.000000 33.148270
v -52.769341 0.000000 33.346169
v -52.803974 0.000000 33.542583
v -52.848354 0.000000 33.737030
v -52.902374 0.000000 33.929020
v -52.965893 0.000000 34.118080
v -53.038757 0.000000 34.303738
v -53.120789 0.000000 34.485535
v -53.211777 0.000000 34.663017
v -53.311501 0.000000 34.835739
v -53.419708 0.000000 35.003281
v -55.450718 0.000000 36.541710
v -55.641300 0.000000 36.600498
v -55.834579 0.000000 36.649712
v -56.030071 0.000000 36.689232
v -56.227287 0.000000 36.718956
v -56.425743 0.000000 36.738815
v -56.624943 0.000000 36.748756
v 35.316494 -0.000000 -49.122250
v -48.226517 0.000000 36.530167
v -53.536133 0.000000 35.165218
v -53.660484 0.000000 35.321152
v -53.792458 0.000000 35.470692
v -53.931717 0.000000 35.613468
v -54.077919 0.000000 35.749126
v -54.230705 0.000000 35.877327
v -54.389690 0.000000 35.997753
v -54.554478 0.000000 36.110104
v -54.724663 0.000000 36.214100
v 37.721134 -0.000000 -47.300804
v -55.079517 0.000000 36.396023
v -55.263298 0.000000 36.473495
v -46.345688 0.000000 38.888649
v -54.899822 0.000000 36.309486
v 40.031994 -0.000000 -45.361763
v -44.349640 0.000000 41.150452
v 42.243328 -0.000000 -43.309944
v -42.243328 0.000000 43.309944
v -40.031994 0.000000 45.361763
v -37.721134 0.000000 47.300804
v -35.316494 0.000000 49.122250
v -32.824047 0.000000 50.821568
v 53.792458 -0.000000 -35.470692
v 53.931717 -0.000000 -35.613468
v 48.226517 -0.000000 -36.530167
v 54.077919 -0.000000 -35.749126
v 53.660484 -0.000000 -35.321152
v 54.230705 -0.000000 -35.877327
v 53.536133 -0.000000 -35.165218
v 54.389690 -0.000000 -35.997753
v 53.419708 -0.000000 -35.003281
v 49.987446 -0.000000 -34.080864
v 54.554478 -0.000000 -36.110104
v 53.311501 -0.000000 -34.835739
v 54.724663 -0.000000 -36.214100
v 46.345688 -0.000000 -38.888649
v 53.211777 -0.000000 -34.663017
v 54.899822 -0.000000 -36.309486
v 53.120789 -0.000000 -34.485535
v 55.079517 -0.000000 -36.396023
v 53.038757 -0.000000 -34.303738
v 55.263298 -0.000000 -36.473495
v 52.965893 -0.000000 -34.118080
v 55.450718 -0.000000 -36.541710
v 52.902374 -0.000000 -33.929020
v 55.641300 -0.000000 -36.600498
v 52.848354 -0.000000 -33.737030
v 55.834579 -0.000000 -36.649712
v 44.349640 -0.000000 -41.150452
v 52.803974 -0.000000 -33.542583
v 56.030071 -0.000000 -36.689232
v 52.769341 -0.000000 -33.346169
v 56.227287 -0.000000 -36.718956
v 52.744541 -0.000000 -33.148270
v 56.425743 -0.000000 -36.738815
v 52.729637 -0.000000 -32.949383
v 56.624943 -0.000000 -36.748756
v 56.824387 -0.000000 -36.748756
v 51.624100 -0.000000 -31.546829
v 52.724663 -0.000000 -32.750000
v 52.729637 -0.000000 -32.550617
v 57.023582 -0.000000 -36.738815
v 52.744541 -0.000000 -32.351730
v 57.222038 -0.000000 -36.718956
v 52.769341 -0.000000 -32.153831
v 57.419258 -0.000000 -36.689232
v 52.803974 -0.000000 -31.957415
v 57.614746 -0.000000 -36.649712
v 52.848354 -0.000000 -31.762970
v 57.808025 -0.000000 -36.600498
v 52.902374 -0.000000 -31.570980
v 57.998611 -0.000000 -36.541710
v 52.965893 -0.000000 -31.381920
v 58.186028 -0.000000 -36.473495
v 53.038757 -0.000000 -31.196260
v 58.369812 -0.000000 -36.396023
v 53.120789 -0.000000 -31.014465
v -30.250000 0.000000 52.394535
v 58.549507 -0.000000 -36.309486
v 53.211777 -0.000000 -30.836985
v 58.724663 -0.000000 -36.214100
v 58.894848 -0.000000 -36.110104
v 59.059639 -0.000000 -35.997753
v 59.218624 -0.000000 -35.877327
v 59.371407 -0.000000 -35.749126
v 59.517612 -0.000000 -35.613468
v 59.656872 -0.000000 -35.470692
v 53.132404 -0.000000 -28.934366
v 53.931717 -0.000000 -29.886532
v 53.792458 -0.000000 -30.029308
v 53.660484 -0.000000 -30.178850
v 53.536133 -0.000000 -30.334782
v 53.419708 -0.000000 -30.496719
v 53.311501 -0.000000 -30.664259
v 54.077919 -0.000000 -29.750875
v 54.230705 -0.000000 -29.622675
v 54.389690 -0.000000 -29.502249
v 54.554478 -0.000000 -29.389896
v 54.724663 -0.000000 -29.285898
v 54.899822 -0.000000 -29.190514
v -27.600744 0.000000 53.837246
v 54.508617 -0.000000 -26.249966
v 56.824387 -0.000000 -28.751244
v 56.624943 -0.000000 -28.751244
v 56.425743 -0.000000 -28.761185
v 56.227287 -0.000000 -28.781044
v 56.030071 -0.000000 -28.810768
v 55.834579 -0.000000 -28.850288
v 55.641300 -0.000000 -28.899504
v 55.450718 -0.000000 -28.958290
v 55.263298 -0.000000 -29.026505
v 55.079517 -0.000000 -29.103977
v 57.023582 -0.000000 -28.761185
v 55.749310 -0.000000 -23.500305
v 58.724663 -0.000000 -29.285898
v 58.549507 -0.000000 -29.190514
v 58.369812 -0.000000 -29.103977
v 58.186028 -0.000000 -29.026505
v 57.998611 -0.000000 -28.958290
v 57.808025 -0.000000 -28.899504
v 57.614746 -0.000000 -28.850288
v 57.419258 -0.000000 -28.810768
v 57.222038 -0.000000 -28.781044
v 56.851402 -0.000000 -20.692219
v 59.656872 -0.000000 -30.029308
v 59.517612 -0.000000 -29.886532
v 59.371407 -0.000000 -29.750875
v 59.218624 -0.000000 -29.622675
v 59.059639 -0.000000 -29.502249
v 58.894848 -0.000000 -29.389896
v -24.882870 0.000000 55.146103
v 57.812153 -0.000000 -17.832687
v 60.137829 -0.000000 -30.664259
v 60.029617 -0.000000 -30.496719
v 59.913193 -0.000000 -30.334782
v 59.788841 -0.000000 -30.178850
v -22.103132 0.000000 56.317863
v 58.629177 -0.000000 -14.928823
v 60.237549 -0.000000 -30.836985
v -19.268442 0.000000 57.349606
v -16.385849 0.000000 58.238766
v -13.462517 0.000000 58.983139
v -2.932208 0.000000 62.779308
v -2.792947 0.000000 62.636532
v -4.521171 0.000000 60.330830
v -2.646743 0.000000 62.500874
v -3.064178 0.000000 62.928848
v -2.493959 0.000000 62.372673
v -3.188530 0.000000 63.084782
v -2.334975 0.000000 62.252247
v -3.304955 0.000000 63.246719
v -2.170185 0.000000 62.139896
v -1.508307 0.000000 60.481197
v -3.413163 0.000000 63.414261
v -2.000000 0.000000 62.035900
v -3.512886 0.000000 63.586983
v -1.824843 0.000000 61.940514
v -3.603875 0.000000 63.764465
v -7.522794 0.000000 60.030472
v -1.645148 0.000000 61.853977
v -3.685905 0.000000 63.946262
v -1.461364 0.000000 61.776505
v -10.505714 0.000000 59.580868
v -3.758770 0.000000 64.131920
v -1.273947 0.000000 61.708290
v -3.822291 0.000000 64.320976
v -1.083362 0.000000 61.649502
v -3.876309 0.000000 64.512970
v -0.890084 0.000000 61.600288
v -3.920690 0.000000 64.707413
v -0.694593 0.000000 61.560768
v -3.955323 0.000000 64.903831
v -0.497375 0.000000 61.531044
v -3.980123 0.000000 65.101730
v -0.298920 0.000000 61.511185
v -3.995028 0.000000 65.300613
v -0.099723 0.000000 61.501244
v -4.000000 0.000000 65.500000
v -3.995028 0.000000 65.699387
v -3.980123 0.000000 65.898270
v 1.508307 0.000000 60.481197
v 0.099723 0.000000 61.501244
v 0.298920 0.000000 61.511185
v 0.497375 0.000000 61.531044
v -3.955323 0.000000 66.096169
v 0.694593 0.000000 61.560768
v -3.920690 0.000000 66.292587
v 0.890084 0.000000 61.600288
v 1.083362 0.000000 61.649502
v 1.273947 0.000000 61.708290
v 1.461364 0.000000 61.776505
v 1.645148 0.000000 61.853977
v 1.824843 0.000000 61.940514
v 2.000000 0.000000 62.035900
v 2.170185 0.000000 62.139896
v -3.413163 0.000000 67.585739
v -3.512886 0.000000 67.413017
v -3.603875 0.000000 67.235535
v -3.685905 0.000000 67.053741
v -3.758770 0.000000 66.868080
v -3.822291 0.000000 66.679024
v -3.876309 0.000000 66.487030
v 4.521171 0.000000 60.330830
v 2.334975 0.000000 62.252247
v 2.493959 0.000000 62.372673
v 2.646743 0.000000 62.500874
v 2.792947 0.000000 62.636532
v 2.932208 0.000000 62.779308
v 3.064178 0.000000 62.928848
v 3.188530 0.000000 63.084782
v 3.304955 0.000000 63.246719
v 3.413163 0.000000 63.414261
v 3.512886 0.000000 63.586983
v 3.603875 0.000000 63.764465
v 7.522794 0.000000 60.030472
v 3.685905 0.000000 63.946262
v 3.758770 0.000000 64.131920
v 3.822291 0.000000 64.320976
v 3.876309 0.000000 64.512970
v -2.932208 0.000000 68.220688
v -3.064178 0.000000 68.071152
v -3.188530 0.000000 67.915215
v -3.304955 0.000000 67.753281
v -2.000000 0.000000 68.964104
v -2.170185 0.000000 68.860107
v -2.334975 0.000000 68.747749
v -2.493959 0.000000 68.627327
v -2.646743 0.000000 68.499123
v -2.792947 0.000000 68.363464
v 3.920690 0.000000 64.707413
v 3.955323 0.000000 64.903831
v 3.980123 0.000000 65.101730
v 3.995028 0.000000 65.300613
v 4.000000 0.000000 65.500000
v 10.505714 0.000000 59.580868
v 3.995028 0.000000 65.699387
v 3.980123 0.000000 65.898270
v -0.099723 0.000000 69.498756
v -0.298920 0.000000 69.488815
v -0.497375 0.000000 69.468956
v -0.694593 0.000000 69.439232
v -0.890084 0.000000 69.399712
v -1.083362 0.000000 69.350494
v -1.273947 0.000000 69.291710
v -1.461364 0.000000 69.223495
v -1.645148 0.000000 69.146027
v -1.824843 0.000000 69.059486
v 2.000000 0.000000 68.964104
v 1.824843 0.000000 69.059486
v 1.645148 0.000000 69.146027
v 1.461364 0.000000 69.223495
v 1.273947 0.000000 69.291710
v 1.083362 0.000000 69.350494
v 0.890084 0.000000 69.399712
v 0.694593 0.000000 69.439232
v 0.497375 0.000000 69.468956
v 0.298920 0.000000 69.488815
v 0.099723 0.000000 69.498756
v 3.304955 0.000000 67.753281
v 3.188530 0.000000 67.915215
v 3.064178 0.000000 68.071152
v 2.932208 0.000000 68.220688
v 2.792947 0.000000 68.363464
v 2.646743 0.000000 68.499123
v 2.493959 0.000000 68.627327
v 2.334975 0.000000 68.747749
v 2.170185 0.000000 68.860107
v 3.920690 0.000000 66.292587
v 3.876309 0.000000 66.487030
v 3.822291 0.000000 66.679024
v 3.758770 0.000000 66.868080
v 3.685905 0.000000 67.053741
v 3.603875 0.000000 67.235535
v 3.512886 0.000000 67.413017
v 3.413163 0.000000 67.585739
v 53.792458 0.000000 30.029308
v 53.931717 0.000000 29.886532
v 53.132404 0.000000 28.934366
v 54.077919 0.000000 29.750875
v 53.660484 0.000000 30.178850
v 54.230705 0.000000 29.622675
v 53.536133 0.000000 30.334782
v 54.389690 0.000000 29.502249
v 53.419708 0.000000 30.496719
v 54.554478 0.000000 29.389896
v 53.311501 0.000000 30.664259
v 51.624100 0.000000 31.546829
v 54.724663 0.000000 29.285898
v 53.211777 0.000000 30.836985
v 54.899822 0.000000 29.190514
v 54.508617 0.000000 26.249966
v 53.120789 0.000000 31.014465
v 55.079517 0.000000 29.103977
v 53.038757 0.000000 31.196260
v 55.263298 0.000000 29.026505
v 52.965893 0.000000 31.381920
v 55.450718 0.000000 28.958290
v 52.902374 0.000000 31.570980
v 55.641300 0.000000 28.899504
v 52.848354 0.000000 31.762970
v 55.834579 0.000000 28.850288
v 52.803974 0.000000 31.957415
v 56.030071 0.000000 28.810768
v 52.769341 0.000000 32.153831
v 56.227287 0.000000 28.781044
v 52.744541 0.000000 32.351730
v 56.425743 0.000000 28.761185
v 52.729637 0.000000 32.550617
v 56.624943 0.000000 28.751244
v 52.724663 0.000000 32.750000
v 56.824387 0.000000 28.751244
v 52.729637 0.000000 32.949383
v 49.987446 0.000000 34.080864
v 57.023582 0.000000 28.761185
v 55.749310 0.000000 23.500305
v 52.744541 0.000000 33.148270
v 57.222038 0.000000 28.781044
v 52.769341 0.000000 33.346169
v 3.955323 0.000000 66.096169
v 57.419258 0.000000 28.810768
v 52.803974 0.000000 33.542583
v 57.614746 0.000000 28.850288
v 52.848354 0.000000 33.737030
v 57.808025 0.000000 28.899504
v 52.902374 0.000000 33.929020
v 57.998611 0.000000 28.958290
v 52.965893 0.000000 34.118080
v 58.186028 0.000000 29.026505
v 53.038757 0.000000 34.303738
v 58.369812 0.000000 29.103977
v 53.120789 0.000000 34.485535
v 58.549507 0.000000 29.190514
v 53.211777 0.000000 34.663017
v 58.724663 0.000000 29.285898
v 56.851402 0.000000 20.692219
v 53.311501 0.000000 34.835739
v 60.500000 0.000000 0.000000
v 60.424793 0.000000 3.015676
v 60.199364 0.000000 6.023855
v 59.824265 0.000000 9.017057
v 59.300434 0.000000 11.987842
v 58.629177 0.000000 14.928823
v 58.894848 0.000000 29.389896
v 53.419708 0.000000 35.003281
v 48.226517 0.000000 36.530167
v 59.059639 0.000000 29.502249
v 53.536133 0.000000 35.165218
v 53.660484 0.000000 35.321152
v 13.462517 0.000000 58.983139
v 53.792458 0.000000 35.470692
v 60.724663 -0.000000 -32.750000
v 60.719692 -0.000000 -32.550617
v 60.704788 -0.000000 -32.351730
v 60.679989 -0.000000 -32.153831
v 60.645355 -0.000000 -31.957415
v 60.029617 -0.000000 -35.003281
v 60.137829 -0.000000 -34.835739
v 60.237549 -0.000000 -34.663017
v 60.328541 -0.000000 -34.485535
v 60.410568 -0.000000 -34.303738
v 60.483433 -0.000000 -34.118080
v 60.546955 -0.000000 -33.929020
v 60.600971 -0.000000 -33.737030
v 60.645355 -0.000000 -33.542583
v 60.679989 -0.000000 -33.346169
v 60.704788 -0.000000 -33.148270
v 60.719692 -0.000000 -32.949383
v 53.931717 0.000000 35.613468
v 54.077919 0.000000 35.749126
v 54.230705 0.000000 35.877327
v 97.593071 -0.000000 -7.337635
v 60.546955 -0.000000 -31.570980
v 60.483433 -0.000000 -31.381920
v 60.410568 -0.000000 -31.196260
v 97.236221 -0.000000 -6.971771
v 60.328541 -0.000000 -31.014465
v 97.967720 -0.000000 -7.685257
v 60.600971 -0.000000 -31.762970
v 96.898041 -0.000000 -6.588573
v 98.359230 -0.000000 -8.013773
v 54.389690 0.000000 35.997753
v 96.579391 -0.000000 -6.188995
v 98.766624 -0.000000 -8.322365
v 96.281052 -0.000000 -5.774031
v 59.300434 -0.000000 -11.987842
v 99.188904 -0.000000 -8.610266
v 96.003769 -0.000000 -5.344711
v 54.554478 0.000000 36.110104
v 99.625000 -0.000000 -8.876760
v 95.748230 -0.000000 -4.902103
v 59.824265 -0.000000 -9.017057
v 57.812153 0.000000 17.832687
v 54.724663 0.000000 36.214100
v 46.345688 0.000000 38.888649
v 100.073837 -0.000000 -9.121186
v 95.515068 -0.000000 -4.447309
v 100.534309 -0.000000 -9.342935
v 54.899822 0.000000 36.309486
v 95.304871 -0.000000 -3.981457
v 101.005257 -0.000000 -9.541456
v 55.079517 0.000000 36.396023
v 95.118149 -0.000000 -3.505707
v 60.199364 -0.000000 -6.023855
v 16.385849 0.000000 58.238766
v 101.485512 -0.000000 -9.716255
v 94.955376 -0.000000 -3.021240
v 101.973885 -0.000000 -9.866899
v 94.816956 -0.000000 -2.529263
v 102.469162 -0.000000 -9.993011
v 94.703232 -0.000000 -2.030998
v 60.424793 -0.000000 -3.015676
v 102.970108 -0.000000 -10.094279
v 94.614487 -0.000000 -1.527683
v 103.475479 -0.000000 -10.170452
v 94.550934 -0.000000 -1.020570
v 103.984016 -0.000000 -10.221339
v 94.512741 -0.000000 -0.510920
v 19.268442 0.000000 57.349606
v 104.494461 -0.000000 -10.246814
v 94.500000 -0.000000 -0.000000
v 105.005539 -0.000000 -10.246814
v 94.512741 0.000000 0.510920
v 105.515984 -0.000000 -10.221339
v 94.550934 0.000000 1.020570
v 59.218624 0.000000 29.622675
v 59.371407 0.000000 29.750875
v 59.517612 0.000000 29.886532
v 106.024521 -0.000000 -10.170452
v 94.614487 0.000000 1.527683
v 106.529892 -0.000000 -10.094279
v 22.103132 0.000000 56.317863
v 94.703232 0.000000 2.030998
v 107.030838 -0.000000 -9.993011
v 94.816956 0.000000 2.529263
v 107.526115 -0.000000 -9.866899
v 59.656872 0.000000 30.029308
v 59.788841 0.000000 30.178850
v 59.913193 0.000000 30.334782
v 60.029617 0.000000 30.496719
v 60.137829 0.000000 30.664259
v 60.237549 0.000000 30.836985
v 60.328541 0.000000 31.014465
v 60.410568 0.000000 31.196260
v 94.955376 0.000000 3.021240
v 108.014488 -0.000000 -9.716255
v 24.882870 0.000000 55.146103
v 95.118149 0.000000 3.505707
v 108.494743 -0.000000 -9.541456
v 95.304871 0.000000 3.981457
v 108.965691 -0.000000 -9.342935
v 60.724663 0.000000 32.750000
v 60.719692 0.000000 32.949383
v 60.483433 0.000000 31.381920
v 60.546955 0.000000 31.570980
v 60.600971 0.000000 31.762970
v 60.645355 0.000000 31.957415
v 60.679989 0.000000 32.153831
v 60.704788 0.000000 32.351730
v 60.719692 0.000000 32.550617
v 95.515068 0.000000 4.447309
v 27.600744 0.000000 53.837246
v 109.426163 -0.000000 -9.121186
v 95.748230 0.000000 4.902103
v 109.875000 -0.000000 -8.876760
v 60.704788 0.000000 33.148270
v 60.679989 0.000000 33.346169
v 60.645355 0.000000 33.542583
v 60.600971 0.000000 33.737030
v 60.546955 0.000000 33.929020
v 60.483433 0.000000 34.118080
v 60.410568 0.000000 34.303738
v 60.328541 0.000000 34.485535
v 60.237549 0.000000 34.663017
v 60.137829 0.000000 34.835739
v 60.029617 0.000000 35.003281
v 96.003769 0.000000 5.344711
v 30.250000 0.000000 52.394535
v 110.311096 -0.000000 -8.610266
v 96.281052 0.000000 5.774031
v 110.733376 -0.000000 -8.322365
v 59.913193 0.000000 35.165218
v 59.788841 0.000000 35.321152
v 59.656872 0.000000 35.470692
v 59.517612 0.000000 35.613468
v 59.371407 0.000000 35.749126
v 59.218624 0.000000 35.877327
v 59.059639 0.000000 35.997753
v 58.894848 0.000000 36.110104
v 58.724663 0.000000 36.214100
v 58.549507 0.000000 36.309486
v 96.579391 0.000000 6.188995
v 32.824047 0.000000 50.821568
v 111.140770 -0.000000 -8.013773
v 96.898041 0.000000 6.588573
v 58.369812 0.000000 36.396023
v 58.186028 0.000000 36.473495
v 57.998611 0.000000 36.541710
v 57.808025 0.000000 36.600498
v 57.614746 0.000000 36.649712
v 57.419258 0.000000 36.689232
v 57.222038 0.000000 36.718956
v 57.023582 0.000000 36.738815
v 56.824387 0.000000 36.748756
v 111.532280 -0.000000 -7.685257
v 35.316494 0.000000 49.122250
v 97.236221 0.000000 6.971771
v 56.624943 0.000000 36.748756
v 56.425743 0.000000 36.738815
v 56.227287 0.000000 36.718956
v 56.030071 0.000000 36.689232
v 55.834579 0.000000 36.649712
v 55.641300 0.000000 36.600498
v 55.450718 0.000000 36.541710
v 55.263298 0.000000 36.473495
v 111.906929 -0.000000 -7.337635
v 37.721134 0.000000 47.300804
v 97.593071 0.000000 7.337635
v 44.349640 0.000000 41.150452
v 40.031994 0.000000 45.361763
v 112.263779 -0.000000 -6.971771
v 42.243328 0.000000 43.309944
v 97.967720 0.000000 7.685257
v 112.601959 -0.000000 -6.588573
v 98.359230 0.000000 8.013773
v 112.920609 -0.000000 -6.188995
v 113.218948 -0.000000 -5.774031
v 113.496231 -0.000000 -5.344711
v 113.751770 -0.000000 -4.902103
v 113.984932 -0.000000 -4.447309
v 114.195129 -0.000000 -3.981457
v 114.381851 -0.000000 -3.505707
v 114.544624 -0.000000 -3.021240
v 114.683044 -0.000000 -2.529263
v 114.796768 -0.000000 -2.030998
v 114.885513 -0.000000 -1.527683
v 114.949066 -0.000000 -1.020570
v 114.987259 -0.000000 -0.510920
v 115.000000 0.000000 -0.000000
v 105.005539 0.000000 10.246814
v 104.494461 0.000000 10.246814
v 103.984016 0.000000 10.221339
v 103.475479 0.000000 10.170452
v 102.970108 0.000000 10.094279
v 102.469162 0.000000 9.993011
v 101.973885 0.000000 9.866899
v 101.485512 0.000000 9.716255
v 101.005257 0.000000 9.541456
v 100.534309 0.000000 9.342935
v 100.073837 0.000000 9.121186
v 99.625000 0.000000 8.876760
v 99.188904 0.000000 8.610266
v 98.766624 0.000000 8.322365
v 114.987259 0.000000 0.510920
v 105.515984 0.000000 10.221339
v 114.949066 0.000000 1.020570
v 106.024521 0.000000 10.170452
v 114.885513 0.000000 1.527683
v 106.529892 0.000000 10.094279
v 114.796768 0.000000 2.030998
v 107.030838 0.000000 9.993011
v 114.683044 0.000000 2.529263
v 107.526115 0.000000 9.866899
v 114.544624 0.000000 3.021240
v 108.014488 0.000000 9.716255
v 114.381851 0.000000 3.505707
v 108.494743 0.000000 9.541456
v 114.195129 0.000000 3.981457
v 108.965691 0.000000 9.342935
v 113.984932 0.000000 4.447309
v 109.426163 0.000000 9.121186
v 113.751770 0.000000 4.902103
v 109.875000 0.000000 8.876760
v 113.496231 0.000000 5.344711
v 110.311096 0.000000 8.610266
v 113.218948 0.000000 5.774031
v 110.733376 0.000000 8.322365
v 112.920609 0.000000 6.188995
v 111.140770 0.000000 8.013773
v 112.601959 0.000000 6.588573
v 111.532280 0.000000 7.685257
v 112.263779 0.000000 6.971771
v 111.906929 0.000000 7.337635
v 59.788841 -0.000000 -35.321152
v 59.913193 -0.000000 -35.165218
v 60.500000 -2.000000 0.000000
v 60.424793 -2.000000 3.015676
v 60.199364 -2.000000 6.023855
v 59.824265 -2.000000 9.017057
v 59.300434 -2.000000 11.987842
v 58.629177 -2.000000 14.928823
v 57.812153 -2.000000 17.832687
v 56.851402 -2.000000 20.692219
v 55.749310 -2.000000 23.500305
v 54.508617 -2.000000 26.249966
v 53.132404 -2.000000 28.934366
v 51.624100 -2.000000 31.546829
v 49.987446 -2.000000 34.080864
v 48.226517 -2.000000 36.530167
v 46.345688 -2.000000 38.888649
v 44.349640 -2.000000 41.150452
v 42.243328 -2.000000 43.309944
v 40.031994 -2.000000 45.361763
v 37.721134 -2.000000 47.300804
v 35.316494 -2.000000 49.122250
v 32.824047 -2.000000 50.821568
v 30.250000 -2.000000 52.394535
v 27.600744 -2.000000 53.837246
v 24.882870 -2.000000 55.146103
v 22.103132 -2.000000 56.317863
v 19.268442 -2.000000 57.349606
v 16.385849 -2.000000 58.238766
v 13.462517 -2.000000 58.983139
v 10.505714 -2.000000 59.580868
v 7.522794 -2.000000 60.030472
v 4.521171 -2.000000 60.330830
v 1.508307 -2.000000 60.481197
v -1.508307 -2.000000 60.481197
v -4.521171 -2.000000 60.330830
v -7.522794 -2.000000 60.030472
v -10.505714 -2.000000 59.580868
v -13.462517 -2.000000 58.983139
v -16.385849 -2.000000 58.238766
v -19.268442 -2.000000 57.349606
v -22.103132 -2.000000 56.317863
v -24.882870 -2.000000 55.146103
v -27.600744 -2.000000 53.837246
v -30.250000 -2.000000 52.394535
v -32.824047 -2.000000 50.821568
v -35.316494 -2.000000 49.122250
v -37.721134 -2.000000 47.300804
v -40.031994 -2.000000 45.361763
v -42.243328 -2.000000 43.309944
v -44.349640 -2.000000 41.150452
v -46.345688 -2.000000 38.888649
v -48.226517 -2.000000 36.530167
v -49.987446 -2.000000 34.080864
v -51.624100 -2.000000 31.546829
v -53.132404 -2.000000 28.934366
v -54.508617 -2.000000 26.249966
v -55.749310 -2.000000 23.500305
v -56.851402 -2.000000 20.692219
v -57.812153 -2.000000 17.832687
v -58.629177 -2.000000 14.928823
v -59.300434 -2.000000 11.987842
v -59.824265 -2.000000 9.017057
v -60.199364 -2.000000 6.023855
v -60.424793 -2.000000 3.015676
v -60.500000 -2.000000 -0.000000
v -60.424793 -2.000000 -3.015676
v -60.199364 -2.000000 -6.023855
v -59.824265 -2.000000 -9.017057
v -59.300434 -2.000000 -11.987842
v -58.629177 -2.000000 -14.928823
v -57.812153 -2.000000 -17.832687
v -56.851402 -2.000000 -20.692219
v -55.749310 -2.000000 -23.500305
v -54.508617 -2.000000 -26.249966
v -53.132404 -2.000000 -28.934366
v -51.624100 -2.000000 -31.546829
v -49.987446 -2.000000 -34.080864
v -48.226517 -2.000000 -36.530167
v -46.345688 -2.000000 -38.888649
v -44.349640 -2.000000 -41.150452
v -42.243328 -2.000000 -43.309944
v -40.031994 -2.000000 -45.361763
v -37.721134 -2.000000 -47.300804
v -35.316494 -2.000000 -49.122250
v -32.824047 -2.000000 -50.821568
v -30.250000 -2.000000 -52.394535
v -27.600744 -2.000000 -53.837246
v -24.882870 -2.000000 -55.146103
v -22.103132 -2.000000 -56.317863
v -19.268442 -2.000000 -57.349606
v -16.385849 -2.000000 -58.238766
v -13.462517 -2.000000 -58.983139
v -10.505714 -2.000000 -59.580868
v -7.522794 -2.000000 -60.030472
v -4.521171 -2.000000 -60.330830
v -1.508307 -2.000000 -60.481197
v 1.508307 -2.000000 -60.481197
v 4.521171 -2.000000 -60.330830
v 7.522794 -2.000000 -60.030472
v 10.505714 -2.000000 -59.580868
v 13.462517 -2.000000 -58.983139
v 16.385849 -2.000000 -58.238766
v 19.268442 -2.000000 -57.349606
v 22.103132 -2.000000 -56.317863
v 24.882870 -2.000000 -55.146103
v 27.600744 -2.000000 -53.837246
v 30.250000 -2.000000 -52.394535
v 32.824047 -2.000000 -50.821568
v 35.316494 -2.000000 -49.122250
v 37.721134 -2.000000 -47.300804
v 40.031994 -2.000000 -45.361763
v 42.243328 -2.000000 -43.309944
v 44.349640 -2.000000 -41.150452
v 46.345688 -2.000000 -38.888649
v 48.226517 -2.000000 -36.530167
v 49.987446 -2.000000 -34.080864
v 51.624100 -2.000000 -31.546829
v 53.132404 -2.000000 -28.934366
v 54.508617 -2.000000 -26.249966
v 55.749310 -2.000000 -23.500305
v 56.851402 -2.000000 -20.692219
v 57.812153 -2.000000 -17.832687
v 58.629177 -2.000000 -14.928823
v 59.300434 -2.000000 -11.987842
v 59.824265 -2.000000 -9.017057
v 60.199364 -2.000000 -6.023855
v 60.424793 -2.000000 -3.015676
v 115.000000 -2.000000 -0.000000
v 114.987259 -2.000000 0.510920
v 114.949066 -2.000000 1.020570
v 114.885513 -2.000000 1.527683
v 114.796768 -2.000000 2.030998
v 114.683044 -2.000000 2.529263
v 114.544624 -2.000000 3.021240
v 114.381851 -2.000000 3.505707
v 114.195129 -2.000000 3.981457
v 113.984932 -2.000000 4.447309
v 113.751770 -2.000000 4.902103
v 113.496231 -2.000000 5.344711
v 113.218948 -2.000000 5.774031
v 112.920609 -2.000000 6.188995
v 112.601959 -2.000000 6.588573
v 112.263779 -2.000000 6.971771
v 111.906929 -2.000000 7.337635
v 111.532280 -2.000000 7.685257
v 111.140770 -2.000000 8.013773
v 110.733376 -2.000000 8.322365
v 110.311096 -2.000000 8.610266
v 109.875000 -2.000000 8.876760
v 109.426163 -2.000000 9.121186
v 108.965691 -2.000000 9.342935
v 108.494743 -2.000000 9.541456
v 108.014488 -2.000000 9.716255
v 107.526115 -2.000000 9.866899
v 107.030838 -2.000000 9.993011
v 106.529892 -2.000000 10.094279
v 106.024521 -2.000000 10.170452
v 105.515984 -2.000000 10.221339
v 105.005539 -2.000000 10.246814
v 104.494461 -2.000000 10.246814
v 103.984016 -2.000000 10.221339
v 103.475479 -2.000000 10.170452
v 102.970108 -2.000000 10.094279
v 102.469162 -2.000000 9.993011
v 101.973885 -2.000000 9.866899
v 101.485512 -2.000000 9.716255
v 101.005257 -2.000000 9.541456
v 100.534309 -2.000000 9.342935
v 100.073837 -2.000000 9.121186
v 99.625000 -2.000000 8.876760
v 99.188904 -2.000000 8.610266
v 98.766624 -2.000000 8.322365
v 98.359230 -2.000000 8.013773
v 97.967720 -2.000000 7.685257
v 97.593071 -2.000000 7.337635
v 97.236221 -2.000000 6.971771
v 96.898041 -2.000000 6.588573
v 96.579391 -2.000000 6.188995
v 96.281052 -2.000000 5.774031
v 96.003769 -2.000000 5.344711
v 95.748230 -2.000000 4.902103
v 95.515068 -2.000000 4.447309
v 95.304871 -2.000000 3.981457
v 95.118149 -2.000000 3.505707
v 94.955376 -2.000000 3.021240
v 94.816956 -2.000000 2.529263
v 94.703232 -2.000000 2.030998
v 94.614487 -2.000000 1.527683
v 94.550934 -2.000000 1.020570
v 94.512741 -2.000000 0.510920
v 94.500000 -2.000000 -0.000000
v 94.512741 -2.000000 -0.510920
v 94.550934 -2.000000 -1.020570
v 94.614487 -2.000000 -1.527683
v 94.703232 -2.000000 -2.030998
v 94.816956 -2.000000 -2.529263
v 94.955376 -2.000000 -3.021240
v 95.118149 -2.000000 -3.505707
v 95.304871 -2.000000 -3.981457
v 95.515068 -2.000000 -4.447309
v 95.748230 -2.000000 -4.902103
v 96.003769 -2.000000 -5.344711
v 96.281052 -2.000000 -5.774031
v 96.579391 -2.000000 -6.188995
v 96.898041 -2.000000 -6.588573
v 97.236221 -2.000000 -6.971771
v 97.593071 -2.000000 -7.337635
v 97.967720 -2.000000 -7.685257
v 98.359230 -2.000000 -8.013773
v 98.766624 -2.000000 -8.322365
v 99.188904 -2.000000 -8.610266
v 99.625000 -2.000000 -8.876760
v 100.073837 -2.000000 -9.121186
v 100.534309 -2.000000 -9.342935
v 101.005257 -2.000000 -9.541456
v 101.485512 -2.000000 -9.716255
v 101.973885 -2.000000 -9.866899
v 102.469162 -2.000000 -9.993011
v 102.970108 -2.000000 -10.094279
v 103.475479 -2.000000 -10.170452
v 103.984016 -2.000000 -10.221339
v 104.494461 -2.000000 -10.246814
v 105.005539 -2.000000 -10.246814
v 105.515984 -2.000000 -10.221339
v 106.024521 -2.000000 -10.170452
v 106.529892 -2.000000 -10.094279
v 107.030838 -2.000000 -9.993011
v 107.526115 -2.000000 -9.866899
v 108.014488 -2.000000 -9.716255
v 108.494743 -2.000000 -9.541456
v 108.965691 -2.000000 -9.342935
v 109.426163 -2.000000 -9.121186
v 109.875000 -2.000000 -8.876760
v 110.311096 -2.000000 -8.610266
v 110.733376 -2.000000 -8.322365
v 111.140770 -2.000000 -8.013773
v 111.532280 -2.000000 -7.685257
v 111.906929 -2.000000 -7.337635
v 112.263779 -2.000000 -6.971771
v 112.601959 -2.000000 -6.588573
v 112.920609 -2.000000 -6.188995
v 113.218948 -2.000000 -5.774031
v 113.496231 -2.000000 -5.344711
v 113.751770 -2.000000 -4.902103
v 113.984932 -2.000000 -4.447309
v 114.195129 -2.000000 -3.981457
v 114.381851 -2.000000 -3.505707
v 114.544624 -2.000000 -3.021240
v 114.683044 -2.000000 -2.529263
v 114.796768 -2.000000 -2.030998
v 114.885513 -2.000000 -1.527683
v 114.949066 -2.000000 -1.020570
v 114.987259 -2.000000 -0.510920
v 60.724663 -2.000000 32.750000
v 60.719692 -2.000000 32.949383
v 60.704788 -2.000000 33.148270
v 60.679989 -2.000000 33.346169
v 60.645355 -2.000000 33.542583
v 60.600971 -2.000000 33.737030
v 60.546955 -2.000000 33.929020
v 60.483433 -2.000000 34.118080
v 60.410568 -2.000000 34.303738
v 60.328541 -2.000000 34.485535
v 60.237549 -2.000000 34.663017
v 60.137829 -2.000000 34.835739
v 60.029617 -2.000000 35.003281
v 59.913193 -2.000000 35.165218
v 59.788841 -2.000000 35.321152
v 59.656872 -2.000000 35.470692
v 59.517612 -2.000000 35.613468
v 59.371407 -2.000000 35.749126
v 59.218624 -2.000000 35.877327
v 59.059639 -2.000000 35.997753
v 58.894848 -2.000000 36.110104
v 58.724663 -2.000000 36.214100
v 58.549507 -2.000000 36.309486
v 58.369812 -2.000000 36.396023
v 58.186028 -2.000000 36.473495
v 57.998611 -2.000000 36.541710
v 57.808025 -2.000000 36.600498
v 57.614746 -2.000000 36.649712
v 57.419258 -2.000000 36.689232
v 57.222038 -2.000000 36.718956
v 57.023582 -2.000000 36.738815
v 56.824387 -2.000000 36.748756
v 56.624943 -2.000000 36.748756
v 56.425743 -2.000000 36.738815
v 56.227287 -2.000000 36.718956
v 56.030071 -2.000000 36.689232
v 55.834579 -2.000000 36.649712
v 55.641300 -2.000000 36.600498
v 55.450718 -2.000000 36.541710
v 55.263298 -2.000000 36.473495
v 55.079517 -2.000000 36.396023
v 54.899822 -2.000000 36.309486
v 54.724663 -2.000000 36.214100
v 54.554478 -2.000000 36.110104
v 54.389690 -2.000000 35.997753
v 54.230705 -2.000000 35.877327
v 54.077919 -2.000000 35.749126
v 53.931717 -2.000000 35.613468
v 53.792458 -2.000000 35.470692
v 53.660484 -2.000000 35.321152
v 53.536133 -2.000000 35.165218
v 53.419708 -2.000000 35.003281
v 53.311501 -2.000000 34.835739
v 53.211777 -2.000000 34.663017
v 53.120789 -2.000000 34.485535
v 53.038757 -2.000000 34.303738
v 52.965893 -2.000000 34.118080
v 52.902374 -2.000000 33.929020
v 52.848354 -2.000000 33.737030
v 52.803974 -2.000000 33.542583
v 52.769341 -2.000000 33.346169
v 52.744541 -2.000000 33.148270
v 52.729637 -2.000000 32.949383
v 52.724663 -2.000000 32.750000
v 52.729637 -2.000000 32.550617
v 52.744541 -2.000000 32.351730
v 52.769341 -2.000000 32.153831
v 52.803974 -2.000000 31.957415
v 52.848354 -2.000000 31.762970
v 52.902374 -2.000000 31.570980
v 52.965893 -2.000000 31.381920
v 53.038757 -2.000000 31.196260
v 53.120789 -2.000000 31.014465
v 53.211777 -2.000000 30.836985
v 53.311501 -2.000000 30.664259
v 53.419708 -2.000000 30.496719
v 53.536133 -2.000000 30.334782
v 53.660484 -2.000000 30.178850
v 53.792458 -2.000000 30.029308
v 53.931717 -2.000000 29.886532
v 54.077919 -2.000000 29.750875
v 54.230705 -2.000000 29.622675
v 54.389690 -2.000000 29.502249
v 54.554478 -2.000000 29.389896
v 54.724663 -2.000000 29.285898
v 54.899822 -2.000000 29.190514
v 55.079517 -2.000000 29.103977
v 55.263298 -2.000000 29.026505
v 55.450718 -2.000000 28.958290
v 55.641300 -2.000000 28.899504
v 55.834579 -2.000000 28.850288
v 56.030071 -2.000000 28.810768
v 56.227287 -2.000000 28.781044
v 56.425743 -2.000000 28.761185
v 56.624943 -2.000000 28.751244
v 56.824387 -2.000000 28.751244
v 57.023582 -2.000000 28.761185
v 57.222038 -2.000000 28.781044
v 57.419258 -2.000000 28.810768
v 57.614746 -2.000000 28.850288
v 57.808025 -2.000000 28.899504
v 57.998611 -2.000000 28.958290
v 58.186028 -2.000000 29.026505
v 58.369812 -2.000000 29.103977
v 58.549507 -2.000000 29.190514
v 58.724663 -2.000000 29.285898
v 58.894848 -2.000000 29.389896
v 59.059639 -2.000000 29.502249
v 59.218624 -2.000000 29.622675
v 59.371407 -2.000000 29.750875
v 59.517612 -2.000000 29.886532
v 59.656872 -2.000000 30.029308
v 59.788841 -2.000000 30.178850
v 59.913193 -2.000000 30.334782
v 60.029617 -2.000000 30.496719
v 60.137829 -2.000000 30.664259
v 60.237549 -2.000000 30.836985
v 60.328541 -2.000000 31.014465
v 60.410568 -2.000000 31.196260
v 60.483433 -2.000000 31.381920
v 60.546955 -2.000000 31.570980
v 60.600971 -2.000000 31.762970
v 60.645355 -2.000000 31.957415
v 60.679989 -2.000000 32.153831
v 60.704788 -2.000000 32.351730
v 60.719692 -2.000000 32.550617
v -52.724663 -2.000000 32.750000
v -52.729637 -2.000000 32.949383
v -52.744541 -2.000000 33.148270
v -52.769341 -2.000000 33.346169
v -52.803974 -2.000000 33.542583
v -52.848354 -2.000000 33.737030
v -52.902374 -2.000000 33.929020
v -52.965893 -2.000000 34.118080
v -53.038757 -2.000000 34.303738
v -53.120789 -2.000000 34.485535
v -53.211777 -2.000000 34.663017
v -53.311501 -2.000000 34.835739
v -53.419708 -2.000000 35.003281
v -53.536133 -2.000000 35.165218
v -53.660484 -2.000000 35.321152
v -53.792458 -2.000000 35.470692
v -53.931717 -2.000000 35.613468
v -54.077919 -2.000000 35.749126
v -54.230705 -2.000000 35.877327
v -54.389690 -2.000000 35.997753
v -54.554478 -2.000000 36.110104
v -54.724663 -2.000000 36.214100
v -54.899822 -2.000000 36.309486
v -55.079517 -2.000000 36.396023
v -55.263298 -2.000000 36.473495
v -55.450718 -2.000000 36.541710
v -55.641300 -2.000000 36.600498
v -55.834579 -2.000000 36.649712
v -56.030071 -2.000000 36.689232
v -56.227287 -2.000000 36.718956
v -56.425743 -2.000000 36.738815
v -56.624943 -2.000000 36.748756
v -56.824387 -2.000000 36.748756
v -57.023582 -2.000000 36.738815
v -57.222038 -2.000000 36.718956
v -57.419258 -2.000000 36.689232
v -57.614746 -2.000000 36.649712
v -57.808025 -2.000000 36.600498
v -57.998611 -2.000000 36.541710
v -58.186028 -2.000000 36.473495
v -58.369812 -2.000000 36.396023
v -58.549507 -2.000000 36.309486
v -58.724663 -2.000000 36.214100
v -58.894848 -2.000000 36.110104
v -59.059639 -2.000000 35.997753
v -59.218624 -2.000000 35.877327
v -59.371407 -2.000000 35.749126
v -59.517612 -2.000000 35.613468
v -59.656872 -2.000000 35.470692
v -59.788841 -2.000000 35.321152
v -59.913193 -2.000000 35.165218
v -60.029617 -2.000000 35.003281
v -60.137829 -2.000000 34.835739
v -60.237549 -2.000000 34.663017
v -60.328541 -2.000000 34.485535
v -60.410568 -2.000000 34.303738
v -60.483433 -2.000000 34.118080
v -60.546955 -2.000000 33.929020
v -60.600971 -2.000000 33.737030
v -60.645355 -2.000000 33.542583
v -60.679989 -2.000000 33.346169
v -60.704788 -2.000000 33.148270
v -60.719692 -2.000000 32.949383
v -60.724663 -2.000000 32.750000
v -60.719692 -2.000000 32.550617
v -60.704788 -2.000000 32.351730
v -60.679989 -2.000000 32.153831
v -60.645355 -2.000000 31.957415
v -60.600971 -2.000000 31.762970
v -60.546955 -2.000000 31.570980
v -60.483433 -2.000000 31.381920
v -60.410568 -2.000000 31.196260
v -60.328541 -2.000000 31.014465
v -60.237549 -2.000000 30.836985
v -60.137829 -2.000000 30.664259
v -60.029617 -2.000000 30.496719
v -59.913193 -2.000000 30.334782
v -59.788841 -2.000000 30.178850
v -59.656872 -2.000000 30.029308
v -59.517612 -2.000000 29.886532
v -59.371407 -2.000000 29.750875
v -59.218624 -2.000000 29.622675
v -59.059639 -2.000000 29.502249
v -58.894848 -2.000000 29.389896
v -58.724663 -2.000000 29.285898
v -58.549507 -2.000000 29.190514
v -58.369812 -2.000000 29.103977
v -58.186028 -2.000000 29.026505
v -57.998611 -2.000000 28.958290
v -57.808025 -2.000000 28.899504
v -57.614746 -2.000000 28.850288
v -57.419258 -2.000000 28.810768
v -57.222038 -2.000000 28.781044
v -57.023582 -2.000000 28.761185
v -56.824387 -2.000000 28.751244
v -56.624943 -2.000000 28.751244
v -56.425743 -2.000000 28.761185
v -56.227287 -2.000000 28.781044
v -56.030071 -2.000000 28.810768
v -55.834579 -2.000000 28.850288
v -55.641300 -2.000000 28.899504
v -55.450718 -2.000000 28.958290
v -55.263298 -2.000000 29.026505
v -55.079517 -2.000000 29.103977
v -54.899822 -2.000000 29.190514
v -54.724663 -2.000000 29.285898
v -54.554478 -2.000000 29.389896
v -54.389690 -2.000000 29.502249
v -54.230705 -2.000000 29.622675
v -54.077919 -2.000000 29.750875
v -53.931717 -2.000000 29.886532
v -53.792458 -2.000000 30.029308
v -53.660484 -2.000000 30.178850
v -53.536133 -2.000000 30.334782
v -53.419708 -2.000000 30.496719
v -53.311501 -2.000000 30.664259
v -53.211777 -2.000000 30.836985
v -53.120789 -2.000000 31.014465
v -53.038757 -2.000000 31.196260
v -52.965893 -2.000000 31.381920
v -52.902374 -2.000000 31.570980
v -52.848354 -2.000000 31.762970
v -52.803974 -2.000000 31.957415
v -52.769341 -2.000000 32.153831
v -52.744541 -2.000000 32.351730
v -52.729637 -2.000000 32.550617
v 60.724663 -2.000000 -32.750000
v 60.719692 -2.000000 -32.550617
v 60.704788 -2.000000 -32.351730
v 60.679989 -2.000000 -32.153831
v 60.645355 -2.000000 -31.957415
v 60.600971 -2.000000 -31.762970
v 60.546955 -2.000000 -31.570980
v 60.483433 -2.000000 -31.381920
v 60.410568 -2.000000 -31.196260
v 60.328541 -2.000000 -31.014465
v 60.237549 -2.000000 -30.836985
v 60.137829 -2.000000 -30.664259
v 60.029617 -2.000000 -30.496719
v 59.913193 -2.000000 -30.334782
v 59.788841 -2.000000 -30.178850
v 59.656872 -2.000000 -30.029308
v 59.517612 -2.000000 -29.886532
v 59.371407 -2.000000 -29.750875
v 59.218624 -2.000000 -29.622675
v 59.059639 -2.000000 -29.502249
v 58.894848 -2.000000 -29.389896
v 58.724663 -2.000000 -29.285898
v 58.549507 -2.000000 -29.190514
v 58.369812 -2.000000 -29.103977
v 58.186028 -2.000000 -29.026505
v 57.998611 -2.000000 -28.958290
v 57.808025 -2.000000 -28.899504
v 57.614746 -2.000000 -28.850288
v 57.419258 -2.000000 -28.810768
v 57.222038 -2.000000 -28.781044
v 57.023582 -2.000000 -28.761185
v 56.824387 -2.000000 -28.751244
v 56.624943 -2.000000 -28.751244
v 56.425743 -2.000000 -28.761185
v 56.227287 -2.000000 -28.781044
v 56.030071 -2.000000 -28.810768
v 55.834579 -2.000000 -28.850288
v 55.641300 -2.000000 -28.899504
v 55.450718 -2.000000 -28.958290
v 55.263298 -2.000000 -29.026505
v 55.079517 -2.000000 -29.103977
v 54.899822 -2.000000 -29.190514
v 54.724663 -2.000000 -29.285898
v 54.554478 -2.000000 -29.389896
v 54.389690 -2.000000 -29.502249
v 54.230705 -2.000000 -29.622675
v 54.077919 -2.000000 -29.750875
v 53.931717 -2.000000 -29.886532
v 53.792458 -2.000000 -30.029308
v 53.660484 -2.000000 -30.178850
v 53.536133 -2.000000 -30.334782
v 53.419708 -2.000000 -30.496719
v 53.311501 -2.000000 -30.664259
v 53.211777 -2.000000 -30.836985
v 53.120789 -2.000000 -31.014465
v 53.038757 -2.000000 -31.196260
v 52.965893 -2.000000 -31.381920
v 52.902374 -2.000000 -31.570980
v 52.848354 -2.000000 -31.762970
v 52.803974 -2.000000 -31.957415
v 52.769341 -2.000000 -32.153831
v 52.744541 -2.000000 -32.351730
v 52.729637 -2.000000 -32.550617
v 52.724663 -2.000000 -32.750000
v 52.729637 -2.000000 -32.949383
v 52.744541 -2.000000 -33.148270
v 52.769341 -2.000000 -33.346169
v 52.803974 -2.000000 -33.542583
v 52.848354 -2.000000 -33.737030
v 52.902374 -2.000000 -33.929020
v 52.965893 -2.000000 -34.118080
v 53.038757 -2.000000 -34.303738
v 53.120789 -2.000000 -34.485535
v 53.211777 -2.000000 -34.663017
v 53.311501 -2.000000 -34.835739
v 53.419708 -2.000000 -35.003281
v 53.536133 -2.000000 -35.165218
v 53.660484 -2.000000 -35.321152
v 53.792458 -2.000000 -35.470692
v 53.931717 -2.000000 -35.613468
v 54.077919 -2.000000 -35.749126
v 54.230705 -2.000000 -35.877327
v 54.389690 -2.000000 -35.997753
v 54.554478 -2.000000 -36.110104
v 54.724663 -2.000000 -36.214100
v 54.899822 -2.000000 -36.309486
v 55.079517 -2.000000 -36.396023
v 55.263298 -2.000000 -36.473495
v 55.450718 -2.000000 -36.541710
v 55.641300 -2.000000 -36.600498
v 55.834579 -2.000000 -36.649712
v 56.030071 -2.000000 -36.689232
v 56.227287 -2.000000 -36.718956
v 56.425743 -2.000000 -36.738815
v 56.624943 -2.000000 -36.748756
v 56.824387 -2.000000 -36.748756
v 57.023582 -2.000000 -36.738815
v 57.222038 -2.000000 -36.718956
v 57.419258 -2.000000 -36.689232
v 57.614746 -2.000000 -36.649712
v 57.808025 -2.000000 -36.600498
v 57.998611 -2.000000 -36.541710
v 58.186028 -2.000000 -36.473495
v 58.369812 -2.000000 -36.396023
v 58.549507 -2.000000 -36.309486
v 58.724663 -2.000000 -36.214100
v 58.894848 -2.000000 -36.110104
v 59.059639 -2.000000 -35.997753
v 59.218624 -2.000000 -35.877327
v 59.371407 -2.000000 -35.749126
v 59.517612 -2.000000 -35.613468
v 59.656872 -2.000000 -35.470692
v 59.788841 -2.000000 -35.321152
v 59.913193 -2.000000 -35.165218
v 60.029617 -2.000000 -35.003281
v 60.137829 -2.000000 -34.835739
v 60.237549 -2.000000 -34.663017
v 60.328541 -2.000000 -34.485535
v 60.410568 -2.000000 -34.303738
v 60.483433 -2.000000 -34.118080
v 60.546955 -2.000000 -33.929020
v 60.600971 -2.000000 -33.737030
v 60.645355 -2.000000 -33.542583
v 60.679989 -2.000000 -33.346169
v 60.704788 -2.000000 -33.148270
v 60.719692 -2.000000 -32.949383
v -52.724663 -2.000000 -32.750000
v -52.729637 -2.000000 -32.550617
v -52.744541 -2.000000 -32.351730
v -52.769341 -2.000000 -32.153831
v -52.803974 -2.000000 -31.957415
v -52.848354 -2.000000 -31.762970
v -52.902374 -2.000000 -31.570980
v -52.965893 -2.000000 -31.381920
v -53.038757 -2.000000 -31.196260
v -53.120789 -2.000000 -31.014465
v -53.211777 -2.000000 -30.836985
v -53.311501 -2.000000 -30.664259
v -53.419708 -2.000000 -30.496719
v -53.536133 -2.000000 -30.334782
v -53.660484 -2.000000 -30.178850
v -53.792458 -2.000000 -30.029308
v -53.931717 -2.000000 -29.886532
v -54.077919 -2.000000 -29.750875
v -54.230705 -2.000000 -29.622675
v -54.389690 -2.000000 -29.502249
v -54.554478 -2.000000 -29.389896
v -54.724663 -2.000000 -29.285898
v -54.899822 -2.000000 -29.190514
v -55.079517 -2.000000 -29.103977
v -55.263298 -2.000000 -29.026505
v -55.450718 -2.000000 -28.958290
v -55.641300 -2.000000 -28.899504
v -55.834579 -2.000000 -28.850288
v -56.030071 -2.000000 -28.810768
v -56.227287 -2.000000 -28.781044
v -56.425743 -2.000000 -28.761185
v -56.624943 -2.000000 -28.751244
v -56.824387 -2.000000 -28.751244
v -57.023582 -2.000000 -28.761185
v -57.222038 -2.000000 -28.781044
v -57.419258 -2.000000 -28.810768
v -57.614746 -2.000000 -28.850288
v -57.808025 -2.000000 -28.899504
v -57.998611 -2.000000 -28.958290
v -58.186028 -2.000000 -29.026505
v -58.369812 -2.000000 -29.103977
v -58.549507 -2.000000 -29.190514
v -58.724663 -2.000000 -29.285898
v -58.894848 -2.000000 -29.389896
v -59.059639 -2.000000 -29.502249
v -59.218624 -2.000000 -29.622675
v -59.371407 -2.000000 -29.750875
v -59.517612 -2.000000 -29.886532
v -59.656872 -2.000000 -30.029308
v -59.788841 -2.000000 -30.178850
v -59.913193 -2.000000 -30.334782
v -60.029617 -2.000000 -30.496719
v -60.137829 -2.000000 -30.664259
v -60.237549 -2.000000 -30.836985
v -60.328541 -2.000000 -31.014465
v -60.410568 -2.000000 -31.196260
v -60.483433 -2.000000 -31.381920
v -60.546955 -2.000000 -31.570980
v -60.600971 -2.000000 -31.762970
v -60.645355 -2.000000 -31.957415
v -60.679989 -2.000000 -32.153831
v -60.704788 -2.000000 -32.351730
v -60.719692 -2.000000 -32.550617
v -60.724663 -2.000000 -32.750000
v -60.719692 -2.000000 -32.949383
v -60.704788 -2.000000 -33.148270
v -60.679989 -2.000000 -33.346169
v -60.645355 -2.000000 -33.542583
v -60.600971 -2.000000 -33.737030
v -60.546955 -2.000000 -33.929020
v -60.483433 -2.000000 -34.118080
v -60.410568 -2.000000 -34.303738
v -60.328541 -2.000000 -34.485535
v -60.237549 -2.000000 -34.663017
v -60.137829 -2.000000 -34.835739
v -60.029617 -2.000000 -35.003281
v -59.913193 -2.000000 -35.165218
v -59.788841 -2.000000 -35.321152
v -59.656872 -2.000000 -35.470692
v -59.517612 -2.000000 -35.613468
v -59.371407 -2.000000 -35.749126
v -59.218624 -2.000000 -35.877327
v -59.059639 -2.000000 -35.997753
v -58.894848 -2.000000 -36.110104
v -58.724663 -2.000000 -36.214100
v -58.549507 -2.000000 -36.309486
v -58.369812 -2.000000 -36.396023
v -58.186028 -2.000000 -36.473495
v -57.998611 -2.000000 -36.541710
v -57.808025 -2.000000 -36.600498
v -57.614746 -2.000000 -36.649712
v -57.419258 -2.000000 -36.689232
v -57.222038 -2.000000 -36.718956
v -57.023582 -2.000000 -36.738815
v -56.824387 -2.000000 -36.748756
v -56.624943 -2.000000 -36.748756
v -56.425743 -2.000000 -36.738815
v -56.227287 -2.000000 -36.718956
v -56.030071 -2.000000 -36.689232
v -55.834579 -2.000000 -36.649712
v -55.641300 -2.000000 -36.600498
v -55.450718 -2.000000 -36.541710
v -55.263298 -2.000000 -36.473495
v -55.079517 -2.000000 -36.396023
v -54.899822 -2.000000 -36.309486
v -54.724663 -2.000000 -36.214100
v -54.554478 -2.000000 -36.110104
v -54.389690 -2.000000 -35.997753
v -54.230705 -2.000000 -35.877327
v -54.077919 -2.000000 -35.749126
v -53.931717 -2.000000 -35.613468
v -53.792458 -2.000000 -35.470692
v -53.660484 -2.000000 -35.321152
v -53.536133 -2.000000 -35.165218
v -53.419708 -2.000000 -35.003281
v -53.311501 -2.000000 -34.835739
v -53.211777 -2.000000 -34.663017
v -53.120789 -2.000000 -34.485535
v -53.038757 -2.000000 -34.303738
v -52.965893 -2.000000 -34.118080
v -52.902374 -2.000000 -33.929020
v -52.848354 -2.000000 -33.737030
v -52.803974 -2.000000 -33.542583
v -52.769341 -2.000000 -33.346169
v -52.744541 -2.000000 -33.148270
v -52.729637 -2.000000 -32.949383
v 4.000000 -2.000000 65.500000
v 3.995028 -2.000000 65.699387
v 3.980123 -2.000000 65.898270
v 3.955323 -2.000000 66.096169
v 3.920690 -2.000000 66.292587
v 3.876309 -2.000000 66.487030
v 3.822291 -2.000000 66.679024
v 3.758770 -2.000000 66.868080
v 3.685905 -2.000000 67.053741
v 3.603875 -2.000000 67.235535
v 3.512886 -2.000000 67.413017
v 3.413163 -2.000000 67.585739
v 3.304955 -2.000000 67.753281
v 3.188530 -2.000000 67.915215
v 3.064178 -2.000000 68.071152
v 2.932208 -2.000000 68.220688
v 2.792947 -2.000000 68.363464
v 2.646743 -2.000000 68.499123
v 2.493959 -2.000000 68.627327
v 2.334975 -2.000000 68.747749
v 2.170185 -2.000000 68.860107
v 2.000000 -2.000000 68.964104
v 1.824843 -2.000000 69.059486
v 1.645148 -2.000000 69.146027
v 1.461364 -2.000000 69.223495
v 1.273947 -2.000000 69.291710
v 1.083362 -2.000000 69.350494
v 0.890084 -2.000000 69.399712
v 0.694593 -2.000000 69.439232
v 0.497375 -2.000000 69.468956
v 0.298920 -2.000000 69.488815
v 0.099723 -2.000000 69.498756
v -0.099723 -2.000000 69.498756
v -0.298920 -2.000000 69.488815
v -0.497375 -2.000000 69.468956
v -0.694593 -2.000000 69.439232
v -0.890084 -2.000000 69.399712
v -1.083362 -2.000000 69.350494
v -1.273947 -2.000000 69.291710
v -1.461364 -2.000000 69.223495
v -1.645148 -2.000000 69.146027
v -1.824843 -2.000000 69.059486
v -2.000000 -2.000000 68.964104
v -2.170185 -2.000000 68.860107
v -2.334975 -2.000000 68.747749
v -2.493959 -2.000000 68.627327
v -2.646743 -2.000000 68.499123
v -2.792947 -2.000000 68.363464
v -2.932208 -2.000000 68.220688
v -3.064178 -2.000000 68.071152
v -3.188530 -2.000000 67.915215
v -3.304955 -2.000000 67.753281
v -3.413163 -2.000000 67.585739
v -3.512886 -2.000000 67.413017
v -3.603875 -2.000000 67.235535
v -3.685905 -2.000000 67.053741
v -3.758770 -2.000000 66.868080
v -3.822291 -2.000000 66.679024
v -3.876309 -2.000000 66.487030
v -3.920690 -2.000000 66.292587
v -3.955323 -2.000000 66.096169
v -3.980123 -2.000000 65.898270
v -3.995028 -2.000000 65.699387
v -4.000000 -2.000000 65.500000
v -3.995028 -2.000000 65.300613
v -3.980123 -2.000000 65.101730
v -3.955323 -2.000000 64.903831
v -3.920690 -2.000000 64.707413
v -3.876309 -2.000000 64.512970
v -3.822291 -2.000000 64.320976
v -3.758770 -2.000000 64.131920
v -3.685905 -2.000000 63.946262
v -3.603875 -2.000000 63.764465
v -3.512886 -2.000000 63.586983
v -3.413163 -2.000000 63.414261
v -3.304955 -2.000000 63.246719
v -3.188530 -2.000000 63.084782
v -3.064178 -2.000000 62.928848
v -2.932208 -2.000000 62.779308
v -2.792947 -2.000000 62.636532
v -2.646743 -2.000000 62.500874
v -2.493959 -2.000000 62.372673
v -2.334975 -2.000000 62.252247
v -2.170185 -2.000000 62.139896
v -2.000000 -2.000000 62.035900
v -1.824843 -2.000000 61.940514
v -1.645148 -2.000000 61.853977
v -1.461364 -2.000000 61.776505
v -1.273947 -2.000000 61.708290
v -1.083362 -2.000000 61.649502
v -0.890084 -2.000000 61.600288
v -0.694593 -2.000000 61.560768
v -0.497375 -2.000000 61.531044
v -0.298920 -2.000000 61.511185
v -0.099723 -2.000000 61.501244
v 0.099723 -2.000000 61.501244
v 0.298920 -2.000000 61.511185
v 0.497375 -2.000000 61.531044
v 0.694593 -2.000000 61.560768
v 0.890084 -2.000000 61.600288
v 1.083362 -2.000000 61.649502
v 1.273947 -2.000000 61.708290
v 1.461364 -2.000000 61.776505
v 1.645148 -2.000000 61.853977
v 1.824843 -2.000000 61.940514
v 2.000000 -2.000000 62.035900
v 2.170185 -2.000000 62.139896
v 2.334975 -2.000000 62.252247
v 2.493959 -2.000000 62.372673
v 2.646743 -2.000000 62.500874
v 2.792947 -2.000000 62.636532
v 2.932208 -2.000000 62.779308
v 3.064178 -2.000000 62.928848
v 3.188530 -2.000000 63.084782
v 3.304955 -2.000000 63.246719
v 3.413163 -2.000000 63.414261
v 3.512886 -2.000000 63.586983
v 3.603875 -2.000000 63.764465
v 3.685905 -2.000000 63.946262
v 3.758770 -2.000000 64.131920
v 3.822291 -2.000000 64.320976
v 3.876309 -2.000000 64.512970
v 3.920690 -2.000000 64.707413
v 3.955323 -2.000000 64.903831
v 3.980123 -2.000000 65.101730
v 3.995028 -2.000000 65.300613
v 4.000000 -2.000000 -65.500000
v 3.995028 -2.000000 -65.300613
v 3.980123 -2.000000 -65.101730
v 3.955323 -2.000000 -64.903831
v 3.920690 -2.000000 -64.707413
v 3.876309 -2.000000 -64.512970
v 3.822291 -2.000000 -64.320976
v 3.758770 -2.000000 -64.131920
v 3.685905 -2.000000 -63.946262
v 3.603875 -2.000000 -63.764465
v 3.512886 -2.000000 -63.586983
v 3.413163 -2.000000 -63.414261
v 3.304955 -2.000000 -63.246719
v 3.188530 -2.000000 -63.084782
v 3.064178 -2.000000 -62.928848
v 2.932208 -2.000000 -62.779308
v 2.792947 -2.000000 -62.636532
v 2.646743 -2.000000 -62.500874
v 2.493959 -2.000000 -62.372673
v 2.334975 -2.000000 -62.252247
v 2.170185 -2.000000 -62.139896
v 2.000000 -2.000000 -62.035900
v 1.824843 -2.000000 -61.940514
v 1.645148 -2.000000 -61.853977
v 1.461364 -2.000000 -61.776505
v 1.273947 -2.000000 -61.708290
v 1.083362 -2.000000 -61.649502
v 0.890084 -2.000000 -61.600288
v 0.694593 -2.000000 -61.560768
v 0.497375 -2.000000 -61.531044
v 0.298920 -2.000000 -61.511185
v 0.099723 -2.000000 -61.501244
v -0.099723 -2.000000 -61.501244
v -0.298920 -2.000000 -61.511185
v -0.497375 -2.000000 -61.531044
v -0.694593 -2.000000 -61.560768
v -0.890084 -2.000000 -61.600288
v -1.083362 -2.000000 -61.649502
v -1.273947 -2.000000 -61.708290
v -1.461364 -2.000000 -61.776505
v -1.645148 -2.000000 -61.853977
v -1.824843 -2.000000 -61.940514
v -2.000000 -2.000000 -62.035900
v -2.170185 -2.000000 -62.139896
v -2.334975 -2.000000 -62.252247
v -2.493959 -2.000000 -62.372673
v -2.646743 -2.000000 -62.500874
v -2.792947 -2.000000 -62.636532
v -2.932208 -2.000000 -62.779308
v -3.064178 -2.000000 -62.928848
v -3.188530 -2.000000 -63.084782
v -3.304955 -2.000000 -63.246719
v -3.413163 -2.000000 -63.414261
v -3.512886 -2.000000 -63.586983
v -3.603875 -2.000000 -63.764465
v -3.685905 -2.000000 -63.946262
v -3.758770 -2.000000 -64.131920
v -3.822291 -2.000000 -64.320976
v -3.876309 -2.000000 -64.512970
v -3.920690 -2.000000 -64.707413
v -3.955323 -2.000000 -64.903831
v -3.980123 -2.000000 -65.101730
v -3.995028 -2.000000 -65.300613
v -4.000000 -2.000000 -65.500000
v -3.995028 -2.000000 -65.699387
v -3.980123 -2.000000 -65.898270
v -3.955323 -2.000000 -66.096169
v -3.920690 -2.000000 -66.292587
v -3.876309 -2.000000 -66.487030
v -3.822291 -2.000000 -66.679024
v -3.758770 -2.000000 -66.868080
v -3.685905 -2.000000 -67.053741
v -3.603875 -2.000000 -67.235535
v -3.512886 -2.000000 -67.413017
v -3.413163 -2.000000 -67.585739
v -3.304955 -2.000000 -67.753281
v -3.188530 -2.000000 -67.915215
v -3.064178 -2.000000 -68.071152
v -2.932208 -2.000000 -68.220688
v -2.792947 -2.000000 -68.363464
v -2.646743 -2.000000 -68.499123
v -2.493959 -2.000000 -68.627327
v -2.334975 -2.000000 -68.747749
v -2.170185 -2.000000 -68.860107
v -2.000000 -2.000000 -68.964104
v -1.824843 -2.000000 -69.059486
v -1.645148 -2.000000 -69.146027
v -1.461364 -2.000000 -69.223495
v -1.273947 -2.000000 -69.291710
v -1.083362 -2.000000 -69.350494
v -0.890084 -2.000000 -69.399712
v -0.694593 -2.000000 -69.439232
v -0.497375 -2.000000 -69.468956
v -0.298920 -2.000000 -69.488815
v -0.099723 -2.000000 -69.498756
v 0.099723 -2.000000 -69.498756
v 0.298920 -2.000000 -69.488815
v 0.497375 -2.000000 -69.468956
v 0.694593 -2.000000 -69.439232
v 0.890084 -2.000000 -69.399712
v 1.083362 -2.000000 -69.350494
v 1.273947 -2.000000 -69.291710
v 1.461364 -2.000000 -69.223495
v 1.645148 -2.000000 -69.146027
v 1.824843 -2.000000 -69.059486
v 2.000000 -2.000000 -68.964104
v 2.170185 -2.000000 -68.860107
v 2.334975 -2.000000 -68.747749
v 2.493959 -2.000000 -68.627327
v 2.646743 -2.000000 -68.499123
v 2.792947 -2.000000 -68.363464
v 2.932208 -2.000000 -68.220688
v 3.064178 -2.000000 -68.071152
v 3.188530 -2.000000 -67.915215
v 3.304955 -2.000000 -67.753281
v 3.413163 -2.000000 -67.585739
v 3.512886 -2.000000 -67.413017
v 3.603875 -2.000000 -67.235535
v 3.685905 -2.000000 -67.053741
v 3.758770 -2.000000 -66.868080
v 3.822291 -2.000000 -66.679024
v 3.876309 -2.000000 -66.487030
v 3.920690 -2.000000 -66.292587
v 3.955323 -2.000000 -66.096169
v 3.980123 -2.000000 -65.898270
v 3.995028 -2.000000 -65.699387
v -84.500000 -2.000000 0.000000
v -84.504974 -2.000000 0.199384
v -84.519875 -2.000000 0.398271
v -84.544678 -2.000000 0.596169
v -84.579308 -2.000000 0.792585
v -84.623688 -2.000000 0.987030
v -84.677711 -2.000000 1.179021
v -84.741226 -2.000000 1.368081
v -84.814095 -2.000000 1.553739
v -84.896126 -2.000000 1.735535
v -84.987114 -2.000000 1.913016
v -85.086838 -2.000000 2.085741
v -85.195045 -2.000000 2.253280
v -85.311470 -2.000000 2.415218
v -85.435822 -2.000000 2.571151
v -85.567795 -2.000000 2.720691
v -85.707054 -2.000000 2.863467
v -85.853256 -2.000000 2.999125
v -86.006042 -2.000000 3.127326
v -86.165024 -2.000000 3.247752
v -86.329819 -2.000000 3.360104
v -86.500000 -2.000000 3.464102
v -86.675156 -2.000000 3.559487
v -86.854851 -2.000000 3.646024
v -87.038635 -2.000000 3.723495
v -87.226051 -2.000000 3.791709
v -87.416641 -2.000000 3.850497
v -87.609917 -2.000000 3.899712
v -87.805405 -2.000000 3.939231
v -88.002625 -2.000000 3.968957
v -88.201080 -2.000000 3.988815
v -88.400276 -2.000000 3.998757
v -88.599724 -2.000000 3.998757
v -88.798920 -2.000000 3.988815
v -88.997375 -2.000000 3.968957
v -89.194595 -2.000000 3.939231
v -89.390083 -2.000000 3.899712
v -89.583359 -2.000000 3.850497
v -89.773949 -2.000000 3.791709
v -89.961365 -2.000000 3.723495
v -90.145149 -2.000000 3.646024
v -90.324844 -2.000000 3.559487
v -90.500000 -2.000000 3.464102
v -90.670181 -2.000000 3.360104
v -90.834976 -2.000000 3.247752
v -90.993958 -2.000000 3.127326
v -91.146744 -2.000000 2.999125
v -91.292946 -2.000000 2.863467
v -91.432205 -2.000000 2.720691
v -91.564178 -2.000000 2.571151
v -91.688530 -2.000000 2.415218
v -91.804955 -2.000000 2.253280
v -91.913162 -2.000000 2.085741
v -92.012886 -2.000000 1.913016
v -92.103874 -2.000000 1.735535
v -92.185905 -2.000000 1.553739
v -92.258774 -2.000000 1.368081
v -92.322289 -2.000000 1.179021
v -92.376312 -2.000000 0.987030
v -92.420692 -2.000000 0.792585
v -92.455322 -2.000000 0.596169
v -92.480125 -2.000000 0.398271
v -92.495026 -2.000000 0.199384
v -92.500000 -2.000000 -0.000000
v -92.495026 -2.000000 -0.199384
v -92.480125 -2.000000 -0.398271
v -92.455322 -2.000000 -0.596169
v -92.420692 -2.000000 -0.792585
v -92.376312 -2.000000 -0.987030
v -92.322289 -2.000000 -1.179021
v -92.258774 -2.000000 -1.368081
v -92.185905 -2.000000 -1.553739
v -92.103874 -2.000000 -1.735535
v -92.012886 -2.000000 -1.913016
v -91.913162 -2.000000 -2.085741
v -91.804955 -2.000000 -2.253280
v -91.688530 -2.000000 -2.415218
v -91.564178 -2.000000 -2.571151
v -91.432205 -2.000000 -2.720691
v -91.292946 -2.000000 -2.863467
v -91.146744 -2.000000 -2.999125
v -90.993958 -2.000000 -3.127326
v -90.834976 -2.000000 -3.247752
v -90.670181 -2.000000 -3.360104
v -90.500000 -2.000000 -3.464102
v -90.324844 -2.000000 -3.559487
v -90.145149 -2.000000 -3.646024
v -89.961365 -2.000000 -3.723495
v -89.773949 -2.000000 -3.791709
v -89.583359 -2.000000 -3.850497
v -89.390083 -2.000000 -3.899712
v -89.194595 -2.000000 -3.939231
v -88.997375 -2.000000 -3.968957
v -88.798920 -2.000000 -3.988815
v -88.599724 -2.000000 -3.998757
v -88.400276 -2.000000 -3.998757
v -88.201080 -2.000000 -3.988815
v -88.002625 -2.000000 -3.968957
v -87.805405 -2.000000 -3.939231
v -87.609917 -2.000000 -3.899712
v -87.416641 -2.000000 -3.850497
v -87.226051 -2.000000 -3.791709
v -87.038635 -2.000000 -3.723495
v -86.854851 -2.000000 -3.646024
v -86.675156 -2.000000 -3.559487
v -86.500000 -2.000000 -3.464102
v -86.329819 -2.000000 -3.360104
v -86.165024 -2.000000 -3.247752
v -86.006042 -2.000000 -3.127326
v -85.853256 -2.000000 -2.999125
v -85.707054 -2.000000 -2.863467
v -85.567795 -2.000000 -2.720691
v -85.435822 -2.000000 -2.571151
v -85.311470 -2.000000 -2.415218
v -85.195045 -2.000000 -2.253280
v -85.086838 -2.000000 -2.085741
v -84.987114 -2.000000 -1.913016
v -84.896126 -2.000000 -1.735535
v -84.814095 -2.000000 -1.553739
v -84.741226 -2.000000 -1.368081
v -84.677711 -2.000000 -1.179021
v -84.623688 -2.000000 -0.987030
v -84.579308 -2.000000 -0.792585
v -84.544678 -2.000000 -0.596169
v -84.519875 -2.000000 -0.398271
v -84.504974 -2.000000 -0.199384
vn 0.973438 0.000000 0.228950
vn 0.973438 0.000000 0.228950
vn 0.960866 0.000000 0.277012
vn 0.960866 0.000000 0.277012
vn 0.945923 0.000000 0.324392
vn 0.945923 0.000000 0.324392
vn 0.928644 0.000000 0.370972
vn 0.928644 0.000000 0.370972
vn 0.909073 -0.000000 0.416636
vn 0.909073 0.000000 0.416636
vn 0.887260 0.000000 0.461270
vn 0.887260 0.000000 0.461270
vn 0.863256 0.000000 0.504766
vn 0.863256 0.000000 0.504766
vn 0.837121 0.000000 0.547018
vn 0.837121 0.000000 0.547018
vn 0.808920 0.000000 0.587919
vn 0.808920 0.000000 0.587919
vn 0.778723 0.000000 0.627368
vn 0.778723 0.000000 0.627368
vn 0.746604 0.000000 0.665269
vn 0.746604 0.000000 0.665269
vn 0.712641 0.000000 0.701529
vn 0.712641 0.000000 0.701529
vn 0.676921 0.000000 0.736056
vn 0.676921 0.000000 0.736056
vn 0.639529 0.000000 0.768767
vn 0.639529 0.000000 0.768767
vn 0.600559 0.000000 0.799581
vn 0.600559 0.000000 0.799581
vn 0.560107 0.000000 0.828421
vn 0.518270 -0.000000 0.855217
vn 0.560107 0.000000 0.828421
vn 0.475157 -0.000000 0.879901
vn 0.518270 0.000000 0.855217
vn 0.475157 0.000000 0.879901
vn 0.430871 0.000000 0.902413
vn 0.430871 0.000000 0.902413
vn 0.385520 0.000000 0.922699
vn 0.339217 -0.000000 0.940708
vn 0.385520 0.000000 0.922699
vn 0.339217 0.000000 0.940708
vn 0.292080 0.000000 0.956394
vn 0.292080 0.000000 0.956394
vn 0.244218 0.000000 0.969720
vn 0.244218 0.000000 0.969720
vn 0.195758 0.000000 0.980652
vn 0.195758 0.000000 0.980652
vn 0.146810 0.000000 0.989165
vn 0.146810 0.000000 0.989165
vn 0.097503 0.000000 0.995235
vn 0.097503 0.000000 0.995235
vn 0.047953 0.000000 0.998850
vn 0.047953 0.000000 0.998850
vn -0.001713 0.000000 0.999999
vn -0.001713 0.000000 0.999999
vn -0.051377 0.000000 0.998679
vn -0.051377 0.000000 0.998679
vn -0.100912 0.000000 0.994895
vn -0.100912 0.000000 0.994895
vn -0.150201 0.000000 0.988655
vn -0.150201 0.000000 0.988655
vn -0.199116 0.000000 0.979976
vn -0.199116 0.000000 0.979976
vn -0.247541 0.000000 0.968877
vn -0.247541 0.000000 0.968877
vn -0.295354 0.000000 0.955388
vn -0.295354 0.000000 0.955388
vn -0.342441 0.000000 0.939539
vn -0.342441 0.000000 0.939539
vn -0.388680 0.000000 0.921373
vn -0.388680 0.000000 0.921373
vn -0.433960 0.000000 0.900932
vn -0.433960 0.000000 0.900932
vn -0.478171 0.000000 0.878267
vn -0.478171 0.000000 0.878267
vn -0.521199 0.000000 0.853435
vn -0.521199 0.000000 0.853435
vn -0.562941 0.000000 0.826497
vn -0.562941 0.000000 0.826497
vn -0.603296 0.000000 0.797517
vn -0.603296 0.000000 0.797517
vn -0.642159 0.000000 0.766571
vn -0.642159 0.000000 0.766571
vn -0.679439 0.000000 0.733732
vn -0.679439 0.000000 0.733732
vn -0.748879 0.000000 0.662706
vn -0.715042 0.000000 0.699082
vn -0.715042 0.000000 0.699082
vn -0.748879 0.000000 0.662706
vn -0.780868 0.000000 0.624696
vn -0.780868 0.000000 0.624696
vn -0.810930 0.000000 0.585143
vn -0.810930 0.000000 0.585143
vn -0.838991 0.000000 0.544145
vn -0.838991 0.000000 0.544145
vn -0.864981 0.000000 0.501805
vn -0.864981 0.000000 0.501805
vn -0.888835 0.000000 0.458227
vn -0.888835 0.000000 0.458227
vn -0.910496 0.000000 0.413517
vn -0.910496 0.000000 0.413517
vn -0.929910 0.000000 0.367787
vn -0.947029 0.000000 0.321147
vn -0.929910 0.000000 0.367787
vn -0.947029 0.000000 0.321147
vn -0.961810 0.000000 0.273718
vn -0.961810 0.000000 0.273718
vn -0.974217 0.000000 0.225613
vn -0.974217 0.000000 0.225613
vn -0.360474 0.000000 0.932769
vn -0.360474 0.000000 0.932769
vn 0.000000 0.000000 1.000000
vn 0.000000 0.000000 1.000000
vn -0.024931 0.000000 0.999689
vn -0.024931 0.000000 0.999689
vn -0.074729 0.000000 0.997204
vn -0.074729 0.000000 0.997204
vn -0.124344 0.000000 0.992239
vn -0.124344 0.000000 0.992239
vn -0.173647 0.000000 0.984808
vn -0.173647 0.000000 0.984808
vn -0.222521 0.000000 0.974928
vn -0.222521 0.000000 0.974928
vn -0.270842 0.000000 0.962624
vn -0.270842 0.000000 0.962624
vn -0.318486 0.000000 0.947927
vn -0.318486 0.000000 0.947927
vn -0.365341 0.000000 0.930874
vn -0.365341 0.000000 0.930874
vn -0.411286 0.000000 0.911506
vn -0.411286 0.000000 0.911506
vn -0.456212 0.000000 0.889871
vn -0.456212 0.000000 0.889871
vn -0.499997 0.000000 0.866027
vn -0.542549 0.000000 0.840024
vn -0.499997 0.000000 0.866027
vn -0.583738 0.000000 0.811942
vn -0.542549 0.000000 0.840024
vn -0.583738 0.000000 0.811942
vn -0.623493 0.000000 0.781829
vn -0.623493 0.000000 0.781829
vn -0.661688 0.000000 0.749779
vn -0.661688 0.000000 0.749779
vn -0.698232 0.000000 0.715871
vn -0.698232 0.000000 0.715871
vn -0.733052 0.000000 0.680173
vn -0.733052 0.000000 0.680173
vn -0.766045 0.000000 0.642787
vn -0.766045 0.000000 0.642787
vn -0.797133 0.000000 0.603803
vn -0.797133 0.000000 0.603803
vn -0.826238 0.000000 0.563322
vn -0.826238 0.000000 0.563322
vn -0.853293 0.000000 0.521432
vn -0.853293 0.000000 0.521432
vn -0.878224 0.000000 0.478249
vn -0.878224 0.000000 0.478249
vn -0.900966 0.000000 0.433890
vn -0.900966 0.000000 0.433890
vn -0.921478 0.000000 0.388430
vn -0.921478 0.000000 0.388430
vn -0.939688 0.000000 0.342032
vn -0.939688 0.000000 0.342032
vn -0.955574 0.000000 0.294752
vn -0.955574 0.000000 0.294752
vn -0.969077 0.000000 0.246758
vn -0.969077 0.000000 0.246758
vn -0.980175 0.000000 0.198134
vn -0.988830 0.000000 0.149051
vn -0.980175 0.000000 0.198134
vn -0.988830 0.000000 0.149051
vn -0.995032 0.000000 0.099560
vn -0.995032 0.000000 0.099560
vn -0.998757 0.000000 0.049848
vn -0.998757 0.000000 0.049848
vn -1.000000 0.000000 0.000000
vn -1.000000 0.000000 0.000000
vn -0.998757 0.000000 -0.049848
vn -0.995032 0.000000 -0.099560
vn -0.998757 0.000000 -0.049848
vn -0.995032 0.000000 -0.099560
vn -0.988830 0.000000 -0.149051
vn -0.988830 0.000000 -0.149051
vn -0.980175 0.000000 -0.198134
vn -0.980175 0.000000 -0.198134
vn -0.969077 0.000000 -0.246758
vn -0.969077 0.000000 -0.246758
vn -0.955574 0.000000 -0.294752
vn -0.955574 0.000000 -0.294752
vn -0.939688 0.000000 -0.342032
vn -0.939688 0.000000 -0.342032
vn -0.921478 0.000000 -0.388430
vn -0.900966 0.000000 -0.433890
vn -0.921478 0.000000 -0.388430
vn -0.900966 0.000000 -0.433890
vn -0.878224 0.000000 -0.478249
vn -0.878224 0.000000 -0.478249
vn -0.853293 0.000000 -0.521432
vn -0.853293 0.000000 -0.521432
vn -0.826238 0.000000 -0.563322
vn -0.826238 0.000000 -0.563322
vn -0.797133 0.000000 -0.603803
vn -0.797133 0.000000 -0.603803
vn -0.766045 0.000000 -0.642787
vn -0.766045 0.000000 -0.642787
vn -0.733052 0.000000 -0.680173
vn -0.733052 0.000000 -0.680173
vn -0.698232 0.000000 -0.715871
vn -0.698232 0.000000 -0.715871
vn -0.661688 0.000000 -0.749779
vn -0.661688 0.000000 -0.749779
vn -0.623493 0.000000 -0.781829
vn -0.623493 0.000000 -0.781829
vn -0.583738 0.000000 -0.811942
vn -0.583738 0.000000 -0.811942
vn -0.542549 0.000000 -0.840024
vn -0.542549 0.000000 -0.840024
vn -0.499997 0.000000 -0.866027
vn -0.499997 0.000000 -0.866027
vn -0.456212 0.000000 -0.889871
vn -0.456212 0.000000 -0.889871
vn -0.411286 0.000000 -0.911506
vn -0.411286 0.000000 -0.911506
vn -0.365341 0.000000 -0.930874
vn -0.365341 0.000000 -0.930874
vn -0.318486 0.000000 -0.947927
vn -0.318486 0.000000 -0.947927
vn -0.270842 0.000000 -0.962624
vn -0.270842 0.000000 -0.962624
vn -0.222521 0.000000 -0.974928
vn -0.173647 0.000000 -0.984808
vn -0.222521 0.000000 -0.974928
vn -0.173647 0.000000 -0.984808
vn -0.124344 0.000000 -0.992239
vn -0.124344 0.000000 -0.992239
vn -0.074729 0.000000 -0.997204
vn -0.074729 0.000000 -0.997204
vn -0.024931 0.000000 -0.999689
vn -0.024931 0.000000 -0.999689
vn 0.024931 0.000000 -0.999689
vn 0.024931 0.000000 -0.999689
vn 0.074730 0.000000 -0.997204
vn 0.074730 0.000000 -0.997204
vn 0.124342 0.000000 -0.992239
vn 0.124342 0.000000 -0.992239
vn 0.173649 0.000000 -0.984808
vn 0.173649 0.000000 -0.984808
vn 0.222522 0.000000 -0.974928
vn 0.222522 0.000000 -0.974928
vn 0.270838 0.000000 -0.962625
vn 0.270838 0.000000 -0.962625
vn 0.318489 0.000000 -0.947927
vn 0.318489 0.000000 -0.947927
vn 0.365340 0.000000 -0.930874
vn 0.365340 0.000000 -0.930874
vn 0.411290 0.000000 -0.911505
vn 0.411290 0.000000 -0.911505
vn 0.456208 0.000000 -0.889873
vn 0.456208 0.000000 -0.889873
vn 0.499998 0.000000 -0.866026
vn 0.499998 0.000000 -0.866026
vn 0.542548 0.000000 -0.840025
vn 0.542548 0.000000 -0.840025
vn 0.583744 0.000000 -0.811938
vn 0.583744 0.000000 -0.811938
vn 0.623488 0.000000 -0.781833
vn 0.661687 0.000000 -0.749780
vn 0.623488 0.000000 -0.781833
vn 0.661687 0.000000 -0.749780
vn 0.698237 0.000000 -0.715866
vn 0.698237 0.000000 -0.715866
vn 0.733050 0.000000 -0.680175
vn 0.733050 0.000000 -0.680175
vn 0.766047 0.000000 -0.642784
vn 0.766047 0.000000 -0.642784
vn 0.797130 0.000000 -0.603808
vn 0.797130 0.000000 -0.603808
vn 0.826241 0.000000 -0.563317
vn 0.826241 0.000000 -0.563317
vn 0.853291 0.000000 -0.521435
vn 0.853291 0.000000 -0.521435
vn 0.878223 0.000000 -0.478251
vn 0.878223 0.000000 -0.478251
vn 0.900966 0.000000 -0.433890
vn 0.900966 0.000000 -0.433890
vn 0.921478 0.000000 -0.388431
vn 0.921478 0.000000 -0.388431
vn 0.939691 0.000000 -0.342024
vn 0.939691 0.000000 -0.342024
vn 0.955572 0.000000 -0.294756
vn 0.955572 0.000000 -0.294756
vn 0.969078 0.000000 -0.246756
vn 0.969078 0.000000 -0.246756
vn 0.980173 0.000000 -0.198143
vn 0.980173 0.000000 -0.198143
vn 0.988831 0.000000 -0.149039
vn 0.988831 0.000000 -0.149039
vn 0.995030 0.000000 -0.099573
vn 0.995030 0.000000 -0.099573
vn 0.998757 0.000000 -0.049847
vn 0.998757 0.000000 -0.049847
vn 1.000000 -0.000000 0.000000
vn 1.000000 0.000000 0.000000
vn 0.998757 -0.000000 0.049847
vn 0.998757 0.000000 0.049847
vn 0.995030 -0.000000 0.099573
vn 0.995030 0.000000 0.099573
vn 0.988831 -0.000000 0.149039
vn 0.988831 0.000000 0.149039
vn 0.980173 -0.000000 0.198143
vn 0.980173 0.000000 0.198143
vn 0.969078 -0.000000 0.246756
vn 0.969078 0.000000 0.246756
vn 0.955572 -0.000000 0.294756
vn 0.955572 0.000000 0.294756
vn 0.939691 -0.000000 0.342024
vn 0.939691 0.000000 0.342024
vn 0.921478 -0.000000 0.388431
vn 0.921478 0.000000 0.388431
vn 0.900966 -0.000000 0.433890
vn 0.900966 0.000000 0.433890
vn 0.878223 -0.000000 0.478251
vn 0.878223 0.000000 0.478251
vn 0.853291 0.000000 0.521435
vn 0.853291 -0.000000 0.521435
vn 0.826241 0.000000 0.563317
vn 0.826241 -0.000000 0.563317
vn 0.797130 0.000000 0.603808
vn 0.797130 -0.000000 0.603808
vn 0.766047 0.000000 0.642784
vn 0.766047 -0.000000 0.642784
vn 0.733050 0.000000 0.680175
vn 0.733050 -0.000000 0.680175
vn 0.698237 0.000000 0.715866
vn 0.698237 -0.000000 0.715866
vn 0.661687 0.000000 0.749780
vn 0.661687 -0.000000 0.749780
vn 0.623488 0.000000 0.781833
vn 0.623488 -0.000000 0.781833
vn 0.583744 0.000000 0.811938
vn 0.583744 -0.000000 0.811938
vn 0.542548 -0.000000 0.840025
vn 0.542548 -0.000000 0.840025
vn 0.499998 0.000000 0.866026
vn 0.499998 -0.000000 0.866026
vn 0.456208 -0.000000 0.889873
vn 0.456208 -0.000000 0.889873
vn 0.411290 -0.000000 0.911505
vn 0.411290 -0.000000 0.911505
vn 0.365340 0.000000 0.930874
vn 0.365340 -0.000000 0.930874
vn 0.318489 -0.000000 0.947927
vn 0.318489 0.000000 0.947927
vn 0.270838 -0.000000 0.962625
vn 0.222522 -0.000000 0.974928
vn 0.270838 0.000000 0.962625
vn 0.222522 -0.000000 0.974928
vn 0.173649 -0.000000 0.984808
vn 0.173649 0.000000 0.984808
vn 0.124342 -0.000000 0.992239
vn 0.074730 -0.000000 0.997204
vn 0.124342 0.000000 0.992239
vn 0.024931 -0.000000 0.999689
vn 0.074730 -0.000000 0.997204
vn 0.024931 -0.000000 0.999689
vn 0.734221 0.000000 -0.678910
vn 0.734221 0.000000 -0.678910
vn -0.974504 -0.000000 -0.224369
vn -0.974504 0.000000 -0.224369
vn -0.962850 0.000000 -0.270036
vn -0.962850 -0.000000 -0.270036
vn -0.949057 0.000000 -0.315105
vn -0.949057 -0.000000 -0.315105
vn -0.933156 0.000000 -0.359470
vn -0.933156 -0.000000 -0.359470
vn -0.915183 0.000000 -0.403039
vn -0.915183 -0.000000 -0.403039
vn -0.895176 0.000000 -0.445713
vn -0.873181 0.000000 -0.487397
vn -0.895176 -0.000000 -0.445713
vn -0.873181 0.000000 -0.487397
vn -0.849247 0.000000 -0.527996
vn -0.849247 -0.000000 -0.527996
vn -0.823425 0.000000 -0.567426
vn -0.823425 -0.000000 -0.567426
vn -0.795775 0.000000 -0.605593
vn -0.766357 0.000000 -0.642415
vn -0.795775 -0.000000 -0.605593
vn -0.766357 0.000000 -0.642415
vn -0.735237 0.000000 -0.677810
vn -0.735237 -0.000000 -0.677810
vn -0.702483 0.000000 -0.711700
vn -0.702483 -0.000000 -0.711700
vn -0.668170 0.000000 -0.744009
vn -0.668170 -0.000000 -0.744009
vn -0.632372 -0.000000 -0.774665
vn -0.632372 0.000000 -0.774665
vn -0.595169 -0.000000 -0.803601
vn -0.595169 0.000000 -0.803601
vn -0.556644 -0.000000 -0.830751
vn -0.556644 0.000000 -0.830751
vn -0.720823 0.000000 0.693119
vn -0.720823 0.000000 0.693119
vn 0.000000 0.000000 -1.000000
vn 0.000000 0.000000 -1.000000
vn 0.720823 0.000000 0.693119
vn 0.720823 -0.000000 0.693119
vn -0.360474 0.000000 -0.932769
vn -0.360474 0.000000 -0.932769
vn 0.000000 1.000000 -0.000000
vn 0.000000 1.000000 -0.000000
vn 0.000000 1.000000 -0.000000
vn 0.000000 1.000000 -0.000000
vn 0.000000 1.000000 -0.000000
vn 0.000000 1.000000 -0.000000
vn 0.000000 1.000000 -0.000000
vn 0.000000 1.000000 -0.000000
vn 0.000000 1.000000 -0.000000
vn 0.000000 1.000000 -0.000000
vn 0.000000 1.000000 -0.000000
vn 0.000000 1.000000 -0.000000
vn 0.000000 1.000000 -0.000000
vn 0.000000 1.000000 -0.000000
vn 0.000000 1.000000 -0.000000
vn 0.000000 1.000000 -0.000000
vn 0.000000 1.000000 -0.000000
vn 0.000000 1.000000 -0.000000
vn 0.000000 1.000000 -0.000000
vn 0.000000 1.000000 -0.000000
vn 0.000000 1.000000 -0.000000
vn 0.000000 1.000000 -0.000000
vn 0.000000 1.000000 -0.000000
vn 0.000000 1.000000 -0.000000
vn 0.000000 1.000000 -0.000000
vn 0.000000 1.000000 -0.000000
vn 0.000000 1.000000 -0.000000
vn 0.000000 1.000000 -0.000000
vn 0.000000 1.000000 -0.000000
vn 0.000000 1.000000 -0.000000
vn 0.000000 1.000000 -0.000000
vn 0.000000 1.000000 -0.000000
vn 0.000000 1.000000 -0.000000
vn 0.000000 1.000000 -0.000000
vn 0.000000 1.000000 -0.000000
vn 0.000000 1.000000 -0.000000
vn 0.000000 1.000000 -0.000000
vn 0.000000 1.000000 -0.000000
vn 0.000000 1.000000 -0.000000
vn 0.000000 1.000000 -0.000000
vn 0.000000 1.000000 -0.000000
vn 0.000000 1.000000 -0.000000
vn 0.000000 1.000000 -0.000000
vn 0.000000 1.000000 -0.000000
vn 0.000000 1.000000 -0.000000
vn 0.000000 1.000000 -0.000000
vn 0.000000 1.000000 -0.000000
vn 0.000000 1.000000 -0.000000
vn 0.000000 1.000000 -0.000000
vn 0.000000 1.000000 -0.000000
vn 0.000000 1.000000 -0.000000
vn 0.000000 1.000000 -0.000000
vn 0.000000 1.000000 -0.000000
vn 0.000000 1.000000 -0.000000
vn 0.000000 1.000000 -0.000000
vn 0.000000 1.000000 -0.000000
vn 0.000000 1.000000 -0.000000
vn 0.000000 1.000000 -0.000000
vn 0.000000 1.000000 -0.000000
vn 0.000000 1.000000 -0.000000
vn 0.000000 1.000000 -0.000000
vn 0.000000 1.000000 -0.000000
vn 0.000000 1.000000 -0.000000
vn 0.000000 1.000000 -0.000000
vn 0.000000 1.000000 -0.000000
vn 0.000000 1.000000 -0.000000
vn 0.000000 1.000000 -0.000000
vn 0.000000 1.000000 -0.000000
vn 0.000000 1.000000 -0.000000
vn 0.000000 1.000000 -0.000000
vn 0.000000 1.000000 -0.000000
vn 0.000000 1.000000 -0.000000
vn 0.000000 1.000000 -0.000000
vn 0.000000 1.000000 -0.000000
vn 0.000000 1.000000 -0.000000
vn 0.000000 1.000000 -0.000000
vn 0.000000 1.000000 -0.000000
vn 0.000000 1.000000 -0.000000
vn 0.000000 1.000000 -0.000000
vn 0.000000 1.000000 -0.000000
vn 0.000000 1.000000 -0.000000
vn 0.000000 1.000000 -0.000000
vn 0.000000 1.000000 -0.000000
vn 0.000000 1.000000 -0.000000
vn 0.000000 1.000000 -0.000000
vn 0.000000 1.000000 -0.000000
vn 0.000000 1.000000 -0.000000
vn 0.000000 1.000000 -0.000000
vn 0.000000 1.000000 -0.000000
vn 0.000000 1.000000 -0.000000
vn 0.000000 1.000000 -0.000000
vn 0.000000 1.000000 -0.000000
vn 0.000000 1.000000 -0.000000
vn 0.000000 1.000000 -0.000000
vn 0.000000 1.000000 -0.000000
vn 0.000000 1.000000 -0.000000
vn 0.000000 1.000000 -0.000000
vn 0.000000 1.000000 -0.000000
vn 0.000000 1.000000 -0.000000
vn 0.000000 1.000000 -0.000000
vn 0.000000 1.000000 -0.000000
vn 0.000000 1.000000 -0.000000
vn 0.000000 1.000000 -0.000000
vn 0.000000 1.000000 -0.000000
vn 0.000000 1.000000 -0.000000
vn 0.000000 1.000000 -0.000000
vn 0.000000 1.000000 -0.000000
vn 0.000000 1.000000 -0.000000
vn 0.000000 1.000000 -0.000000
vn 0.000000 1.000000 -0.000000
vn 0.000000 1.000000 -0.000000
vn 0.000000 1.000000 -0.000000
vn 0.000000 1.000000 -0.000000
vn 0.000000 1.000000 -0.000000
vn 0.000000 1.000000 -0.000000
vn 0.000000 1.000000 -0.000000
vn 0.000000 1.000000 -0.000000
vn 0.000000 1.000000 -0.000000
vn 0.000000 1.000000 -0.000000
vn 0.000000 1.000000 -0.000000
vn 0.000000 1.000000 -0.000000
vn 0.000000 1.000000 -0.000000
vn 0.000000 1.000000 -0.000000
vn 0.000000 1.000000 -0.000000
vn 0.000000 1.000000 -0.000000
vn 0.000000 1.000000 -0.000000
vn 0.000000 1.000000 -0.000000
vn 0.000000 1.000000 -0.000000
vn 0.000000 1.000000 -0.000000
vn 0.000000 1.000000 -0.000000
vn 0.000000 1.000000 -0.000000
vn 0.000000 1.000000 -0.000000
vn 0.000000 1.000000 -0.000000
vn 0.000000 1.000000 -0.000000
vn 0.000000 1.000000 -0.000000
vn 0.000000 1.000000 -0.000000
vn 0.000000 1.000000 -0.000000
vn 0.000000 1.000000 -0.000000
vn 0.000000 1.000000 -0.000000
vn 0.000000 1.000000 -0.000000
vn 0.000000 1.000000 -0.000000
vn 0.000000 1.000000 -0.000000
vn 0.000000 1.000000 -0.000000
vn 0.000000 1.000000 -0.000000
vn 0.000000 1.000000 -0.000000
vn 0.000000 1.000000 -0.000000
vn 0.000000 1.000000 -0.000000
vn 0.000000 1.000000 -0.000000
vn 0.000000 1.000000 -0.000000
vn 0.000000 1.000000 -0.000000
vn 0.000000 1.000000 -0.000000
vn 0.000000 1.000000 -0.000000
vn 0.000000 1.000000 -0.000000
vn 0.000000 1.000000 -0.000000
vn 0.000000 1.000000 -0.000000
vn 0.000000 1.000000 -0.000000
vn 0.000000 1.000000 -0.000000
vn 0.000000 1.000000 -0.000000
vn 0.000000 1.000000 -0.000000
vn 0.000000 1.000000 -0.000000
vn 0.000000 1.000000 -0.000000
vn 0.000000 1.000000 -0.000000
vn 0.000000 1.000000 -0.000000
vn 0.000000 1.000000 -0.000000
vn 0.000000 1.000000 -0.000000
vn 0.000000 1.000000 -0.000000
vn 0.000000 1.000000 -0.000000
vn 0.000000 1.000000 -0.000000
vn 0.000000 1.000000 -0.000000
vn 0.000000 1.000000 -0.000000
vn 0.000000 1.000000 -0.000000
vn 0.000000 1.000000 -0.000000
vn 0.000000 1.000000 -0.000000
vn 0.000000 1.000000 -0.000000
vn 0.000000 1.000000 -0.000000
vn 0.000000 1.000000 -0.000000
vn 0.000000 1.000000 -0.000000
vn 0.000000 1.000000 -0.000000
vn 0.000000 1.000000 -0.000000
vn 0.000000 1.000000 -0.000000
vn 0.000000 1.000000 -0.000000
vn 0.000000 1.000000 -0.000000
vn 0.000000 1.000000 -0.000000
vn 0.000000 1.000000 -0.000000
vn 0.000000 1.000000 -0.000000
vn 0.000000 1.000000 -0.000000
vn 0.000000 1.000000 -0.000000
vn 0.000000 1.000000 -0.000000
vn 0.000000 1.000000 -0.000000
vn 0.000000 1.000000 -0.000000
vn 0.000000 1.000000 -0.000000
vn 0.000000 1.000000 -0.000000
vn 0.000000 1.000000 -0.000000
vn 0.000000 1.000000 -0.000000
vn 0.000000 1.000000 -0.000000
vn 0.000000 1.000000 -0.000000
vn 0.000000 1.000000 -0.000000
vn 0.000000 1.000000 -0.000000
vn 0.000000 1.000000 -0.000000
vn 0.000000 1.000000 -0.000000
vn 0.000000 1.000000 -0.000000
vn 0.000000 1.000000 -0.000000
vn 0.000000 1.000000 -0.000000
vn 0.000000 1.000000 -0.000000
vn 0.000000 1.000000 -0.000000
vn 0.000000 1.000000 -0.000000
vn 0.000000 1.000000 -0.000000
vn 0.000000 1.000000 -0.000000
vn 0.000000 1.000000 -0.000000
vn 0.000000 1.000000 -0.000000
vn 0.000000 1.000000 -0.000000
vn 0.000000 1.000000 -0.000000
vn 0.000000 1.000000 -0.000000
vn 0.000000 1.000000 -0.000000
vn 0.000000 1.000000 -0.000000
vn 0.000000 1.000000 -0.000000
vn 0.000000 1.000000 -0.000000
vn 0.000000 1.000000 -0.000000
vn 0.000000 1.000000 -0.000000
vn 0.000000 1.000000 -0.000000
vn 0.000000 1.000000 -0.000000
vn 0.000000 1.000000 -0.000000
vn 0.000000 1.000000 -0.000000
vn 0.000000 1.000000 -0.000000
vn 0.000000 1.000000 -0.000000
vn 0.000000 1.000000 -0.000000
vn 0.000000 1.000000 -0.000000
vn 0.000000 1.000000 -0.000000
vn 0.000000 1.000000 -0.000000
vn 0.000000 1.000000 -0.000000
vn 0.000000 1.000000 -0.000000
vn 0.000000 1.000000 -0.000000
vn 0.000000 1.000000 -0.000000
vn 0.000000 1.000000 -0.000000
vn 0.000000 1.000000 -0.000000
vn 0.000000 1.000000 -0.000000
vn 0.000000 1.000000 -0.000000
vn 0.000000 1.000000 -0.000000
vn 0.000000 1.000000 -0.000000
vn 0.000000 1.000000 -0.000000
vn 0.000000 1.000000 -0.000000
vn 0.000000 1.000000 -0.000000
vn 0.000000 1.000000 -0.000000
vn 0.000000 1.000000 -0.000000
vn 0.000000 1.000000 -0.000000
vn 0.000000 1.000000 -0.000000
vn 0.000000 1.000000 -0.000000
vn 0.000000 1.000000 -0.000000
vn 0.000000 1.000000 -0.000000
vn 0.000000 1.000000 -0.000000
vn 0.000000 1.000000 -0.000000
vn 0.000000 1.000000 -0.000000
vn 0.000000 1.000000 -0.000000
vn 0.000000 1.000000 -0.000000
vn 0.000000 1.000000 -0.000000
vn 0.000000 1.000000 -0.000000
vn 0.000000 1.000000 -0.000000
vn 0.000000 1.000000 -0.000000
vn 0.000000 1.000000 -0.000000
vn 0.000000 1.000000 -0.000000
vn 0.000000 1.000000 -0.000000
vn 0.000000 1.000000 -0.000000
vn 0.000000 1.000000 -0.000000
vn 0.000000 1.000000 -0.000000
vn 0.000000 1.000000 -0.000000
vn 0.000000 1.000000 -0.000000
vn 0.000000 1.000000 -0.000000
vn 0.000000 1.000000 -0.000000
vn 0.000000 1.000000 -0.000000
vn 0.000000 1.000000 -0.000000
vn 0.000000 1.000000 -0.000000
vn 0.000000 1.000000 -0.000000
vn 0.000000 1.000000 -0.000000
vn 0.000000 1.000000 -0.000000
vn 0.000000 1.000000 -0.000000
vn 0.000000 1.000000 -0.000000
vn 0.000000 1.000000 -0.000000
vn 0.000000 1.000000 -0.000000
vn 0.000000 1.000000 -0.000000
vn 0.000000 1.000000 -0.000000
vn 0.000000 1.000000 -0.000000
vn 0.000000 1.000000 -0.000000
vn 0.000000 1.000000 -0.000000
vn 0.000000 1.000000 -0.000000
vn 0.000000 1.000000 -0.000000
vn 0.000000 1.000000 -0.000000
vn 0.000000 1.000000 -0.000000
vn 0.000000 1.000000 -0.000000
vn 0.000000 1.000000 -0.000000
vn 0.000000 1.000000 -0.000000
vn 0.000000 1.000000 -0.000000
vn 0.000000 1.000000 -0.000000
vn 0.000000 1.000000 -0.000000
vn 0.000000 1.000000 -0.000000
vn 0.000000 1.000000 -0.000000
vn 0.000000 1.000000 -0.000000
vn 0.000000 1.000000 -0.000000
vn 0.000000 1.000000 -0.000000
vn 0.000000 1.000000 -0.000000
vn 0.000000 1.000000 -0.000000
vn 0.000000 1.000000 -0.000000
vn 0.000000 1.000000 -0.000000
vn 0.000000 1.000000 -0.000000
vn 0.000000 1.000000 -0.000000
vn 0.000000 1.000000 -0.000000
vn 0.000000 1.000000 -0.000000
vn 0.000000 1.000000 -0.000000
vn 0.000000 1.000000 -0.000000
vn 0.000000 1.000000 -0.000000
vn 0.000000 1.000000 -0.000000
vn 0.000000 1.000000 -0.000000
vn 0.000000 1.000000 -0.000000
vn 0.000000 1.000000 -0.000000
vn 0.000000 1.000000 -0.000000
vn 0.000000 1.000000 -0.000000
vn 0.000000 1.000000 -0.000000
vn 0.000000 1.000000 -0.000000
vn 0.000000 1.000000 -0.000000
vn 0.000000 1.000000 -0.000000
vn 0.000000 1.000000 -0.000000
vn 0.000000 1.000000 -0.000000
vn 0.000000 1.000000 -0.000000
vn 0.000000 1.000000 -0.000000
vn 0.000000 1.000000 -0.000000
vn 0.000000 1.000000 -0.000000
vn 0.000000 1.000000 -0.000000
vn 0.000000 1.000000 -0.000000
vn 0.000000 1.000000 -0.000000
vn 0.000000 1.000000 -0.000000
vn 0.000000 1.000000 -0.000000
vn 0.000000 1.000000 -0.000000
vn 0.000000 1.000000 -0.000000
vn 0.000000 1.000000 -0.000000
vn 0.000000 1.000000 -0.000000
vn 0.000000 1.000000 -0.000000
vn 0.000000 1.000000 -0.000000
vn 0.000000 1.000000 -0.000000
vn 0.000000 1.000000 -0.000000
vn 0.000000 1.000000 -0.000000
vn 0.000000 1.000000 -0.000000
vn 0.000000 1.000000 -0.000000
vn 0.000000 1.000000 -0.000000
vn 0.000000 1.000000 -0.000000
vn 0.000000 1.000000 -0.000000
vn 0.000000 1.000000 -0.000000
vn 0.000000 1.000000 -0.000000
vn 0.000000 1.000000 -0.000000
vn 0.000000 1.000000 -0.000000
vn 0.000000 1.000000 -0.000000
vn 0.000000 1.000000 -0.000000
vn 0.000000 1.000000 -0.000000
vn 0.000000 1.000000 -0.000000
vn 0.000000 1.000000 -0.000000
vn 0.000000 1.000000 -0.000000
vn 0.000000 1.000000 -0.000000
vn 0.000000 1.000000 -0.000000
vn 0.000000 1.000000 -0.000000
vn 0.000000 1.000000 -0.000000
vn 0.000000 1.000000 -0.000000
vn 0.000000 1.000000 -0.000000
vn 0.000000 1.000000 -0.000000
vn 0.000000 1.000000 -0.000000
vn 0.000000 1.000000 -0.000000
vn 0.000000 1.000000 -0.000000
vn 0.000000 1.000000 -0.000000
vn 0.000000 1.000000 -0.000000
vn 0.000000 1.000000 -0.000000
vn 0.000000 1.000000 -0.000000
vn 0.000000 1.000000 -0.000000
vn 0.000000 1.000000 -0.000000
vn 0.000000 1.000000 -0.000000
vn 0.000000 1.000000 -0.000000
vn 0.000000 1.000000 -0.000000
vn 0.000000 1.000000 -0.000000
vn 0.000000 1.000000 -0.000000
vn 0.000000 1.000000 -0.000000
vn 0.000000 1.000000 -0.000000
vn 0.000000 1.000000 -0.000000
vn 0.000000 1.000000 -0.000000
vn 0.000000 1.000000 -0.000000
vn 0.000000 1.000000 -0.000000
vn 0.000000 1.000000 -0.000000
vn 0.000000 1.000000 -0.000000
vn 0.000000 1.000000 -0.000000
vn 0.000000 1.000000 -0.000000
vn 0.000000 1.000000 -0.000000
vn 0.000000 1.000000 -0.000000
vn 0.000000 1.000000 -0.000000
vn 0.000000 1.000000 -0.000000
vn 0.000000 1.000000 -0.000000
vn 0.000000 1.000000 -0.000000
vn 0.000000 1.000000 -0.000000
vn 0.000000 1.000000 -0.000000
vn 0.000000 1.000000 -0.000000
vn 0.000000 1.000000 -0.000000
vn 0.000000 1.000000 -0.000000
vn 0.000000 1.000000 -0.000000
vn 0.000000 1.000000 -0.000000
vn 0.000000 1.000000 -0.000000
vn 0.000000 1.000000 -0.000000
vn 0.000000 1.000000 -0.000000
vn 0.000000 1.000000 -0.000000
vn 0.000000 1.000000 -0.000000
vn 0.000000 1.000000 -0.000000
vn 0.000000 1.000000 -0.000000
vn 0.000000 1.000000 -0.000000
vn 0.000000 1.000000 -0.000000
vn 0.000000 1.000000 -0.000000
vn 0.000000 1.000000 -0.000000
vn 0.000000 1.000000 -0.000000
vn 0.000000 1.000000 -0.000000
vn 0.000000 1.000000 -0.000000
vn 0.000000 1.000000 -0.000000
vn 0.000000 1.000000 -0.000000
vn 0.000000 1.000000 -0.000000
vn 0.000000 1.000000 -0.000000
vn 0.000000 1.000000 -0.000000
vn 0.000000 1.000000 -0.000000
vn 0.000000 1.000000 -0.000000
vn 0.000000 1.000000 -0.000000
vn 0.000000 1.000000 -0.000000
vn 0.000000 1.000000 -0.000000
vn 0.000000 1.000000 -0.000000
vn 0.000000 1.000000 -0.000000
vn 0.000000 1.000000 -0.000000
vn 0.000000 1.000000 -0.000000
vn 0.000000 1.000000 -0.000000
vn 0.000000 1.000000 -0.000000
vn 0.000000 1.000000 -0.000000
vn 0.000000 1.000000 -0.000000
vn 0.000000 1.000000 -0.000000
vn 0.000000 1.000000 -0.000000
vn 0.000000 1.000000 -0.000000
vn 0.000000 1.000000 -0.000000
vn 0.000000 1.000000 -0.000000
vn 0.000000 1.000000 -0.000000
vn 0.000000 1.000000 -0.000000
vn 0.000000 1.000000 -0.000000
vn 0.000000 1.000000 -0.000000
vn 0.000000 1.000000 -0.000000
vn 0.000000 1.000000 -0.000000
vn 0.000000 1.000000 -0.000000
vn 0.000000 1.000000 -0.000000
vn 0.000000 1.000000 -0.000000
vn 0.000000 1.000000 -0.000000
vn 0.000000 1.000000 -0.000000
vn 0.000000 1.000000 -0.000000
vn 0.000000 1.000000 -0.000000
vn 0.000000 1.000000 -0.000000
vn 0.000000 1.000000 -0.000000
vn 0.000000 1.000000 -0.000000
vn 0.000000 1.000000 -0.000000
vn 0.000000 1.000000 -0.000000
vn 0.000000 1.000000 -0.000000
vn 0.000000 1.000000 -0.000000
vn 0.000000 1.000000 -0.000000
vn 0.000000 1.000000 -0.000000
vn 0.000000 1.000000 -0.000000
vn 0.000000 1.000000 -0.000000
vn 0.000000 1.000000 -0.000000
vn 0.000000 1.000000 -0.000000
vn 0.000000 1.000000 -0.000000
vn 0.000000 1.000000 -0.000000
vn 0.000000 1.000000 -0.000000
vn 0.000000 1.000000 -0.000000
vn 0.000000 1.000000 -0.000000
vn 0.000000 1.000000 -0.000000
vn 0.000000 1.000000 -0.000000
vn 0.000000 1.000000 -0.000000
vn 0.000000 1.000000 -0.000000
vn 0.000000 1.000000 -0.000000
vn 0.000000 1.000000 -0.000000
vn 0.000000 1.000000 -0.000000
vn 0.000000 1.000000 -0.000000
vn 0.000000 1.000000 -0.000000
vn 0.000000 1.000000 -0.000000
vn 0.000000 1.000000 -0.000000
vn 0.000000 1.000000 -0.000000
vn 0.000000 1.000000 -0.000000
vn 0.000000 1.000000 -0.000000
vn 0.000000 1.000000 -0.000000
vn 0.000000 1.000000 -0.000000
vn 0.000000 1.000000 -0.000000
vn 0.000000 1.000000 -0.000000
vn 0.000000 1.000000 -0.000000
vn 0.000000 1.000000 -0.000000
vn 0.000000 1.000000 -0.000000
vn 0.000000 1.000000 -0.000000
vn 0.000000 1.000000 -0.000000
vn 0.000000 1.000000 -0.000000
vn 0.000000 1.000000 -0.000000
vn 0.000000 1.000000 -0.000000
vn 0.000000 1.000000 -0.000000
vn 0.000000 1.000000 -0.000000
vn 0.000000 1.000000 -0.000000
vn 0.000000 1.000000 -0.000000
vn 0.000000 1.000000 -0.000000
vn 0.000000 1.000000 -0.000000
vn 0.000000 1.000000 -0.000000
vn 0.000000 1.000000 -0.000000
vn 0.000000 1.000000 -0.000000
vn 0.000000 1.000000 -0.000000
vn 0.000000 1.000000 -0.000000
vn 0.000000 1.000000 -0.000000
vn 0.000000 1.000000 -0.000000
vn 0.000000 1.000000 -0.000000
vn 0.000000 1.000000 -0.000000
vn 0.000000 1.000000 -0.000000
vn 0.000000 1.000000 -0.000000
vn 0.000000 1.000000 -0.000000
vn 0.000000 1.000000 -0.000000
vn 0.000000 1.000000 -0.000000
vn 0.000000 1.000000 -0.000000
vn 0.000000 1.000000 -0.000000
vn 0.000000 1.000000 -0.000000
vn 0.000000 1.000000 -0.000000
vn 0.000000 1.000000 -0.000000
vn 0.000000 1.000000 -0.000000
vn 0.000000 1.000000 -0.000000
vn 0.000000 1.000000 -0.000000
vn 0.000000 1.000000 -0.000000
vn 0.000000 1.000000 -0.000000
vn 0.000000 1.000000 -0.000000
vn 0.000000 1.000000 -0.000000
vn 0.000000 1.000000 -0.000000
vn 0.000000 1.000000 -0.000000
vn 0.000000 1.000000 -0.000000
vn 0.000000 1.000000 -0.000000
vn 0.000000 1.000000 -0.000000
vn 0.000000 1.000000 -0.000000
vn 0.000000 1.000000 -0.000000
vn 0.000000 1.000000 -0.000000
vn 0.000000 1.000000 -0.000000
vn 0.000000 1.000000 -0.000000
vn 0.000000 1.000000 -0.000000
vn 0.000000 1.000000 -0.000000
vn 0.000000 1.000000 -0.000000
vn 0.000000 1.000000 -0.000000
vn 0.000000 1.000000 -0.000000
vn 0.000000 1.000000 -0.000000
vn 0.000000 1.000000 -0.000000
vn 0.000000 1.000000 -0.000000
vn 0.000000 1.000000 -0.000000
vn 0.000000 1.000000 -0.000000
vn 0.000000 1.000000 -0.000000
vn 0.000000 1.000000 -0.000000
vn 0.000000 1.000000 -0.000000
vn 0.000000 1.000000 -0.000000
vn 0.000000 1.000000 -0.000000
vn 0.000000 1.000000 -0.000000
vn 0.000000 1.000000 -0.000000
vn 0.000000 1.000000 -0.000000
vn 0.000000 1.000000 -0.000000
vn 0.000000 1.000000 -0.000000
vn 0.000000 1.000000 -0.000000
vn 0.000000 1.000000 -0.000000
vn 0.000000 1.000000 -0.000000
vn 0.000000 1.000000 -0.000000
vn 0.000000 1.000000 -0.000000
vn 0.000000 1.000000 -0.000000
vn 0.000000 1.000000 -0.000000
vn 0.000000 1.000000 -0.000000
vn 0.000000 1.000000 -0.000000
vn 0.000000 1.000000 -0.000000
vn 0.000000 1.000000 -0.000000
vn 0.000000 1.000000 -0.000000
vn 0.000000 1.000000 -0.000000
vn 0.000000 1.000000 -0.000000
vn 0.000000 1.000000 -0.000000
vn 0.000000 1.000000 -0.000000
vn 0.000000 1.000000 -0.000000
vn 0.000000 1.000000 -0.000000
vn 0.000000 1.000000 -0.000000
vn 0.000000 1.000000 -0.000000
vn 0.000000 1.000000 -0.000000
vn 0.000000 1.000000 -0.000000
vn 0.000000 1.000000 -0.000000
vn 0.000000 1.000000 -0.000000
vn 0.000000 1.000000 -0.000000
vn 0.000000 1.000000 -0.000000
vn 0.000000 1.000000 -0.000000
vn 0.000000 1.000000 -0.000000
vn 0.000000 1.000000 -0.000000
vn 0.000000 1.000000 -0.000000
vn 0.000000 1.000000 -0.000000
vn 0.000000 1.000000 -0.000000
vn 0.000000 1.000000 -0.000000
vn 0.000000 1.000000 -0.000000
vn 0.000000 1.000000 -0.000000
vn 0.000000 1.000000 -0.000000
vn 0.000000 1.000000 -0.000000
vn 0.000000 1.000000 -0.000000
vn 0.000000 1.000000 -0.000000
vn 0.000000 1.000000 -0.000000
vn 0.000000 1.000000 -0.000000
vn 0.000000 1.000000 -0.000000
vn 0.000000 1.000000 -0.000000
vn 0.000000 1.000000 -0.000000
vn 0.000000 1.000000 -0.000000
vn 0.000000 1.000000 -0.000000
vn 0.000000 1.000000 -0.000000
vn 0.000000 1.000000 -0.000000
vn 0.000000 1.000000 -0.000000
vn 0.000000 1.000000 -0.000000
vn 0.000000 1.000000 -0.000000
vn 0.000000 1.000000 -0.000000
vn 0.000000 1.000000 -0.000000
vn 0.000000 1.000000 -0.000000
vn 0.000000 1.000000 -0.000000
vn 0.000000 1.000000 -0.000000
vn 0.000000 1.000000 -0.000000
vn 0.000000 1.000000 -0.000000
vn 0.000000 1.000000 -0.000000
vn 0.000000 1.000000 -0.000000
vn 0.000000 1.000000 -0.000000
vn 0.000000 1.000000 -0.000000
vn 0.000000 1.000000 -0.000000
vn 0.000000 1.000000 -0.000000
vn 0.000000 1.000000 -0.000000
vn 0.000000 1.000000 -0.000000
vn 0.000000 1.000000 -0.000000
vn 0.000000 1.000000 -0.000000
vn 0.000000 1.000000 -0.000000
vn 0.000000 1.000000 -0.000000
vn 0.000000 1.000000 -0.000000
vn 0.000000 1.000000 -0.000000
vn 0.000000 1.000000 -0.000000
vn 0.000000 1.000000 -0.000000
vn 0.000000 1.000000 -0.000000
vn 0.000000 1.000000 -0.000000
vn 0.000000 1.000000 -0.000000
vn 0.000000 1.000000 -0.000000
vn 0.000000 1.000000 -0.000000
vn 0.000000 1.000000 -0.000000
vn 0.000000 1.000000 -0.000000
vn 0.000000 1.000000 -0.000000
vn 0.000000 1.000000 -0.000000
vn 0.000000 1.000000 -0.000000
vn 0.000000 1.000000 -0.000000
vn 0.000000 1.000000 -0.000000
vn 0.000000 1.000000 -0.000000
vn 0.000000 1.000000 -0.000000
vn 0.000000 1.000000 -0.000000
vn 0.000000 1.000000 -0.000000
vn 0.000000 1.000000 -0.000000
vn 0.000000 1.000000 -0.000000
vn 0.000000 1.000000 -0.000000
vn 0.000000 1.000000 -0.000000
vn 0.000000 1.000000 -0.000000
vn 0.000000 1.000000 -0.000000
vn 0.000000 1.000000 -0.000000
vn 0.000000 1.000000 -0.000000
vn 0.000000 1.000000 -0.000000
vn 0.000000 1.000000 -0.000000
vn 0.000000 1.000000 -0.000000
vn 0.000000 1.000000 -0.000000
vn 0.000000 1.000000 -0.000000
vn 0.000000 1.000000 -0.000000
vn 0.000000 1.000000 -0.000000
vn 0.000000 1.000000 -0.000000
vn 0.000000 1.000000 -0.000000
vn 0.000000 1.000000 -0.000000
vn 0.000000 1.000000 -0.000000
vn 0.000000 1.000000 -0.000000
vn 0.000000 1.000000 -0.000000
vn 0.000000 1.000000 -0.000000
vn 0.000000 1.000000 -0.000000
vn 0.000000 1.000000 -0.000000
vn 0.000000 1.000000 -0.000000
vn 0.000000 1.000000 -0.000000
vn 0.000000 1.000000 -0.000000
vn 0.000000 1.000000 -0.000000
vn 0.000000 1.000000 -0.000000
vn 0.000000 1.000000 -0.000000
vn 0.000000 1.000000 -0.000000
vn 0.000000 1.000000 -0.000000
vn 0.000000 1.000000 -0.000000
vn 0.000000 1.000000 -0.000000
vn 0.000000 1.000000 -0.000000
vn 0.000000 1.000000 -0.000000
vn 0.000000 1.000000 -0.000000
vn 0.000000 1.000000 -0.000000
vn 0.000000 1.000000 -0.000000
vn 0.000000 1.000000 -0.000000
vn 0.000000 1.000000 -0.000000
vn 0.000000 1.000000 -0.000000
vn 0.000000 1.000000 -0.000000
vn 0.000000 1.000000 -0.000000
vn 0.000000 1.000000 -0.000000
vn 0.000000 1.000000 -0.000000
vn 0.000000 1.000000 -0.000000
vn 0.000000 1.000000 -0.000000
vn 0.000000 1.000000 -0.000000
vn 0.000000 1.000000 -0.000000
vn 0.000000 1.000000 -0.000000
vn 0.000000 1.000000 -0.000000
vn 0.000000 1.000000 -0.000000
vn 0.000000 1.000000 -0.000000
vn 0.000000 1.000000 -0.000000
vn 0.000000 1.000000 -0.000000
vn 0.000000 1.000000 -0.000000
vn 0.000000 1.000000 -0.000000
vn 0.000000 1.000000 -0.000000
vn 0.000000 1.000000 -0.000000
vn 0.000000 1.000000 -0.000000
vn 0.000000 1.000000 -0.000000
vn 0.000000 1.000000 -0.000000
vn 0.000000 1.000000 -0.000000
vn 0.000000 1.000000 -0.000000
vn 0.000000 1.000000 -0.000000
vn 0.000000 1.000000 -0.000000
vn 0.000000 1.000000 -0.000000
vn 0.000000 1.000000 -0.000000
vn 0.000000 1.000000 -0.000000
vn 0.000000 1.000000 -0.000000
vn 0.000000 1.000000 -0.000000
vn 0.000000 1.000000 -0.000000
vn 0.000000 1.000000 -0.000000
vn 0.000000 1.000000 -0.000000
vn 0.000000 1.000000 -0.000000
vn 0.000000 1.000000 -0.000000
vn 0.000000 1.000000 -0.000000
vn 0.000000 1.000000 -0.000000
vn 0.000000 1.000000 -0.000000
vn 0.000000 1.000000 -0.000000
vn 0.000000 1.000000 -0.000000
vn 0.000000 1.000000 -0.000000
vn 0.000000 1.000000 -0.000000
vn 0.000000 1.000000 -0.000000
vn 0.000000 1.000000 -0.000000
vn 0.000000 1.000000 -0.000000
vn 0.000000 1.000000 -0.000000
vn 0.000000 1.000000 -0.000000
vn 0.000000 1.000000 -0.000000
vn 0.000000 1.000000 -0.000000
vn 0.000000 1.000000 -0.000000
vn 0.000000 1.000000 -0.000000
vn 0.000000 1.000000 -0.000000
vn 0.000000 1.000000 -0.000000
vn 0.000000 1.000000 -0.000000
vn 0.000000 1.000000 -0.000000
vn 0.000000 1.000000 -0.000000
vn 0.000000 1.000000 -0.000000
vn 0.000000 1.000000 -0.000000
vn 0.000000 1.000000 -0.000000
vn 0.000000 1.000000 -0.000000
vn 0.000000 1.000000 -0.000000
vn 0.000000 1.000000 -0.000000
vn 0.000000 1.000000 -0.000000
vn 0.000000 1.000000 -0.000000
vn 0.000000 1.000000 -0.000000
vn 0.000000 1.000000 -0.000000
vn 0.000000 1.000000 -0.000000
vn 0.000000 1.000000 -0.000000
vn 0.000000 1.000000 -0.000000
vn 0.000000 1.000000 -0.000000
vn 0.000000 1.000000 -0.000000
vn 0.000000 1.000000 -0.000000
vn 0.000000 1.000000 -0.000000
vn 0.000000 1.000000 -0.000000
vn 0.000000 1.000000 -0.000000
vn 0.000000 1.000000 -0.000000
vn 0.000000 1.000000 -0.000000
vn 0.000000 1.000000 -0.000000
vn 0.000000 1.000000 -0.000000
vn 0.000000 1.000000 -0.000000
vn 0.000000 1.000000 -0.000000
vn 0.000000 1.000000 -0.000000
vn 0.000000 1.000000 -0.000000
vn 0.000000 1.000000 -0.000000
vn 0.000000 1.000000 -0.000000
vn 0.000000 1.000000 -0.000000
vn 0.000000 1.000000 -0.000000
vn 0.000000 1.000000 -0.000000
vn 0.000000 1.000000 -0.000000
vn 0.000000 1.000000 -0.000000
vn 0.000000 1.000000 -0.000000
vn 0.000000 1.000000 -0.000000
vn 0.000000 1.000000 -0.000000
vn 0.000000 1.000000 -0.000000
vn 0.000000 1.000000 -0.000000
vn 0.000000 1.000000 -0.000000
vn 0.000000 1.000000 -0.000000
vn 0.000000 1.000000 -0.000000
vn 0.000000 1.000000 -0.000000
vn 0.000000 1.000000 -0.000000
vn 0.000000 1.000000 -0.000000
vn 0.000000 1.000000 -0.000000
vn 0.000000 1.000000 -0.000000
vn 0.000000 1.000000 -0.000000
vn 0.000000 1.000000 -0.000000
vn 0.000000 1.000000 -0.000000
vn 0.000000 1.000000 -0.000000
vn 0.000000 1.000000 -0.000000
vn 0.000000 1.000000 -0.000000
vn 0.000000 1.000000 -0.000000
vn 0.000000 1.000000 -0.000000
vn 0.000000 1.000000 -0.000000
vn 0.000000 1.000000 -0.000000
vn 0.000000 1.000000 -0.000000
vn 0.000000 1.000000 -0.000000
vn 0.000000 1.000000 -0.000000
vn 0.000000 1.000000 -0.000000
vn 0.000000 1.000000 -0.000000
vn 0.000000 1.000000 -0.000000
vn 0.000000 1.000000 -0.000000
vn 0.000000 1.000000 -0.000000
vn 0.000000 1.000000 -0.000000
vn 0.000000 1.000000 -0.000000
vn 0.000000 1.000000 -0.000000
vn 0.000000 1.000000 -0.000000
vn 0.000000 1.000000 -0.000000
vn 0.000000 1.000000 -0.000000
vn 0.000000 1.000000 -0.000000
vn 0.000000 1.000000 -0.000000
vn 0.000000 1.000000 -0.000000
vn 0.000000 1.000000 -0.000000
vn 0.000000 1.000000 -0.000000
vn 0.000000 1.000000 -0.000000
vn 0.000000 1.000000 -0.000000
vn 0.000000 1.000000 -0.000000
vn 0.000000 1.000000 -0.000000
vn 0.000000 1.000000 -0.000000
vn 0.000000 1.000000 -0.000000
vn 0.000000 1.000000 -0.000000
vn 0.000000 1.000000 -0.000000
vn 0.000000 1.000000 -0.000000
vn 0.000000 1.000000 -0.000000
vn 0.000000 1.000000 -0.000000
vn 0.000000 1.000000 -0.000000
vn 0.000000 1.000000 -0.000000
vn 0.000000 1.000000 -0.000000
vn 0.000000 1.000000 -0.000000
vn 0.000000 1.000000 -0.000000
vn 0.000000 1.000000 -0.000000
vn 0.000000 1.000000 -0.000000
vn 0.000000 1.000000 -0.000000
vn 0.000000 1.000000 -0.000000
vn 0.000000 1.000000 -0.000000
vn 0.000000 1.000000 -0.000000
vn 0.000000 1.000000 -0.000000
vn 0.000000 1.000000 -0.000000
vn 0.000000 1.000000 -0.000000
vn 0.000000 1.000000 -0.000000
vn 0.000000 1.000000 -0.000000
vn 0.000000 1.000000 -0.000000
vn 0.000000 1.000000 -0.000000
vn 0.000000 1.000000 -0.000000
vn 0.000000 1.000000 -0.000000
vn 0.000000 1.000000 -0.000000
vn 0.000000 1.000000 -0.000000
vn 0.000000 1.000000 -0.000000
vn 0.000000 1.000000 -0.000000
vn 0.000000 1.000000 -0.000000
vn 0.000000 1.000000 -0.000000
vn 0.000000 1.000000 -0.000000
vn 0.000000 1.000000 -0.000000
vn 0.000000 1.000000 -0.000000
vn 0.000000 1.000000 -0.000000
vn 0.000000 1.000000 -0.000000
vn 0.000000 1.000000 -0.000000
vn 0.000000 1.000000 -0.000000
vn 0.000000 1.000000 -0.000000
vn 0.000000 1.000000 -0.000000
vn 0.000000 1.000000 -0.000000
vn 0.000000 1.000000 -0.000000
vn 0.000000 1.000000 -0.000000
vn 0.000000 1.000000 -0.000000
vn 0.000000 1.000000 -0.000000
vn 0.000000 1.000000 -0.000000
vn 0.000000 1.000000 -0.000000
vn 0.000000 1.000000 -0.000000
vn 0.000000 1.000000 -0.000000
vn 0.000000 1.000000 -0.000000
vn 0.000000 1.000000 -0.000000
vn 0.000000 1.000000 -0.000000
vn 0.000000 1.000000 -0.000000
vn 0.000000 1.000000 -0.000000
vn 0.000000 1.000000 -0.000000
vn 0.000000 1.000000 -0.000000
vn 0.000000 1.000000 -0.000000
vn 0.000000 1.000000 -0.000000
vn 0.000000 1.000000 -0.000000
vn 0.000000 1.000000 -0.000000
vn 0.000000 1.000000 -0.000000
vn 0.000000 1.000000 -0.000000
vn 0.000000 1.000000 -0.000000
vn 0.000000 1.000000 -0.000000
vn 0.000000 1.000000 -0.000000
vn 0.000000 1.000000 -0.000000
vn 0.000000 1.000000 -0.000000
vn 0.000000 1.000000 -0.000000
vn 0.000000 1.000000 -0.000000
vn 0.000000 1.000000 -0.000000
vn 0.000000 1.000000 -0.000000
vn 0.000000 1.000000 -0.000000
vn 0.000000 1.000000 -0.000000
vn 0.000000 1.000000 -0.000000
vn 0.000000 1.000000 -0.000000
vn 0.000000 1.000000 -0.000000
vn 0.000000 1.000000 -0.000000
vn 0.000000 1.000000 -0.000000
vn 0.000000 1.000000 -0.000000
vn 0.000000 1.000000 -0.000000
vn 0.000000 1.000000 -0.000000
vn 0.000000 1.000000 -0.000000
vn 0.000000 1.000000 -0.000000
vn 0.000000 1.000000 -0.000000
vn 0.000000 1.000000 -0.000000
vn 0.000000 1.000000 -0.000000
vn 0.000000 1.000000 -0.000000
vn 0.000000 1.000000 -0.000000
vn 0.000000 1.000000 -0.000000
vn 0.000000 1.000000 -0.000000
vn 0.000000 1.000000 -0.000000
vn 0.000000 1.000000 -0.000000
vn 0.000000 1.000000 -0.000000
vn 0.000000 1.000000 -0.000000
vn 0.000000 1.000000 -0.000000
vn 0.000000 1.000000 -0.000000
vn 0.000000 1.000000 -0.000000
vn 0.000000 1.000000 -0.000000
vn 0.000000 1.000000 -0.000000
vn 0.000000 1.000000 -0.000000
vn 0.000000 1.000000 -0.000000
vn 0.000000 1.000000 -0.000000
vn 0.000000 1.000000 -0.000000
vn 0.000000 1.000000 -0.000000
vn 0.000000 1.000000 -0.000000
vn 0.000000 1.000000 -0.000000
vn 0.000000 1.000000 -0.000000
vn 0.000000 1.000000 -0.000000
vn 0.000000 1.000000 -0.000000
vn 0.000000 1.000000 -0.000000
vn 0.000000 1.000000 -0.000000
vn 0.000000 1.000000 -0.000000
vn 0.000000 1.000000 -0.000000
vn 0.000000 1.000000 -0.000000
vn 0.000000 1.000000 -0.000000
vn 0.000000 1.000000 -0.000000
vn 0.000000 1.000000 -0.000000
vn 0.000000 1.000000 -0.000000
vn 0.000000 1.000000 -0.000000
vn 0.000000 1.000000 -0.000000
vn 0.000000 1.000000 -0.000000
vn 0.000000 1.000000 -0.000000
vn 0.000000 1.000000 -0.000000
vn 0.000000 1.000000 -0.000000
vn 0.000000 1.000000 -0.000000
vn 0.000000 1.000000 -0.000000
vn 0.000000 1.000000 -0.000000
vn 0.000000 1.000000 -0.000000
vn 0.000000 1.000000 -0.000000
vn 0.000000 1.000000 -0.000000
vn 0.000000 1.000000 -0.000000
vn 0.000000 1.000000 -0.000000
vn 0.000000 1.000000 -0.000000
vn 0.000000 1.000000 -0.000000
vn 0.000000 1.000000 -0.000000
vn 0.000000 1.000000 -0.000000
vn 0.000000 1.000000 -0.000000
vn 0.000000 1.000000 -0.000000
vn 0.000000 1.000000 -0.000000
vn 0.000000 1.000000 -0.000000
vn 0.000000 1.000000 -0.000000
vn 0.000000 1.000000 -0.000000
vn 0.000000 1.000000 -0.000000
vn 0.000000 1.000000 -0.000000
vn 0.000000 1.000000 -0.000000
vn 0.000000 1.000000 -0.000000
vn 0.000000 1.000000 -0.000000
vn 0.000000 1.000000 -0.000000
vn 0.000000 1.000000 -0.000000
vn 0.000000 1.000000 -0.000000
vn 0.000000 1.000000 -0.000000
vn 0.000000 1.000000 -0.000000
vn 0.000000 1.000000 -0.000000
vn 0.000000 1.000000 -0.000000
vn 0.000000 1.000000 -0.000000
vn 0.000000 1.000000 -0.000000
vn 0.000000 1.000000 -0.000000
vn 0.000000 1.000000 -0.000000
vn 0.000000 1.000000 -0.000000
vn 0.000000 1.000000 -0.000000
vn 0.000000 1.000000 -0.000000
vn 0.000000 1.000000 -0.000000
vn 0.000000 1.000000 -0.000000
vn 0.000000 1.000000 -0.000000
vn 0.000000 1.000000 -0.000000
vn 0.000000 1.000000 -0.000000
vn 0.000000 1.000000 -0.000000
vn 0.000000 1.000000 -0.000000
vn 0.000000 1.000000 -0.000000
vn 0.000000 1.000000 -0.000000
vn 0.000000 1.000000 -0.000000
vn 0.000000 1.000000 -0.000000
vn 0.000000 1.000000 -0.000000
vn 0.000000 1.000000 -0.000000
vn 0.000000 1.000000 -0.000000
vn 0.000000 1.000000 -0.000000
vn 0.000000 1.000000 -0.000000
vn 0.000000 1.000000 -0.000000
vn 0.000000 1.000000 -0.000000
vn 0.000000 1.000000 -0.000000
vn 0.000000 1.000000 -0.000000
vn 0.000000 1.000000 -0.000000
vn 0.000000 1.000000 -0.000000
vn 0.000000 1.000000 -0.000000
vn 0.000000 1.000000 -0.000000
vn 0.000000 1.000000 -0.000000
vn 0.000000 1.000000 -0.000000
vn 0.000000 1.000000 -0.000000
vn 0.000000 1.000000 -0.000000
vn 0.000000 1.000000 -0.000000
vn 0.000000 1.000000 -0.000000
vn 0.000000 1.000000 -0.000000
vn 0.000000 1.000000 -0.000000
vn 0.000000 1.000000 -0.000000
vn 0.000000 1.000000 -0.000000
vn 0.000000 1.000000 -0.000000
vn 0.000000 1.000000 -0.000000
vn 0.000000 1.000000 -0.000000
vn 0.000000 1.000000 -0.000000
vn 0.000000 1.000000 -0.000000
vn 0.000000 1.000000 -0.000000
vn 0.000000 1.000000 -0.000000
vn 0.000000 1.000000 -0.000000
vn 0.000000 1.000000 -0.000000
vn 0.000000 1.000000 -0.000000
vn 0.000000 1.000000 -0.000000
vn 0.000000 1.000000 -0.000000
vn 0.000000 1.000000 -0.000000
vn 0.000000 1.000000 -0.000000
vn 0.000000 1.000000 -0.000000
vn 0.000000 1.000000 -0.000000
vn 0.000000 1.000000 -0.000000
vn 0.000000 1.000000 -0.000000
vn 0.000000 1.000000 -0.000000
vn 0.000000 1.000000 -0.000000
vn 0.000000 1.000000 -0.000000
vn 0.000000 1.000000 -0.000000
vn 0.000000 1.000000 -0.000000
vn 0.000000 1.000000 -0.000000
vn 0.000000 1.000000 -0.000000
vn 0.000000 1.000000 -0.000000
vn 0.000000 1.000000 -0.000000
vn 0.000000 1.000000 -0.000000
vn 0.000000 1.000000 -0.000000
vn 0.000000 1.000000 -0.000000
vn 0.000000 1.000000 -0.000000
vn 0.000000 1.000000 -0.000000
vn 0.000000 1.000000 -0.000000
vn 0.000000 1.000000 -0.000000
vn 0.000000 1.000000 -0.000000
vn 0.000000 1.000000 -0.000000
vn 0.000000 1.000000 -0.000000
vn 0.000000 1.000000 -0.000000
vn 0.000000 1.000000 -0.000000
vn 0.000000 1.000000 -0.000000
vn 0.000000 1.000000 -0.000000
vn 0.000000 1.000000 -0.000000
vn 0.000000 1.000000 -0.000000
vn 0.000000 1.000000 -0.000000
vn 0.000000 1.000000 -0.000000
vn 0.000000 1.000000 -0.000000
vn 0.000000 1.000000 -0.000000
vn 0.000000 1.000000 -0.000000
vn 0.000000 1.000000 -0.000000
vn 0.000000 1.000000 -0.000000
vn 0.000000 1.000000 -0.000000
vn 0.000000 1.000000 -0.000000
vn 0.000000 1.000000 -0.000000
vn 0.000000 1.000000 -0.000000
vn 0.000000 1.000000 -0.000000
vn 0.000000 1.000000 -0.000000
vn 0.000000 1.000000 -0.000000
vn 0.000000 1.000000 -0.000000
vn 0.000000 1.000000 -0.000000
vn 0.000000 1.000000 -0.000000
vn 0.000000 1.000000 -0.000000
vn 0.000000 1.000000 -0.000000
vn 0.000000 1.000000 -0.000000
vn 0.000000 1.000000 -0.000000
vn 0.000000 1.000000 -0.000000
vn 0.000000 1.000000 -0.000000
vn 0.000000 1.000000 -0.000000
vn 0.000000 1.000000 -0.000000
vn 0.000000 1.000000 -0.000000
vn 0.000000 1.000000 -0.000000
vn 0.000000 1.000000 -0.000000
vn 0.000000 1.000000 -0.000000
vn 0.000000 1.000000 -0.000000
vn 0.000000 1.000000 -0.000000
vn 0.000000 1.000000 -0.000000
vn 0.000000 1.000000 -0.000000
vn 0.000000 1.000000 -0.000000
vn 0.000000 1.000000 -0.000000
vn 0.000000 1.000000 -0.000000
vn 0.000000 1.000000 -0.000000
vn 0.000000 1.000000 -0.000000
vn 0.000000 1.000000 -0.000000
vn 0.000000 1.000000 -0.000000
vn 0.000000 1.000000 -0.000000
vn 0.000000 1.000000 -0.000000
vn 0.000000 1.000000 -0.000000
vn 0.000000 1.000000 -0.000000
vn 0.000000 1.000000 -0.000000
vn 0.000000 1.000000 -0.000000
vn 0.000000 1.000000 -0.000000
vn 0.000000 1.000000 -0.000000
vn 0.000000 1.000000 -0.000000
vn 0.000000 1.000000 -0.000000
vn 0.000000 1.000000 -0.000000
vn 0.000000 1.000000 -0.000000
vn 0.000000 1.000000 -0.000000
vn 0.000000 1.000000 -0.000000
vn 0.000000 1.000000 -0.000000
vn 0.000000 1.000000 -0.000000
vn 0.000000 1.000000 -0.000000
vn 0.000000 1.000000 -0.000000
vn 0.000000 1.000000 -0.000000
vn 0.000000 1.000000 -0.000000
vn 0.000000 1.000000 -0.000000
vn 0.000000 1.000000 -0.000000
vn 0.000000 1.000000 -0.000000
vn 0.000000 1.000000 -0.000000
vn 0.000000 1.000000 -0.000000
vn 0.000000 1.000000 -0.000000
vn 0.000000 1.000000 -0.000000
vn 0.000000 1.000000 -0.000000
vn 0.000000 1.000000 -0.000000
vn 0.000000 1.000000 -0.000000
vn 0.000000 1.000000 -0.000000
vn 0.000000 1.000000 -0.000000
vn 0.000000 1.000000 -0.000000
vn 0.000000 1.000000 -0.000000
vn 0.000000 1.000000 -0.000000
vn 0.000000 1.000000 -0.000000
vn 0.000000 1.000000 -0.000000
vn 0.000000 1.000000 -0.000000
vn 0.000000 1.000000 -0.000000
vn 0.000000 1.000000 -0.000000
vn 0.000000 1.000000 -0.000000
vn 0.000000 1.000000 -0.000000
vn 0.000000 1.000000 -0.000000
vn 0.000000 1.000000 -0.000000
vn 0.000000 1.000000 -0.000000
vn 0.000000 1.000000 -0.000000
vn 0.000000 1.000000 -0.000000
vn 0.000000 1.000000 -0.000000
vn 0.000000 1.000000 -0.000000
vn 0.000000 1.000000 -0.000000
vn 0.000000 1.000000 -0.000000
vn 0.000000 1.000000 -0.000000
vn 0.000000 1.000000 -0.000000
vn 0.000000 1.000000 -0.000000
vn 0.000000 1.000000 -0.000000
vn 0.000000 1.000000 -0.000000
vn 0.000000 1.000000 -0.000000
vn 0.000000 1.000000 -0.000000
vn 0.000000 1.000000 -0.000000
vn 0.000000 1.000000 -0.000000
vn 0.000000 1.000000 -0.000000
vn 0.000000 1.000000 -0.000000
vn 0.000000 1.000000 -0.000000
vn 0.000000 1.000000 -0.000000
vn 0.000000 1.000000 -0.000000
vn 0.000000 1.000000 -0.000000
vn 0.000000 1.000000 -0.000000
vn 0.000000 1.000000 -0.000000
vn 0.000000 1.000000 -0.000000
vn 0.000000 1.000000 -0.000000
vn 0.000000 1.000000 -0.000000
vn 0.000000 1.000000 -0.000000
vn 0.000000 1.000000 -0.000000
vn 0.000000 1.000000 -0.000000
vn 0.000000 1.000000 -0.000000
vn 0.000000 1.000000 -0.000000
vn 0.000000 1.000000 -0.000000
vn 0.000000 1.000000 -0.000000
vn 0.000000 1.000000 -0.000000
vn 0.000000 1.000000 -0.000000
vn 0.000000 1.000000 -0.000000
vn 0.000000 1.000000 -0.000000
vn 0.000000 1.000000 -0.000000
vn 0.000000 1.000000 -0.000000
vn 0.000000 1.000000 -0.000000
vn 0.000000 1.000000 -0.000000
vn 0.000000 1.000000 -0.000000
vn 0.000000 1.000000 -0.000000
vn 0.000000 1.000000 -0.000000
vn 0.000000 1.000000 -0.000000
vn 0.000000 1.000000 -0.000000
vn 0.000000 1.000000 -0.000000
vn 0.000000 1.000000 -0.000000
vn 0.000000 1.000000 -0.000000
vn 0.000000 1.000000 -0.000000
vn 0.000000 1.000000 -0.000000
vn 0.000000 1.000000 -0.000000
vn 0.000000 1.000000 -0.000000
vn 0.000000 1.000000 -0.000000
vn 0.000000 1.000000 -0.000000
vn 0.000000 1.000000 -0.000000
vn 0.000000 1.000000 -0.000000
vn 0.000000 1.000000 -0.000000
vn 0.000000 1.000000 -0.000000
vn 0.000000 1.000000 -0.000000
vn 0.000000 1.000000 -0.000000
vn 0.000000 1.000000 -0.000000
vn 0.000000 1.000000 -0.000000
vn 0.000000 1.000000 -0.000000
vn 0.000000 1.000000 -0.000000
vn 0.000000 1.000000 -0.000000
vn 0.000000 1.000000 -0.000000
vn 0.000000 1.000000 -0.000000
vn 0.000000 1.000000 -0.000000
vn 0.000000 1.000000 -0.000000
vn 0.000000 1.000000 -0.000000
vn 0.000000 1.000000 -0.000000
vn 0.000000 1.000000 -0.000000
vn 0.000000 1.000000 -0.000000
vn 0.000000 1.000000 -0.000000
vn 0.000000 1.000000 -0.000000
vn 0.000000 1.000000 -0.000000
vn 0.000000 1.000000 -0.000000
vn 0.000000 1.000000 -0.000000
vn 0.000000 1.000000 -0.000000
vn 0.000000 1.000000 -0.000000
vn 0.000000 1.000000 -0.000000
vn 0.000000 1.000000 -0.000000
vn 0.000000 1.000000 -0.000000
vn 0.000000 1.000000 -0.000000
vn 0.000000 1.000000 -0.000000
vn 0.000000 1.000000 -0.000000
vn 0.000000 1.000000 -0.000000
vn 0.000000 1.000000 -0.000000
vn 0.000000 1.000000 -0.000000
vn 0.000000 1.000000 -0.000000
vn 0.000000 1.000000 -0.000000
vn 0.000000 1.000000 -0.000000
vn 0.000000 1.000000 -0.000000
vn 0.000000 1.000000 -0.000000
vn 0.000000 1.000000 -0.000000
vn 0.000000 1.000000 -0.000000
vn 0.000000 1.000000 -0.000000
vn 0.000000 1.000000 -0.000000
vn 0.000000 1.000000 -0.000000
vn 0.000000 1.000000 -0.000000
vn 0.000000 1.000000 -0.000000
vn 0.000000 1.000000 -0.000000
vn 0.000000 1.000000 -0.000000
vn 0.000000 1.000000 -0.000000
vn 0.000000 1.000000 -0.000000
vn 0.000000 1.000000 -0.000000
vn 0.000000 1.000000 -0.000000
vn 0.000000 1.000000 -0.000000
vn 0.000000 1.000000 -0.000000
vn 0.000000 1.000000 -0.000000
vn 0.000000 1.000000 -0.000000
vn 0.000000 1.000000 -0.000000
vn 0.000000 1.000000 -0.000000
vn 0.000000 1.000000 -0.000000
vn 0.000000 1.000000 -0.000000
vn 0.000000 1.000000 -0.000000
vn 0.000000 1.000000 -0.000000
vn 0.000000 1.000000 -0.000000
vn 0.000000 1.000000 -0.000000
vn 0.000000 1.000000 -0.000000
vn 0.000000 1.000000 -0.000000
vn 0.000000 1.000000 -0.000000
vn 0.000000 1.000000 -0.000000
vn 0.000000 1.000000 -0.000000
vn 0.000000 1.000000 -0.000000
vn 0.000000 1.000000 -0.000000
vn 0.000000 1.000000 -0.000000
vn 0.000000 1.000000 -0.000000
vn 0.000000 1.000000 -0.000000
vn 0.000000 1.000000 -0.000000
vn 0.000000 1.000000 -0.000000
vn 0.000000 1.000000 -0.000000
vn 0.000000 1.000000 -0.000000
vn 0.000000 1.000000 -0.000000
vn 0.000000 1.000000 -0.000000
vn 0.000000 1.000000 -0.000000
vn 0.000000 1.000000 -0.000000
vn 0.000000 1.000000 -0.000000
vn 0.000000 1.000000 -0.000000
vn 0.000000 1.000000 -0.000000
vn 0.000000 1.000000 -0.000000
vn 0.000000 1.000000 -0.000000
vn 0.000000 1.000000 -0.000000
vn 0.000000 1.000000 -0.000000
vn 0.000000 1.000000 -0.000000
vn 0.000000 1.000000 -0.000000
vn 0.000000 1.000000 -0.000000
vn 0.000000 1.000000 -0.000000
vn 0.000000 1.000000 -0.000000
vn 0.000000 1.000000 -0.000000
vn 0.000000 1.000000 -0.000000
vn 0.000000 1.000000 -0.000000
vn 0.000000 1.000000 -0.000000
vn 0.000000 1.000000 -0.000000
vn 0.000000 1.000000 -0.000000
vn 0.000000 1.000000 -0.000000
vn 0.000000 1.000000 -0.000000
vn 0.000000 1.000000 -0.000000
vn 0.000000 1.000000 -0.000000
vn 0.000000 1.000000 -0.000000
vn 0.000000 1.000000 -0.000000
vn 0.000000 1.000000 -0.000000
vn 0.000000 1.000000 -0.000000
vn 0.000000 1.000000 -0.000000
vn 0.000000 1.000000 -0.000000
vn 0.000000 1.000000 -0.000000
vn 0.000000 1.000000 -0.000000
vn 0.000000 1.000000 -0.000000
vn 0.000000 1.000000 -0.000000
vn 0.000000 1.000000 -0.000000
vn 0.000000 1.000000 -0.000000
vn 0.000000 1.000000 -0.000000
vn 0.000000 1.000000 -0.000000
vn 0.000000 1.000000 -0.000000
vn 0.000000 1.000000 -0.000000
vn 0.000000 1.000000 -0.000000
vn 0.000000 1.000000 -0.000000
vn 0.000000 1.000000 -0.000000
vn 0.000000 1.000000 -0.000000
vn 0.000000 1.000000 -0.000000
vn 0.000000 1.000000 -0.000000
vn 0.000000 1.000000 -0.000000
vn 0.000000 1.000000 -0.000000
vn 0.000000 1.000000 -0.000000
vn 0.000000 1.000000 -0.000000
vn 0.000000 1.000000 -0.000000
vn 0.000000 1.000000 -0.000000
vn 0.000000 1.000000 -0.000000
vn 0.000000 1.000000 -0.000000
vn 0.000000 1.000000 -0.000000
vn 0.000000 1.000000 -0.000000
vn 0.000000 1.000000 -0.000000
vn 0.000000 1.000000 -0.000000
vn 0.000000 1.000000 -0.000000
vn 0.000000 1.000000 -0.000000
vn 0.000000 1.000000 -0.000000
vn 0.000000 1.000000 -0.000000
vn 0.000000 1.000000 -0.000000
vn 0.000000 1.000000 -0.000000
vn 0.000000 1.000000 -0.000000
vn 0.000000 1.000000 -0.000000
vn 0.000000 1.000000 -0.000000
vn 0.000000 1.000000 -0.000000
vn 0.000000 1.000000 -0.000000
vn 0.000000 1.000000 -0.000000
vn 0.000000 1.000000 -0.000000
vn 0.000000 1.000000 -0.000000
vn -0.999689 0.000000 -0.024931
vn -0.999689 -0.000000 -0.024931
vn -0.997204 -0.000000 -0.074729
vn -0.997204 0.000000 -0.074729
vn -0.992239 -0.000000 -0.124344
vn -0.992239 0.000000 -0.124344
vn -0.984808 -0.000000 -0.173649
vn -0.984808 0.000000 -0.173649
vn -0.974928 -0.000000 -0.222520
vn -0.974928 0.000000 -0.222520
vn -0.962624 -0.000000 -0.270841
vn -0.947927 -0.000000 -0.318486
vn -0.962624 0.000000 -0.270841
vn -0.947927 -0.000000 -0.318486
vn -0.930874 -0.000000 -0.365341
vn -0.930874 0.000000 -0.365341
vn -0.911506 -0.000000 -0.411287
vn -0.911506 0.000000 -0.411287
vn -0.889872 -0.000000 -0.456211
vn -0.866026 -0.000000 -0.500000
vn -0.889872 0.000000 -0.456211
vn -0.866026 -0.000000 -0.500000
vn -0.840026 0.000000 -0.542546
vn -0.840026 -0.000000 -0.542546
vn -0.811938 0.000000 -0.583744
vn -0.811938 -0.000000 -0.583744
vn -0.781831 0.000000 -0.623490
vn -0.781831 -0.000000 -0.623490
vn -0.749782 -0.000000 -0.661685
vn -0.749782 0.000000 -0.661685
vn -0.715867 -0.000000 -0.698237
vn -0.715867 0.000000 -0.698237
vn -0.680173 -0.000000 -0.733052
vn -0.642788 -0.000000 -0.766044
vn -0.680173 0.000000 -0.733052
vn -0.642788 -0.000000 -0.766044
vn -0.603805 0.000000 -0.797132
vn -0.603805 -0.000000 -0.797132
vn -0.563319 -0.000000 -0.826239
vn -0.521435 -0.000000 -0.853291
vn -0.563319 0.000000 -0.826239
vn -0.478255 -0.000000 -0.878221
vn -0.521435 -0.000000 -0.853291
vn -0.478255 -0.000000 -0.878221
vn -0.433883 -0.000000 -0.900969
vn -0.433883 0.000000 -0.900969
vn -0.388436 -0.000000 -0.921476
vn -0.388436 0.000000 -0.921476
vn -0.342020 -0.000000 -0.939693
vn -0.342020 0.000000 -0.939693
vn -0.294755 -0.000000 -0.955573
vn -0.294755 0.000000 -0.955573
vn -0.246758 -0.000000 -0.969077
vn -0.246758 0.000000 -0.969077
vn -0.198146 -0.000000 -0.980173
vn -0.198146 0.000000 -0.980173
vn -0.149043 -0.000000 -0.988831
vn -0.149043 0.000000 -0.988831
vn -0.099568 -0.000000 -0.995031
vn -0.099568 0.000000 -0.995031
vn -0.049847 -0.000000 -0.998757
vn -0.049847 0.000000 -0.998757
vn 0.000000 0.000000 -1.000000
vn 0.049847 0.000000 -0.998757
vn 0.000000 0.000000 -1.000000
vn 0.049847 0.000000 -0.998757
vn 0.099568 0.000000 -0.995031
vn 0.099568 0.000000 -0.995031
vn 0.149043 0.000000 -0.988831
vn 0.149043 0.000000 -0.988831
vn 0.198146 0.000000 -0.980173
vn 0.198146 0.000000 -0.980173
vn 0.246758 0.000000 -0.969077
vn 0.246758 0.000000 -0.969077
vn 0.294755 0.000000 -0.955573
vn 0.294755 0.000000 -0.955573
vn 0.342020 0.000000 -0.939693
vn 0.342020 0.000000 -0.939693
vn 0.388436 0.000000 -0.921476
vn 0.388436 0.000000 -0.921476
vn 0.433883 0.000000 -0.900969
vn 0.433883 0.000000 -0.900969
vn 0.478255 0.000000 -0.878221
vn 0.478255 0.000000 -0.878221
vn 0.521435 0.000000 -0.853291
vn 0.521435 0.000000 -0.853291
vn 0.563319 0.000000 -0.826239
vn 0.563319 0.000000 -0.826239
vn 0.603805 0.000000 -0.797132
vn 0.603805 0.000000 -0.797132
vn 0.642788 0.000000 -0.766044
vn 0.642788 0.000000 -0.766044
vn 0.680173 0.000000 -0.733052
vn 0.680173 0.000000 -0.733052
vn 0.715867 0.000000 -0.698237
vn 0.715867 0.000000 -0.698237
vn 0.749782 0.000000 -0.661685
vn 0.749782 0.000000 -0.661685
vn 0.781831 0.000000 -0.623490
vn 0.781831 0.000000 -0.623490
vn 0.811938 0.000000 -0.583744
vn 0.811938 0.000000 -0.583744
vn 0.840026 0.000000 -0.542546
vn 0.866026 0.000000 -0.500000
vn 0.840026 0.000000 -0.542546
vn 0.866026 0.000000 -0.500000
vn 0.889872 0.000000 -0.456211
vn 0.889872 0.000000 -0.456211
vn 0.911506 0.000000 -0.411287
vn 0.911506 0.000000 -0.411287
vn 0.930874 0.000000 -0.365341
vn 0.930874 0.000000 -0.365341
vn 0.947927 0.000000 -0.318486
vn 0.947927 0.000000 -0.318486
vn 0.962624 0.000000 -0.270841
vn 0.962624 0.000000 -0.270841
vn 0.974928 0.000000 -0.222520
vn 0.974928 0.000000 -0.222520
vn 0.984808 0.000000 -0.173649
vn 0.984808 0.000000 -0.173649
vn 0.992239 0.000000 -0.124344
vn 0.992239 0.000000 -0.124344
vn 0.997204 0.000000 -0.074729
vn 0.997204 0.000000 -0.074729
vn 0.999689 0.000000 -0.024931
vn 0.999689 -0.000000 -0.024931
vn 0.999689 0.000000 0.024931
vn 0.999689 0.000000 0.024931
vn 0.997204 0.000000 0.074729
vn 0.997204 0.000000 0.074729
vn 0.992239 0.000000 0.124344
vn 0.992239 0.000000 0.124344
vn 0.984808 0.000000 0.173649
vn 0.984808 0.000000 0.173649
vn 0.974928 0.000000 0.222520
vn 0.974928 0.000000 0.222520
vn 0.962624 0.000000 0.270841
vn 0.962624 0.000000 0.270841
vn 0.947927 0.000000 0.318486
vn 0.947927 0.000000 0.318486
vn 0.930874 0.000000 0.365341
vn 0.930874 0.000000 0.365341
vn 0.911506 0.000000 0.411287
vn 0.911506 0.000000 0.411287
vn 0.889872 0.000000 0.456211
vn 0.889872 0.000000 0.456211
vn 0.866026 0.000000 0.500000
vn 0.866026 0.000000 0.500000
vn 0.840026 0.000000 0.542546
vn 0.840026 0.000000 0.542546
vn 0.811938 0.000000 0.583744
vn 0.811938 0.000000 0.583744
vn 0.781831 0.000000 0.623490
vn 0.781831 0.000000 0.623490
vn 0.749782 0.000000 0.661685
vn 0.749782 0.000000 0.661685
vn 0.715867 0.000000 0.698237
vn 0.715867 0.000000 0.698237
vn 0.680173 0.000000 0.733052
vn 0.680173 0.000000 0.733052
vn 0.642788 0.000000 0.766044
vn 0.642788 0.000000 0.766044
vn 0.603805 0.000000 0.797132
vn 0.603805 0.000000 0.797132
vn 0.563319 0.000000 0.826239
vn 0.563319 0.000000 0.826239
vn 0.521435 0.000000 0.853291
vn 0.521435 0.000000 0.853291
vn 0.478255 0.000000 0.878221
vn 0.478255 0.000000 0.878221
vn 0.433883 0.000000 0.900969
vn 0.433883 0.000000 0.900969
vn 0.388436 0.000000 0.921476
vn 0.388436 0.000000 0.921476
vn 0.342020 0.000000 0.939693
vn 0.342020 0.000000 0.939693
vn 0.294755 0.000000 0.955573
vn 0.294755 0.000000 0.955573
vn 0.246758 0.000000 0.969077
vn 0.246758 0.000000 0.969077
vn 0.198146 0.000000 0.980173
vn 0.198146 0.000000 0.980173
vn 0.149043 0.000000 0.988831
vn 0.149043 0.000000 0.988831
vn 0.099568 0.000000 0.995031
vn 0.099568 0.000000 0.995031
vn 0.049847 0.000000 0.998757
vn 0.049847 0.000000 0.998757
vn 0.000000 0.000000 1.000000
vn 0.000000 0.000000 1.000000
vn -0.049847 0.000000 0.998757
vn -0.049847 0.000000 0.998757
vn -0.099568 0.000000 0.995031
vn -0.099568 0.000000 0.995031
vn -0.149043 0.000000 0.988831
vn -0.149043 0.000000 0.988831
vn -0.198146 0.000000 0.980173
vn -0.198146 0.000000 0.980173
vn -0.246758 0.000000 0.969077
vn -0.246758 0.000000 0.969077
vn -0.294755 0.000000 0.955573
vn -0.294755 0.000000 0.955573
vn -0.342020 0.000000 0.939693
vn -0.342020 0.000000 0.939693
vn -0.388436 0.000000 0.921476
vn -0.388436 0.000000 0.921476
vn -0.433883 0.000000 0.900969
vn -0.433883 0.000000 0.900969
vn -0.478255 0.000000 0.878221
vn -0.478255 0.000000 0.878221
vn -0.521435 0.000000 0.853291
vn -0.521435 0.000000 0.853291
vn -0.563319 0.000000 0.826239
vn -0.563319 0.000000 0.826239
vn -0.603805 0.000000 0.797132
vn -0.603805 0.000000 0.797132
vn -0.642788 0.000000 0.766044
vn -0.642788 0.000000 0.766044
vn -0.680173 0.000000 0.733052
vn -0.680173 0.000000 0.733052
vn -0.715867 0.000000 0.698237
vn -0.715867 0.000000 0.698237
vn -0.749782 0.000000 0.661685
vn -0.749782 0.000000 0.661685
vn -0.781831 0.000000 0.623490
vn -0.781831 0.000000 0.623490
vn -0.811938 0.000000 0.583744
vn -0.811938 0.000000 0.583744
vn -0.840026 0.000000 0.542546
vn -0.840026 0.000000 0.542546
vn -0.866026 0.000000 0.500000
vn -0.866026 0.000000 0.500000
vn -0.889872 0.000000 0.456211
vn -0.889872 0.000000 0.456211
vn -0.911506 0.000000 0.411287
vn -0.911506 0.000000 0.411287
vn -0.930874 0.000000 0.365341
vn -0.930874 0.000000 0.365341
vn -0.947927 0.000000 0.318486
vn -0.947927 0.000000 0.318486
vn -0.962624 0.000000 0.270841
vn -0.962624 0.000000 0.270841
vn -0.974928 0.000000 0.222520
vn -0.974928 0.000000 0.222520
vn -0.984808 0.000000 0.173649
vn -0.984808 0.000000 0.173649
vn -0.992239 0.000000 0.124344
vn -0.992239 0.000000 0.124344
vn -0.997204 0.000000 0.074729
vn -0.997204 0.000000 0.074729
vn -0.999689 0.000000 0.024931
vn -0.999689 0.000000 0.024931
vn -0.999689 -0.000000 -0.024930
vn -0.999689 0.000000 -0.024930
vn -0.997204 0.000000 -0.074730
vn -0.997204 0.000000 -0.074730
vn -0.992238 0.000000 -0.124350
vn -0.992238 0.000000 -0.124350
vn -0.984809 0.000000 -0.173643
vn -0.984809 0.000000 -0.173643
vn -0.974929 0.000000 -0.222517
vn -0.974929 0.000000 -0.222517
vn -0.962625 0.000000 -0.270839
vn -0.962625 0.000000 -0.270839
vn -0.947927 0.000000 -0.318489
vn -0.947927 0.000000 -0.318489
vn -0.930871 0.000000 -0.365347
vn -0.930871 0.000000 -0.365347
vn -0.911508 0.000000 -0.411282
vn -0.911508 0.000000 -0.411282
vn -0.889870 0.000000 -0.456214
vn -0.889870 0.000000 -0.456214
vn -0.866026 0.000000 -0.499999
vn -0.866026 0.000000 -0.499999
vn -0.840027 0.000000 -0.542544
vn -0.840027 0.000000 -0.542544
vn -0.811938 0.000000 -0.583744
vn -0.811938 0.000000 -0.583744
vn -0.781835 -0.000000 -0.623486
vn -0.781835 0.000000 -0.623486
vn -0.749775 -0.000000 -0.661693
vn -0.749775 0.000000 -0.661693
vn -0.715871 0.000000 -0.698233
vn -0.715871 0.000000 -0.698233
vn -0.680172 -0.000000 -0.733053
vn -0.680172 0.000000 -0.733053
vn -0.642787 0.000000 -0.766045
vn -0.642787 0.000000 -0.766045
vn -0.603808 0.000000 -0.797130
vn -0.603808 0.000000 -0.797130
vn -0.563314 0.000000 -0.826243
vn -0.563314 0.000000 -0.826243
vn -0.521438 0.000000 -0.853289
vn -0.521438 0.000000 -0.853289
vn -0.478257 0.000000 -0.878220
vn -0.478257 0.000000 -0.878220
vn -0.433878 0.000000 -0.900971
vn -0.433878 0.000000 -0.900971
vn -0.388436 0.000000 -0.921476
vn -0.388436 0.000000 -0.921476
vn -0.342021 0.000000 -0.939692
vn -0.342021 0.000000 -0.939692
vn -0.294756 0.000000 -0.955573
vn -0.294756 0.000000 -0.955573
vn -0.246757 0.000000 -0.969077
vn -0.246757 0.000000 -0.969077
vn -0.198145 0.000000 -0.980173
vn -0.198145 0.000000 -0.980173
vn -0.149043 0.000000 -0.988831
vn -0.149043 0.000000 -0.988831
vn -0.099568 0.000000 -0.995031
vn -0.099568 0.000000 -0.995031
vn -0.049845 0.000000 -0.998757
vn -0.049845 0.000000 -0.998757
vn -0.000000 0.000000 -1.000000
vn 0.000000 0.000000 -1.000000
vn 0.049845 0.000000 -0.998757
vn 0.099568 0.000000 -0.995031
vn 0.049845 0.000000 -0.998757
vn 0.099568 0.000000 -0.995031
vn 0.149043 0.000000 -0.988831
vn 0.149043 0.000000 -0.988831
vn 0.198145 0.000000 -0.980173
vn 0.198145 0.000000 -0.980173
vn 0.246757 0.000000 -0.969077
vn 0.246757 0.000000 -0.969077
vn 0.294756 0.000000 -0.955573
vn 0.294756 0.000000 -0.955573
vn 0.342021 0.000000 -0.939692
vn 0.342021 0.000000 -0.939692
vn 0.388436 0.000000 -0.921476
vn 0.388436 0.000000 -0.921476
vn 0.433878 0.000000 -0.900971
vn 0.433878 0.000000 -0.900971
vn 0.478257 0.000000 -0.878220
vn 0.478257 0.000000 -0.878220
vn 0.521438 0.000000 -0.853289
vn 0.521438 0.000000 -0.853289
vn 0.563314 0.000000 -0.826243
vn 0.563314 0.000000 -0.826243
vn 0.603808 0.000000 -0.797130
vn 0.603808 0.000000 -0.797130
vn 0.642787 0.000000 -0.766045
vn 0.642787 0.000000 -0.766045
vn 0.680172 0.000000 -0.733053
vn 0.680172 0.000000 -0.733053
vn 0.715871 0.000000 -0.698233
vn 0.715871 0.000000 -0.698233
vn 0.749775 0.000000 -0.661693
vn 0.749775 0.000000 -0.661693
vn 0.781835 0.000000 -0.623486
vn 0.781835 0.000000 -0.623486
vn 0.811938 0.000000 -0.583744
vn 0.811938 0.000000 -0.583744
vn 0.840027 0.000000 -0.542544
vn 0.866026 0.000000 -0.499999
vn 0.840027 0.000000 -0.542544
vn 0.866026 0.000000 -0.499999
vn 0.889870 0.000000 -0.456214
vn 0.889870 0.000000 -0.456214
vn 0.911508 0.000000 -0.411282
vn 0.911508 0.000000 -0.411282
vn 0.930871 0.000000 -0.365347
vn 0.930871 0.000000 -0.365347
vn 0.947927 0.000000 -0.318489
vn 0.947927 0.000000 -0.318489
vn 0.962625 0.000000 -0.270839
vn 0.962625 0.000000 -0.270839
vn 0.974929 0.000000 -0.222517
vn 0.974929 0.000000 -0.222517
vn 0.984809 0.000000 -0.173643
vn 0.984809 0.000000 -0.173643
vn 0.992238 0.000000 -0.124350
vn 0.992238 0.000000 -0.124350
vn 0.997204 0.000000 -0.074730
vn 0.997204 0.000000 -0.074730
vn 0.999689 0.000000 -0.024930
vn 0.999689 0.000000 -0.024930
vn 0.999689 0.000000 0.024930
vn 0.999689 0.000000 0.024930
vn 0.997204 -0.000000 0.074730
vn 0.997204 0.000000 0.074730
vn 0.992238 -0.000000 0.124350
vn 0.992238 0.000000 0.124350
vn 0.984809 -0.000000 0.173643
vn 0.984809 0.000000 0.173643
vn 0.974929 -0.000000 0.222517
vn 0.974929 0.000000 0.222517
vn 0.962625 -0.000000 0.270839
vn 0.962625 0.000000 0.270839
vn 0.947927 -0.000000 0.318489
vn 0.947927 0.000000 0.318489
vn 0.930871 -0.000000 0.365347
vn 0.930871 0.000000 0.365347
vn 0.911508 -0.000000 0.411282
vn 0.911508 0.000000 0.411282
vn 0.889870 -0.000000 0.456214
vn 0.889870 0.000000 0.456214
vn 0.866026 -0.000000 0.499999
vn 0.866026 0.000000 0.499999
vn 0.840027 -0.000000 0.542544
vn 0.840027 0.000000 0.542544
vn 0.811938 -0.000000 0.583744
vn 0.811938 0.000000 0.583744
vn 0.781835 -0.000000 0.623486
vn 0.781835 0.000000 0.623486
vn 0.749775 -0.000000 0.661693
vn 0.749775 0.000000 0.661693
vn 0.715871 -0.000000 0.698233
vn 0.715871 0.000000 0.698233
vn 0.680172 -0.000000 0.733053
vn 0.680172 0.000000 0.733053
vn 0.642787 -0.000000 0.766045
vn 0.642787 0.000000 0.766045
vn 0.603808 -0.000000 0.797130
vn 0.603808 0.000000 0.797130
vn 0.563314 0.000000 0.826243
vn 0.563314 -0.000000 0.826243
vn 0.521438 0.000000 0.853289
vn 0.521438 -0.000000 0.853289
vn 0.478257 0.000000 0.878220
vn 0.478257 -0.000000 0.878220
vn 0.433878 0.000000 0.900971
vn 0.433878 -0.000000 0.900971
vn 0.388436 0.000000 0.921476
vn 0.388436 -0.000000 0.921476
vn 0.342021 -0.000000 0.939692
vn 0.342021 0.000000 0.939692
vn 0.294756 -0.000000 0.955573
vn 0.294756 0.000000 0.955573
vn 0.246757 -0.000000 0.969077
vn 0.246757 0.000000 0.969077
vn 0.198145 -0.000000 0.980173
vn 0.198145 0.000000 0.980173
vn 0.149043 -0.000000 0.988831
vn 0.149043 0.000000 0.988831
vn 0.099568 -0.000000 0.995031
vn 0.099568 0.000000 0.995031
vn 0.049845 -0.000000 0.998757
vn 0.049845 0.000000 0.998757
vn 0.000000 0.000000 1.000000
vn -0.000000 0.000000 1.000000
vn -0.049845 0.000000 0.998757
vn -0.049845 0.000000 0.998757
vn -0.099568 0.000000 0.995031
vn -0.099568 0.000000 0.995031
vn -0.149043 0.000000 0.988831
vn -0.149043 0.000000 0.988831
vn -0.198145 0.000000 0.980173
vn -0.198145 0.000000 0.980173
vn -0.246757 0.000000 0.969077
vn -0.246757 0.000000 0.969077
vn -0.294756 0.000000 0.955573
vn -0.294756 0.000000 0.955573
vn -0.342021 0.000000 0.939692
vn -0.342021 0.000000 0.939692
vn -0.388436 0.000000 0.921476
vn -0.388436 0.000000 0.921476
vn -0.433878 0.000000 0.900971
vn -0.433878 0.000000 0.900971
vn -0.478257 0.000000 0.878220
vn -0.478257 0.000000 0.878220
vn -0.521438 0.000000 0.853289
vn -0.521438 0.000000 0.853289
vn -0.563314 0.000000 0.826243
vn -0.563314 0.000000 0.826243
vn -0.603808 0.000000 0.797130
vn -0.603808 0.000000 0.797130
vn -0.642787 0.000000 0.766045
vn -0.642787 0.000000 0.766045
vn -0.680172 0.000000 0.733053
vn -0.680172 0.000000 0.733053
vn -0.715871 0.000000 0.698233
vn -0.715871 0.000000 0.698233
vn -0.749775 0.000000 0.661693
vn -0.749775 0.000000 0.661693
vn -0.781835 0.000000 0.623486
vn -0.781835 0.000000 0.623486
vn -0.811938 0.000000 0.583744
vn -0.811938 0.000000 0.583744
vn -0.840027 0.000000 0.542544
vn -0.840027 0.000000 0.542544
vn -0.866026 0.000000 0.499999
vn -0.866026 0.000000 0.499999
vn -0.889870 0.000000 0.456214
vn -0.889870 0.000000 0.456214
vn -0.911508 0.000000 0.411282
vn -0.911508 0.000000 0.411282
vn -0.930871 0.000000 0.365347
vn -0.930871 0.000000 0.365347
vn -0.947927 0.000000 0.318489
vn -0.947927 0.000000 0.318489
vn -0.962625 0.000000 0.270839
vn -0.962625 0.000000 0.270839
vn -0.974929 0.000000 0.222517
vn -0.974929 0.000000 0.222517
vn -0.984809 0.000000 0.173643
vn -0.984809 0.000000 0.173643
vn -0.992238 0.000000 0.124350
vn -0.992238 0.000000 0.124350
vn -0.997204 0.000000 0.074730
vn -0.997204 0.000000 0.074730
vn -0.999689 0.000000 0.024930
vn -0.999689 0.000000 0.024930
vn -0.999689 0.000000 -0.024922
vn -0.999689 -0.000000 -0.024922
vn -0.997204 -0.000000 -0.074728
vn -0.997204 0.000000 -0.074728
vn -0.992240 -0.000000 -0.124341
vn -0.992240 0.000000 -0.124341
vn -0.984807 -0.000000 -0.173650
vn -0.984807 0.000000 -0.173650
vn -0.974925 -0.000000 -0.222534
vn -0.974925 0.000000 -0.222534
vn -0.962626 -0.000000 -0.270834
vn -0.947925 -0.000000 -0.318493
vn -0.962626 0.000000 -0.270834
vn -0.947925 -0.000000 -0.318493
vn -0.930875 -0.000000 -0.365338
vn -0.930875 0.000000 -0.365338
vn -0.911511 -0.000000 -0.411277
vn -0.911511 0.000000 -0.411277
vn -0.889868 -0.000000 -0.456218
vn -0.889868 0.000000 -0.456218
vn -0.866028 0.000000 -0.499996
vn -0.866028 -0.000000 -0.499996
vn -0.840022 0.000000 -0.542552
vn -0.840022 -0.000000 -0.542552
vn -0.811940 0.000000 -0.583741
vn -0.811940 -0.000000 -0.583741
vn -0.781834 0.000000 -0.623486
vn -0.781834 -0.000000 -0.623486
vn -0.749782 -0.000000 -0.661685
vn -0.749782 0.000000 -0.661685
vn -0.715869 -0.000000 -0.698234
vn -0.715869 0.000000 -0.698234
vn -0.680170 -0.000000 -0.733054
vn -0.680170 0.000000 -0.733054
vn -0.642790 -0.000000 -0.766042
vn -0.642790 0.000000 -0.766042
vn -0.603803 -0.000000 -0.797133
vn -0.563313 -0.000000 -0.826244
vn -0.603803 0.000000 -0.797133
vn -0.521429 -0.000000 -0.853295
vn -0.563313 -0.000000 -0.826244
vn -0.521429 -0.000000 -0.853295
vn -0.478261 -0.000000 -0.878218
vn -0.478261 0.000000 -0.878218
vn -0.433883 -0.000000 -0.900969
vn -0.433883 0.000000 -0.900969
vn -0.388439 -0.000000 -0.921474
vn -0.388439 0.000000 -0.921474
vn -0.342023 -0.000000 -0.939692
vn -0.342023 0.000000 -0.939692
vn -0.294756 -0.000000 -0.955572
vn -0.294756 0.000000 -0.955572
vn -0.246750 -0.000000 -0.969079
vn -0.246750 0.000000 -0.969079
vn -0.198153 -0.000000 -0.980171
vn -0.198153 0.000000 -0.980171
vn -0.149033 -0.000000 -0.988832
vn -0.149033 0.000000 -0.988832
vn -0.099572 -0.000000 -0.995030
vn -0.099572 0.000000 -0.995030
vn -0.049844 -0.000000 -0.998757
vn -0.049844 0.000000 -0.998757
vn 0.000000 0.000000 -1.000000
vn 0.049843 0.000000 -0.998757
vn 0.000000 0.000000 -1.000000
vn 0.049843 0.000000 -0.998757
vn 0.099572 0.000000 -0.995030
vn 0.099572 0.000000 -0.995030
vn 0.149035 0.000000 -0.988832
vn 0.149035 0.000000 -0.988832
vn 0.198150 0.000000 -0.980172
vn 0.198150 0.000000 -0.980172
vn 0.246750 0.000000 -0.969079
vn 0.246750 0.000000 -0.969079
vn 0.294762 0.000000 -0.955571
vn 0.294762 0.000000 -0.955571
vn 0.342016 0.000000 -0.939694
vn 0.342016 0.000000 -0.939694
vn 0.388446 0.000000 -0.921472
vn 0.388446 0.000000 -0.921472
vn 0.433883 0.000000 -0.900969
vn 0.433883 0.000000 -0.900969
vn 0.478253 0.000000 -0.878222
vn 0.478253 0.000000 -0.878222
vn 0.521429 0.000000 -0.853295
vn 0.521429 0.000000 -0.853295
vn 0.563321 0.000000 -0.826238
vn 0.563321 0.000000 -0.826238
vn 0.603803 0.000000 -0.797133
vn 0.603803 0.000000 -0.797133
vn 0.642781 0.000000 -0.766050
vn 0.642781 0.000000 -0.766050
vn 0.680180 0.000000 -0.733045
vn 0.680180 0.000000 -0.733045
vn 0.715869 0.000000 -0.698234
vn 0.715869 0.000000 -0.698234
vn 0.749772 0.000000 -0.661696
vn 0.749772 0.000000 -0.661696
vn 0.781834 0.000000 -0.623486
vn 0.781834 0.000000 -0.623486
vn 0.811940 0.000000 -0.583741
vn 0.811940 0.000000 -0.583741
vn 0.840031 0.000000 -0.542539
vn 0.840031 0.000000 -0.542539
vn 0.866019 0.000000 -0.500011
vn 0.866019 0.000000 -0.500011
vn 0.889876 0.000000 -0.456203
vn 0.889876 0.000000 -0.456203
vn 0.911503 0.000000 -0.411293
vn 0.911503 0.000000 -0.411293
vn 0.930875 0.000000 -0.365338
vn 0.930875 0.000000 -0.365338
vn 0.947931 0.000000 -0.318476
vn 0.947931 0.000000 -0.318476
vn 0.962621 0.000000 -0.270851
vn 0.962621 0.000000 -0.270851
vn 0.974929 0.000000 -0.222516
vn 0.974929 0.000000 -0.222516
vn 0.984807 0.000000 -0.173650
vn 0.984807 0.000000 -0.173650
vn 0.992240 0.000000 -0.124341
vn 0.992240 0.000000 -0.124341
vn 0.997204 0.000000 -0.074728
vn 0.997204 0.000000 -0.074728
vn 0.999689 0.000000 -0.024941
vn 0.999689 0.000000 -0.024941
vn 0.999689 0.000000 0.024941
vn 0.999689 0.000000 0.024941
vn 0.997204 0.000000 0.074728
vn 0.997204 0.000000 0.074728
vn 0.992240 0.000000 0.124341
vn 0.992240 0.000000 0.124341
vn 0.984808 0.000000 0.173648
vn 0.984808 0.000000 0.173648
vn 0.974928 0.000000 0.222518
vn 0.974928 0.000000 0.222518
vn 0.962621 0.000000 0.270851
vn 0.962621 0.000000 0.270851
vn 0.947931 0.000000 0.318476
vn 0.947931 0.000000 0.318476
vn 0.930876 0.000000 0.365335
vn 0.930876 0.000000 0.365335
vn 0.911502 0.000000 0.411296
vn 0.911502 0.000000 0.411296
vn 0.889874 0.000000 0.456207
vn 0.889874 0.000000 0.456207
vn 0.866024 0.000000 0.500002
vn 0.866024 0.000000 0.500002
vn 0.840028 0.000000 0.542543
vn 0.840028 0.000000 0.542543
vn 0.811940 0.000000 0.583741
vn 0.811940 0.000000 0.583741
vn 0.781831 0.000000 0.623491
vn 0.781831 0.000000 0.623491
vn 0.749777 0.000000 0.661691
vn 0.749777 0.000000 0.661691
vn 0.715869 0.000000 0.698234
vn 0.715869 0.000000 0.698234
vn 0.680175 0.000000 0.733050
vn 0.680175 0.000000 0.733050
vn 0.642781 0.000000 0.766050
vn 0.642781 0.000000 0.766050
vn 0.603803 0.000000 0.797133
vn 0.603803 0.000000 0.797133
vn 0.563328 0.000000 0.826233
vn 0.563328 0.000000 0.826233
vn 0.521436 0.000000 0.853290
vn 0.521436 0.000000 0.853290
vn 0.478246 0.000000 0.878226
vn 0.478246 0.000000 0.878226
vn 0.433883 0.000000 0.900969
vn 0.433883 0.000000 0.900969
vn 0.388446 0.000000 0.921472
vn 0.388446 0.000000 0.921472
vn 0.342016 0.000000 0.939694
vn 0.342016 0.000000 0.939694
vn 0.294753 0.000000 0.955573
vn 0.294753 0.000000 0.955573
vn 0.246759 0.000000 0.969077
vn 0.246759 0.000000 0.969077
vn 0.198150 0.000000 0.980172
vn 0.198150 0.000000 0.980172
vn 0.149035 0.000000 0.988832
vn 0.149035 0.000000 0.988832
vn 0.099572 0.000000 0.995030
vn 0.099572 0.000000 0.995030
vn 0.049843 0.000000 0.998757
vn 0.049843 0.000000 0.998757
vn 0.000000 0.000000 1.000000
vn 0.000000 0.000000 1.000000
vn -0.049844 0.000000 0.998757
vn -0.049844 0.000000 0.998757
vn -0.099572 0.000000 0.995030
vn -0.099572 0.000000 0.995030
vn -0.149033 0.000000 0.988832
vn -0.149033 0.000000 0.988832
vn -0.198153 0.000000 0.980171
vn -0.198153 0.000000 0.980171
vn -0.246759 0.000000 0.969077
vn -0.246759 0.000000 0.969077
vn -0.294748 0.000000 0.955575
vn -0.294748 0.000000 0.955575
vn -0.342023 0.000000 0.939692
vn -0.342023 0.000000 0.939692
vn -0.388439 0.000000 0.921474
vn -0.388439 0.000000 0.921474
vn -0.433883 0.000000 0.900969
vn -0.433883 0.000000 0.900969
vn -0.478254 0.000000 0.878222
vn -0.478254 0.000000 0.878222
vn -0.521436 0.000000 0.853290
vn -0.521436 0.000000 0.853290
vn -0.563319 0.000000 0.826240
vn -0.563319 0.000000 0.826240
vn -0.603803 0.000000 0.797133
vn -0.603803 0.000000 0.797133
vn -0.642790 0.000000 0.766042
vn -0.642790 0.000000 0.766042
vn -0.680165 0.000000 0.733059
vn -0.680165 0.000000 0.733059
vn -0.715869 0.000000 0.698234
vn -0.715869 0.000000 0.698234
vn -0.749786 0.000000 0.661680
vn -0.749786 0.000000 0.661680
vn -0.781831 0.000000 0.623491
vn -0.781831 0.000000 0.623491
vn -0.811940 0.000000 0.583741
vn -0.811940 0.000000 0.583741
vn -0.840019 0.000000 0.542557
vn -0.840019 0.000000 0.542557
vn -0.866032 0.000000 0.499988
vn -0.866032 0.000000 0.499988
vn -0.889866 0.000000 0.456222
vn -0.889866 0.000000 0.456222
vn -0.911509 0.000000 0.411280
vn -0.911509 0.000000 0.411280
vn -0.930876 0.000000 0.365335
vn -0.930876 0.000000 0.365335
vn -0.947925 0.000000 0.318493
vn -0.947925 0.000000 0.318493
vn -0.962626 0.000000 0.270834
vn -0.962626 0.000000 0.270834
vn -0.974924 0.000000 0.222537
vn -0.974924 0.000000 0.222537
vn -0.984808 0.000000 0.173648
vn -0.984808 0.000000 0.173648
vn -0.992240 0.000000 0.124341
vn -0.992240 0.000000 0.124341
vn -0.997204 0.000000 0.074728
vn -0.997204 0.000000 0.074728
vn -0.999689 0.000000 0.024922
vn -0.999689 0.000000 0.024922
vn -0.999689 0.000000 -0.024941
vn -0.999689 -0.000000 -0.024941
vn -0.997204 -0.000000 -0.074728
vn -0.997204 0.000000 -0.074728
vn -0.992240 -0.000000 -0.124341
vn -0.992240 0.000000 -0.124341
vn -0.984807 -0.000000 -0.173650
vn -0.984807 0.000000 -0.173650
vn -0.974929 -0.000000 -0.222516
vn -0.974929 0.000000 -0.222516
vn -0.962621 -0.000000 -0.270851
vn -0.947931 -0.000000 -0.318476
vn -0.962621 0.000000 -0.270851
vn -0.947931 -0.000000 -0.318476
vn -0.930875 -0.000000 -0.365338
vn -0.930875 0.000000 -0.365338
vn -0.911503 -0.000000 -0.411293
vn -0.911503 0.000000 -0.411293
vn -0.889876 -0.000000 -0.456203
vn -0.889876 0.000000 -0.456203
vn -0.866019 0.000000 -0.500011
vn -0.866019 -0.000000 -0.500011
vn -0.840031 0.000000 -0.542539
vn -0.840031 -0.000000 -0.542539
vn -0.811940 0.000000 -0.583741
vn -0.811940 -0.000000 -0.583741
vn -0.781834 0.000000 -0.623486
vn -0.781834 -0.000000 -0.623486
vn -0.749772 -0.000000 -0.661696
vn -0.749772 0.000000 -0.661696
vn -0.715869 -0.000000 -0.698234
vn -0.715869 0.000000 -0.698234
vn -0.680180 -0.000000 -0.733045
vn -0.680180 0.000000 -0.733045
vn -0.642781 -0.000000 -0.766050
vn -0.642781 0.000000 -0.766050
vn -0.603803 -0.000000 -0.797133
vn -0.563321 -0.000000 -0.826238
vn -0.603803 0.000000 -0.797133
vn -0.521429 -0.000000 -0.853295
vn -0.563321 -0.000000 -0.826238
vn -0.521429 -0.000000 -0.853295
vn -0.478253 -0.000000 -0.878222
vn -0.478253 0.000000 -0.878222
vn -0.433883 -0.000000 -0.900969
vn -0.433883 0.000000 -0.900969
vn -0.388446 -0.000000 -0.921472
vn -0.388446 0.000000 -0.921472
vn -0.342016 -0.000000 -0.939694
vn -0.342016 0.000000 -0.939694
vn -0.294762 -0.000000 -0.955571
vn -0.294762 0.000000 -0.955571
vn -0.246750 -0.000000 -0.969079
vn -0.246750 0.000000 -0.969079
vn -0.198150 -0.000000 -0.980172
vn -0.198150 0.000000 -0.980172
vn -0.149035 -0.000000 -0.988832
vn -0.149035 0.000000 -0.988832
vn -0.099572 -0.000000 -0.995030
vn -0.099572 0.000000 -0.995030
vn -0.049843 -0.000000 -0.998757
vn -0.049843 0.000000 -0.998757
vn 0.000000 0.000000 -1.000000
vn 0.049844 0.000000 -0.998757
vn 0.000000 0.000000 -1.000000
vn 0.049844 0.000000 -0.998757
vn 0.099572 0.000000 -0.995030
vn 0.099572 0.000000 -0.995030
vn 0.149033 0.000000 -0.988832
vn 0.149033 0.000000 -0.988832
vn 0.198153 0.000000 -0.980171
vn 0.198153 0.000000 -0.980171
vn 0.246750 0.000000 -0.969079
vn 0.246750 0.000000 -0.969079
vn 0.294756 0.000000 -0.955572
vn 0.294756 0.000000 -0.955572
vn 0.342023 0.000000 -0.939692
vn 0.342023 0.000000 -0.939692
vn 0.388439 0.000000 -0.921474
vn 0.388439 0.000000 -0.921474
vn 0.433883 0.000000 -0.900969
vn 0.433883 0.000000 -0.900969
vn 0.478261 0.000000 -0.878218
vn 0.478261 0.000000 -0.878218
vn 0.521429 0.000000 -0.853295
vn 0.521429 0.000000 -0.853295
vn 0.563313 0.000000 -0.826244
vn 0.563313 0.000000 -0.826244
vn 0.603803 0.000000 -0.797133
vn 0.603803 0.000000 -0.797133
vn 0.642790 0.000000 -0.766042
vn 0.642790 0.000000 -0.766042
vn 0.680170 0.000000 -0.733054
vn 0.680170 0.000000 -0.733054
vn 0.715869 0.000000 -0.698234
vn 0.715869 0.000000 -0.698234
vn 0.749782 0.000000 -0.661685
vn 0.749782 0.000000 -0.661685
vn 0.781834 0.000000 -0.623486
vn 0.781834 0.000000 -0.623486
vn 0.811940 0.000000 -0.583741
vn 0.811940 0.000000 -0.583741
vn 0.840022 0.000000 -0.542552
vn 0.840022 0.000000 -0.542552
vn 0.866028 0.000000 -0.499996
vn 0.866028 0.000000 -0.499996
vn 0.889868 0.000000 -0.456218
vn 0.889868 0.000000 -0.456218
vn 0.911511 0.000000 -0.411277
vn 0.911511 0.000000 -0.411277
vn 0.930875 0.000000 -0.365338
vn 0.930875 0.000000 -0.365338
vn 0.947925 0.000000 -0.318493
vn 0.947925 0.000000 -0.318493
vn 0.962626 0.000000 -0.270834
vn 0.962626 0.000000 -0.270834
vn 0.974925 0.000000 -0.222534
vn 0.974925 0.000000 -0.222534
vn 0.984807 0.000000 -0.173650
vn 0.984807 0.000000 -0.173650
vn 0.992240 0.000000 -0.124341
vn 0.992240 0.000000 -0.124341
vn 0.997204 0.000000 -0.074728
vn 0.997204 0.000000 -0.074728
vn 0.999689 0.000000 -0.024922
vn 0.999689 0.000000 -0.024922
vn 0.999689 0.000000 0.024922
vn 0.999689 0.000000 0.024922
vn 0.997204 0.000000 0.074728
vn 0.997204 0.000000 0.074728
vn 0.992240 0.000000 0.124341
vn 0.992240 0.000000 0.124341
vn 0.984808 0.000000 0.173648
vn 0.984808 0.000000 0.173648
vn 0.974924 0.000000 0.222537
vn 0.974924 0.000000 0.222537
vn 0.962626 0.000000 0.270834
vn 0.962626 0.000000 0.270834
vn 0.947925 0.000000 0.318493
vn 0.947925 0.000000 0.318493
vn 0.930876 0.000000 0.365335
vn 0.930876 0.000000 0.365335
vn 0.911509 0.000000 0.411280
vn 0.911509 0.000000 0.411280
vn 0.889866 0.000000 0.456222
vn 0.889866 0.000000 0.456222
vn 0.866032 0.000000 0.499988
vn 0.866032 0.000000 0.499988
vn 0.840019 0.000000 0.542557
vn 0.840019 0.000000 0.542557
vn 0.811940 0.000000 0.583741
vn 0.811940 0.000000 0.583741
vn 0.781831 0.000000 0.623491
vn 0.781831 0.000000 0.623491
vn 0.749786 0.000000 0.661680
vn 0.749786 0.000000 0.661680
vn 0.715869 0.000000 0.698234
vn 0.715869 0.000000 0.698234
vn 0.680165 0.000000 0.733059
vn 0.680165 0.000000 0.733059
vn 0.642790 0.000000 0.766042
vn 0.642790 0.000000 0.766042
vn 0.603803 0.000000 0.797133
vn 0.603803 0.000000 0.797133
vn 0.563319 0.000000 0.826240
vn 0.563319 0.000000 0.826240
vn 0.521436 0.000000 0.853290
vn 0.521436 0.000000 0.853290
vn 0.478254 0.000000 0.878222
vn 0.478254 0.000000 0.878222
vn 0.433883 0.000000 0.900969
vn 0.433883 0.000000 0.900969
vn 0.388439 0.000000 0.921474
vn 0.388439 0.000000 0.921474
vn 0.342023 0.000000 0.939692
vn 0.342023 0.000000 0.939692
vn 0.294748 0.000000 0.955575
vn 0.294748 0.000000 0.955575
vn 0.246759 0.000000 0.969077
vn 0.246759 0.000000 0.969077
vn 0.198153 0.000000 0.980171
vn 0.198153 0.000000 0.980171
vn 0.149033 0.000000 0.988832
vn 0.149033 0.000000 0.988832
vn 0.099572 0.000000 0.995030
vn 0.099572 0.000000 0.995030
vn 0.049844 0.000000 0.998757
vn 0.049844 0.000000 0.998757
vn 0.000000 0.000000 1.000000
vn 0.000000 0.000000 1.000000
vn -0.049843 0.000000 0.998757
vn -0.049843 0.000000 0.998757
vn -0.099572 0.000000 0.995030
vn -0.099572 0.000000 0.995030
vn -0.149035 0.000000 0.988832
vn -0.149035 0.000000 0.988832
vn -0.198150 0.000000 0.980172
vn -0.198150 0.000000 0.980172
vn -0.246759 0.000000 0.969077
vn -0.246759 0.000000 0.969077
vn -0.294753 0.000000 0.955573
vn -0.294753 0.000000 0.955573
vn -0.342016 0.000000 0.939694
vn -0.342016 0.000000 0.939694
vn -0.388446 0.000000 0.921472
vn -0.388446 0.000000 0.921472
vn -0.433883 0.000000 0.900969
vn -0.433883 0.000000 0.900969
vn -0.478246 0.000000 0.878226
vn -0.478246 0.000000 0.878226
vn -0.521436 0.000000 0.853290
vn -0.521436 0.000000 0.853290
vn -0.563328 0.000000 0.826233
vn -0.563328 0.000000 0.826233
vn -0.603803 0.000000 0.797133
vn -0.603803 0.000000 0.797133
vn -0.642781 0.000000 0.766050
vn -0.642781 0.000000 0.766050
vn -0.680175 0.000000 0.733050
vn -0.680175 0.000000 0.733050
vn -0.715869 0.000000 0.698234
vn -0.715869 0.000000 0.698234
vn -0.749777 0.000000 0.661691
vn -0.749777 0.000000 0.661691
vn -0.781831 0.000000 0.623491
vn -0.781831 0.000000 0.623491
vn -0.811940 0.000000 0.583741
vn -0.811940 0.000000 0.583741
vn -0.840028 0.000000 0.542543
vn -0.840028 0.000000 0.542543
vn -0.866024 0.000000 0.500002
vn -0.866024 0.000000 0.500002
vn -0.889874 0.000000 0.456207
vn -0.889874 0.000000 0.456207
vn -0.911502 0.000000 0.411296
vn -0.911502 0.000000 0.411296
vn -0.930876 0.000000 0.365335
vn -0.930876 0.000000 0.365335
vn -0.947931 0.000000 0.318476
vn -0.947931 0.000000 0.318476
vn -0.962621 0.000000 0.270851
vn -0.962621 0.000000 0.270851
vn -0.974928 0.000000 0.222518
vn -0.974928 0.000000 0.222518
vn -0.984808 0.000000 0.173648
vn -0.984808 0.000000 0.173648
vn -0.992240 0.000000 0.124341
vn -0.992240 0.000000 0.124341
vn -0.997204 0.000000 0.074728
vn -0.997204 0.000000 0.074728
vn -0.999689 0.000000 0.024941
vn -0.999689 0.000000 0.024941
vn -0.999689 0.000000 -0.024922
vn -0.999689 -0.000000 -0.024922
vn -0.997204 -0.000000 -0.074728
vn -0.997204 0.000000 -0.074728
vn -0.992240 -0.000000 -0.124341
vn -0.992240 0.000000 -0.124341
vn -0.984808 -0.000000 -0.173648
vn -0.984808 0.000000 -0.173648
vn -0.974924 -0.000000 -0.222537
vn -0.974924 0.000000 -0.222537
vn -0.962626 -0.000000 -0.270834
vn -0.947925 -0.000000 -0.318493
vn -0.962626 0.000000 -0.270834
vn -0.947925 -0.000000 -0.318493
vn -0.930876 -0.000000 -0.365335
vn -0.930876 0.000000 -0.365335
vn -0.911509 -0.000000 -0.411280
vn -0.911509 0.000000 -0.411280
vn -0.889866 -0.000000 -0.456222
vn -0.889866 0.000000 -0.456222
vn -0.866032 0.000000 -0.499988
vn -0.866032 -0.000000 -0.499988
vn -0.840019 0.000000 -0.542557
vn -0.840019 -0.000000 -0.542557
vn -0.811940 0.000000 -0.583741
vn -0.811940 -0.000000 -0.583741
vn -0.781831 0.000000 -0.623491
vn -0.781831 -0.000000 -0.623491
vn -0.749786 -0.000000 -0.661680
vn -0.749786 0.000000 -0.661680
vn -0.715869 -0.000000 -0.698234
vn -0.715869 0.000000 -0.698234
vn -0.680165 -0.000000 -0.733059
vn -0.680165 0.000000 -0.733059
vn -0.642790 -0.000000 -0.766042
vn -0.642790 0.000000 -0.766042
vn -0.603803 -0.000000 -0.797133
vn -0.563319 -0.000000 -0.826240
vn -0.603803 0.000000 -0.797133
vn -0.521436 -0.000000 -0.853290
vn -0.563319 -0.000000 -0.826240
vn -0.521436 -0.000000 -0.853290
vn -0.478254 -0.000000 -0.878222
vn -0.478254 0.000000 -0.878222
vn -0.433883 -0.000000 -0.900969
vn -0.433883 0.000000 -0.900969
vn -0.388439 -0.000000 -0.921474
vn -0.388439 0.000000 -0.921474
vn -0.342023 -0.000000 -0.939692
vn -0.342023 0.000000 -0.939692
vn -0.294748 -0.000000 -0.955575
vn -0.294748 0.000000 -0.955575
vn -0.246759 -0.000000 -0.969077
vn -0.246759 0.000000 -0.969077
vn -0.198153 -0.000000 -0.980171
vn -0.198153 0.000000 -0.980171
vn -0.149033 -0.000000 -0.988832
vn -0.149033 0.000000 -0.988832
vn -0.099572 -0.000000 -0.995030
vn -0.099572 0.000000 -0.995030
vn -0.049844 -0.000000 -0.998757
vn -0.049844 0.000000 -0.998757
vn 0.000000 0.000000 -1.000000
vn 0.049843 0.000000 -0.998757
vn 0.000000 0.000000 -1.000000
vn 0.049843 0.000000 -0.998757
vn 0.099572 0.000000 -0.995030
vn 0.099572 0.000000 -0.995030
vn 0.149035 0.000000 -0.988832
vn 0.149035 0.000000 -0.988832
vn 0.198150 0.000000 -0.980172
vn 0.198150 0.000000 -0.980172
vn 0.246759 0.000000 -0.969077
vn 0.246759 0.000000 -0.969077
vn 0.294753 0.000000 -0.955573
vn 0.294753 0.000000 -0.955573
vn 0.342016 0.000000 -0.939694
vn 0.342016 0.000000 -0.939694
vn 0.388446 0.000000 -0.921472
vn 0.388446 0.000000 -0.921472
vn 0.433883 0.000000 -0.900969
vn 0.433883 0.000000 -0.900969
vn 0.478246 0.000000 -0.878226
vn 0.478246 0.000000 -0.878226
vn 0.521436 0.000000 -0.853290
vn 0.521436 0.000000 -0.853290
vn 0.563328 0.000000 -0.826233
vn 0.563328 0.000000 -0.826233
vn 0.603803 0.000000 -0.797133
vn 0.603803 0.000000 -0.797133
vn 0.642781 0.000000 -0.766050
vn 0.642781 0.000000 -0.766050
vn 0.680175 0.000000 -0.733050
vn 0.680175 0.000000 -0.733050
vn 0.715869 0.000000 -0.698234
vn 0.715869 0.000000 -0.698234
vn 0.749777 0.000000 -0.661691
vn 0.749777 0.000000 -0.661691
vn 0.781831 0.000000 -0.623491
vn 0.781831 0.000000 -0.623491
vn 0.811940 0.000000 -0.583741
vn 0.811940 0.000000 -0.583741
vn 0.840028 0.000000 -0.542543
vn 0.840028 0.000000 -0.542543
vn 0.866024 0.000000 -0.500002
vn 0.866024 0.000000 -0.500002
vn 0.889874 0.000000 -0.456207
vn 0.889874 0.000000 -0.456207
vn 0.911502 0.000000 -0.411296
vn 0.911502 0.000000 -0.411296
vn 0.930876 0.000000 -0.365335
vn 0.930876 0.000000 -0.365335
vn 0.947931 0.000000 -0.318476
vn 0.947931 0.000000 -0.318476
vn 0.962621 0.000000 -0.270851
vn 0.962621 0.000000 -0.270851
vn 0.974928 0.000000 -0.222518
vn 0.974928 0.000000 -0.222518
vn 0.984808 0.000000 -0.173648
vn 0.984808 0.000000 -0.173648
vn 0.992240 0.000000 -0.124341
vn 0.992240 0.000000 -0.124341
vn 0.997204 0.000000 -0.074728
vn 0.997204 0.000000 -0.074728
vn 0.999689 0.000000 -0.024941
vn 0.999689 0.000000 -0.024941
vn 0.999689 0.000000 0.024941
vn 0.999689 0.000000 0.024941
vn 0.997204 0.000000 0.074728
vn 0.997204 0.000000 0.074728
vn 0.992240 0.000000 0.124341
vn 0.992240 0.000000 0.124341
vn 0.984807 0.000000 0.173650
vn 0.984807 0.000000 0.173650
vn 0.974929 0.000000 0.222516
vn 0.974929 0.000000 0.222516
vn 0.962621 0.000000 0.270851
vn 0.962621 0.000000 0.270851
vn 0.947931 0.000000 0.318476
vn 0.947931 0.000000 0.318476
vn 0.930875 0.000000 0.365338
vn 0.930875 0.000000 0.365338
vn 0.911503 0.000000 0.411293
vn 0.911503 0.000000 0.411293
vn 0.889876 0.000000 0.456203
vn 0.889876 0.000000 0.456203
vn 0.866019 0.000000 0.500011
vn 0.866019 0.000000 0.500011
vn 0.840031 0.000000 0.542539
vn 0.840031 0.000000 0.542539
vn 0.811940 0.000000 0.583741
vn 0.811940 0.000000 0.583741
vn 0.781834 0.000000 0.623486
vn 0.781834 0.000000 0.623486
vn 0.749772 0.000000 0.661696
vn 0.749772 0.000000 0.661696
vn 0.715869 0.000000 0.698234
vn 0.715869 0.000000 0.698234
vn 0.680180 0.000000 0.733045
vn 0.680180 0.000000 0.733045
vn 0.642781 0.000000 0.766050
vn 0.642781 0.000000 0.766050
vn 0.603803 0.000000 0.797133
vn 0.603803 0.000000 0.797133
vn 0.563321 0.000000 0.826238
vn 0.563321 0.000000 0.826238
vn 0.521429 0.000000 0.853295
vn 0.521429 0.000000 0.853295
vn 0.478253 0.000000 0.878222
vn 0.478253 0.000000 0.878222
vn 0.433883 0.000000 0.900969
vn 0.433883 0.000000 0.900969
vn 0.388446 0.000000 0.921472
vn 0.388446 0.000000 0.921472
vn 0.342016 0.000000 0.939694
vn 0.342016 0.000000 0.939694
vn 0.294762 0.000000 0.955571
vn 0.294762 0.000000 0.955571
vn 0.246750 0.000000 0.969079
vn 0.246750 0.000000 0.969079
vn 0.198150 0.000000 0.980172
vn 0.198150 0.000000 0.980172
vn 0.149035 0.000000 0.988832
vn 0.149035 0.000000 0.988832
vn 0.099572 0.000000 0.995030
vn 0.099572 0.000000 0.995030
vn 0.049843 0.000000 0.998757
vn 0.049843 0.000000 0.998757
vn 0.000000 0.000000 1.000000
vn 0.000000 0.000000 1.000000
vn -0.049844 0.000000 0.998757
vn -0.049844 0.000000 0.998757
vn -0.099572 0.000000 0.995030
vn -0.099572 0.000000 0.995030
vn -0.149033 0.000000 0.988832
vn -0.149033 0.000000 0.988832
vn -0.198153 0.000000 0.980171
vn -0.198153 0.000000 0.980171
vn -0.246750 0.000000 0.969079
vn -0.246750 0.000000 0.969079
vn -0.294756 0.000000 0.955572
vn -0.294756 0.000000 0.955572
vn -0.342023 0.000000 0.939692
vn -0.342023 0.000000 0.939692
vn -0.388439 0.000000 0.921474
vn -0.388439 0.000000 0.921474
vn -0.433883 0.000000 0.900969
vn -0.433883 0.000000 0.900969
vn -0.478261 0.000000 0.878218
vn -0.478261 0.000000 0.878218
vn -0.521429 0.000000 0.853295
vn -0.521429 0.000000 0.853295
vn -0.563313 0.000000 0.826244
vn -0.563313 0.000000 0.826244
vn -0.603803 0.000000 0.797133
vn -0.603803 0.000000 0.797133
vn -0.642790 0.000000 0.766042
vn -0.642790 0.000000 0.766042
vn -0.680170 0.000000 0.733054
vn -0.680170 0.000000 0.733054
vn -0.715869 0.000000 0.698234
vn -0.715869 0.000000 0.698234
vn -0.749782 0.000000 0.661685
vn -0.749782 0.000000 0.661685
vn -0.781834 0.000000 0.623486
vn -0.781834 0.000000 0.623486
vn -0.811940 0.000000 0.583741
vn -0.811940 0.000000 0.583741
vn -0.840022 0.000000 0.542552
vn -0.840022 0.000000 0.542552
vn -0.866028 0.000000 0.499996
vn -0.866028 0.000000 0.499996
vn -0.889868 0.000000 0.456218
vn -0.889868 0.000000 0.456218
vn -0.911511 0.000000 0.411277
vn -0.911511 0.000000 0.411277
vn -0.930875 0.000000 0.365338
vn -0.930875 0.000000 0.365338
vn -0.947925 0.000000 0.318493
vn -0.947925 0.000000 0.318493
vn -0.962626 0.000000 0.270834
vn -0.962626 0.000000 0.270834
vn -0.974925 0.000000 0.222534
vn -0.974925 0.000000 0.222534
vn -0.984807 0.000000 0.173650
vn -0.984807 0.000000 0.173650
vn -0.992240 0.000000 0.124341
vn -0.992240 0.000000 0.124341
vn -0.997204 0.000000 0.074728
vn -0.997204 0.000000 0.074728
vn -0.999689 0.000000 0.024922
vn -0.999689 0.000000 0.024922
vn -0.999689 0.000000 -0.024941
vn -0.999689 -0.000000 -0.024941
vn -0.997204 -0.000000 -0.074728
vn -0.997204 0.000000 -0.074728
vn -0.992240 -0.000000 -0.124341
vn -0.992240 0.000000 -0.124341
vn -0.984808 -0.000000 -0.173648
vn -0.984808 0.000000 -0.173648
vn -0.974928 -0.000000 -0.222518
vn -0.974928 0.000000 -0.222518
vn -0.962621 -0.000000 -0.270851
vn -0.947931 -0.000000 -0.318476
vn -0.962621 0.000000 -0.270851
vn -0.947931 -0.000000 -0.318476
vn -0.930876 -0.000000 -0.365335
vn -0.930876 0.000000 -0.365335
vn -0.911502 -0.000000 -0.411296
vn -0.911502 0.000000 -0.411296
vn -0.889874 -0.000000 -0.456207
vn -0.889874 0.000000 -0.456207
vn -0.866024 0.000000 -0.500002
vn -0.866024 -0.000000 -0.500002
vn -0.840028 0.000000 -0.542543
vn -0.840028 -0.000000 -0.542543
vn -0.811940 0.000000 -0.583741
vn -0.811940 -0.000000 -0.583741
vn -0.781831 0.000000 -0.623491
vn -0.781831 -0.000000 -0.623491
vn -0.749777 -0.000000 -0.661691
vn -0.749777 0.000000 -0.661691
vn -0.715869 -0.000000 -0.698234
vn -0.715869 0.000000 -0.698234
vn -0.680175 -0.000000 -0.733050
vn -0.680175 0.000000 -0.733050
vn -0.642781 -0.000000 -0.766050
vn -0.642781 0.000000 -0.766050
vn -0.603803 -0.000000 -0.797133
vn -0.563328 -0.000000 -0.826233
vn -0.603803 0.000000 -0.797133
vn -0.521436 -0.000000 -0.853290
vn -0.563328 -0.000000 -0.826233
vn -0.521436 -0.000000 -0.853290
vn -0.478246 -0.000000 -0.878226
vn -0.478246 0.000000 -0.878226
vn -0.433883 -0.000000 -0.900969
vn -0.433883 0.000000 -0.900969
vn -0.388446 -0.000000 -0.921472
vn -0.388446 0.000000 -0.921472
vn -0.342016 -0.000000 -0.939694
vn -0.342016 0.000000 -0.939694
vn -0.294753 -0.000000 -0.955573
vn -0.294753 0.000000 -0.955573
vn -0.246759 -0.000000 -0.969077
vn -0.246759 0.000000 -0.969077
vn -0.198150 -0.000000 -0.980172
vn -0.198150 0.000000 -0.980172
vn -0.149035 -0.000000 -0.988832
vn -0.149035 0.000000 -0.988832
vn -0.099572 -0.000000 -0.995030
vn -0.099572 0.000000 -0.995030
vn -0.049843 -0.000000 -0.998757
vn -0.049843 0.000000 -0.998757
vn 0.000000 0.000000 -1.000000
vn 0.049844 0.000000 -0.998757
vn 0.000000 0.000000 -1.000000
vn 0.049844 0.000000 -0.998757
vn 0.099572 0.000000 -0.995030
vn 0.099572 0.000000 -0.995030
vn 0.149033 0.000000 -0.988832
vn 0.149033 0.000000 -0.988832
vn 0.198153 0.000000 -0.980171
vn 0.198153 0.000000 -0.980171
vn 0.246759 0.000000 -0.969077
vn 0.246759 0.000000 -0.969077
vn 0.294748 0.000000 -0.955575
vn 0.294748 0.000000 -0.955575
vn 0.342023 0.000000 -0.939692
vn 0.342023 0.000000 -0.939692
vn 0.388439 0.000000 -0.921474
vn 0.388439 0.000000 -0.921474
vn 0.433883 0.000000 -0.900969
vn 0.433883 0.000000 -0.900969
vn 0.478254 0.000000 -0.878222
vn 0.478254 0.000000 -0.878222
vn 0.521436 0.000000 -0.853290
vn 0.521436 0.000000 -0.853290
vn 0.563319 0.000000 -0.826240
vn 0.563319 0.000000 -0.826240
vn 0.603803 0.000000 -0.797133
vn 0.603803 0.000000 -0.797133
vn 0.642790 0.000000 -0.766042
vn 0.642790 0.000000 -0.766042
vn 0.680165 0.000000 -0.733059
vn 0.680165 0.000000 -0.733059
vn 0.715869 0.000000 -0.698234
vn 0.715869 0.000000 -0.698234
vn 0.749786 0.000000 -0.661680
vn 0.749786 0.000000 -0.661680
vn 0.781831 0.000000 -0.623491
vn 0.781831 0.000000 -0.623491
vn 0.811940 0.000000 -0.583741
vn 0.811940 0.000000 -0.583741
vn 0.840019 0.000000 -0.542557
vn 0.840019 0.000000 -0.542557
vn 0.866032 0.000000 -0.499988
vn 0.866032 0.000000 -0.499988
vn 0.889866 0.000000 -0.456222
vn 0.889866 0.000000 -0.456222
vn 0.911509 0.000000 -0.411280
vn 0.911509 0.000000 -0.411280
vn 0.930876 0.000000 -0.365335
vn 0.930876 0.000000 -0.365335
vn 0.947925 0.000000 -0.318493
vn 0.947925 0.000000 -0.318493
vn 0.962626 0.000000 -0.270834
vn 0.962626 0.000000 -0.270834
vn 0.974924 0.000000 -0.222537
vn 0.974924 0.000000 -0.222537
vn 0.984808 0.000000 -0.173648
vn 0.984808 0.000000 -0.173648
vn 0.992240 0.000000 -0.124341
vn 0.992240 0.000000 -0.124341
vn 0.997204 0.000000 -0.074728
vn 0.997204 0.000000 -0.074728
vn 0.999689 0.000000 -0.024922
vn 0.999689 0.000000 -0.024922
vn 0.999689 0.000000 0.024922
vn 0.999689 0.000000 0.024922
vn 0.997204 0.000000 0.074728
vn 0.997204 0.000000 0.074728
vn 0.992240 0.000000 0.124341
vn 0.992240 0.000000 0.124341
vn 0.984807 0.000000 0.173650
vn 0.984807 0.000000 0.173650
vn 0.974925 0.000000 0.222534
vn 0.974925 0.000000 0.222534
vn 0.962626 0.000000 0.270834
vn 0.962626 0.000000 0.270834
vn 0.947925 0.000000 0.318493
vn 0.947925 0.000000 0.318493
vn 0.930875 0.000000 0.365338
vn 0.930875 0.000000 0.365338
vn 0.911511 0.000000 0.411277
vn 0.911511 0.000000 0.411277
vn 0.889868 0.000000 0.456218
vn 0.889868 0.000000 0.456218
vn 0.866028 0.000000 0.499996
vn 0.866028 0.000000 0.499996
vn 0.840022 0.000000 0.542552
vn 0.840022 0.000000 0.542552
vn 0.811940 0.000000 0.583741
vn 0.811940 0.000000 0.583741
vn 0.781834 0.000000 0.623486
vn 0.781834 0.000000 0.623486
vn 0.749782 0.000000 0.661685
vn 0.749782 0.000000 0.661685
vn 0.715869 0.000000 0.698234
vn 0.715869 0.000000 0.698234
vn 0.680170 0.000000 0.733054
vn 0.680170 0.000000 0.733054
vn 0.642790 0.000000 0.766042
vn 0.642790 0.000000 0.766042
vn 0.603803 0.000000 0.797133
vn 0.603803 0.000000 0.797133
vn 0.563313 0.000000 0.826244
vn 0.563313 0.000000 0.826244
vn 0.521429 0.000000 0.853295
vn 0.521429 0.000000 0.853295
vn 0.478261 0.000000 0.878218
vn 0.478261 0.000000 0.878218
vn 0.433883 0.000000 0.900969
vn 0.433883 0.000000 0.900969
vn 0.388439 0.000000 0.921474
vn 0.388439 0.000000 0.921474
vn 0.342023 0.000000 0.939692
vn 0.342023 0.000000 0.939692
vn 0.294756 0.000000 0.955572
vn 0.294756 0.000000 0.955572
vn 0.246750 0.000000 0.969079
vn 0.246750 0.000000 0.969079
vn 0.198153 0.000000 0.980171
vn 0.198153 0.000000 0.980171
vn 0.149033 0.000000 0.988832
vn 0.149033 0.000000 0.988832
vn 0.099572 0.000000 0.995030
vn 0.099572 0.000000 0.995030
vn 0.049844 0.000000 0.998757
vn 0.049844 0.000000 0.998757
vn 0.000000 0.000000 1.000000
vn 0.000000 0.000000 1.000000
vn -0.049843 0.000000 0.998757
vn -0.049843 0.000000 0.998757
vn -0.099572 0.000000 0.995030
vn -0.099572 0.000000 0.995030
vn -0.149035 0.000000 0.988832
vn -0.149035 0.000000 0.988832
vn -0.198150 0.000000 0.980172
vn -0.198150 0.000000 0.980172
vn -0.246750 0.000000 0.969079
vn -0.246750 0.000000 0.969079
vn -0.294762 0.000000 0.955571
vn -0.294762 0.000000 0.955571
vn -0.342016 0.000000 0.939694
vn -0.342016 0.000000 0.939694
vn -0.388446 0.000000 0.921472
vn -0.388446 0.000000 0.921472
vn -0.433883 0.000000 0.900969
vn -0.433883 0.000000 0.900969
vn -0.478253 0.000000 0.878222
vn -0.478253 0.000000 0.878222
vn -0.521429 0.000000 0.853295
vn -0.521429 0.000000 0.853295
vn -0.563321 0.000000 0.826238
vn -0.563321 0.000000 0.826238
vn -0.603803 0.000000 0.797133
vn -0.603803 0.000000 0.797133
vn -0.642781 0.000000 0.766050
vn -0.642781 0.000000 0.766050
vn -0.680180 0.000000 0.733045
vn -0.680180 0.000000 0.733045
vn -0.715869 0.000000 0.698234
vn -0.715869 0.000000 0.698234
vn -0.749772 0.000000 0.661696
vn -0.749772 0.000000 0.661696
vn -0.781834 0.000000 0.623486
vn -0.781834 0.000000 0.623486
vn -0.811940 0.000000 0.583741
vn -0.811940 0.000000 0.583741
vn -0.840031 0.000000 0.542539
vn -0.840031 0.000000 0.542539
vn -0.866019 0.000000 0.500011
vn -0.866019 0.000000 0.500011
vn -0.889876 0.000000 0.456203
vn -0.889876 0.000000 0.456203
vn -0.911503 0.000000 0.411293
vn -0.911503 0.000000 0.411293
vn -0.930875 0.000000 0.365338
vn -0.930875 0.000000 0.365338
vn -0.947931 0.000000 0.318476
vn -0.947931 0.000000 0.318476
vn -0.962621 0.000000 0.270851
vn -0.962621 0.000000 0.270851
vn -0.974929 0.000000 0.222516
vn -0.974929 0.000000 0.222516
vn -0.984807 0.000000 0.173650
vn -0.984807 0.000000 0.173650
vn -0.992240 0.000000 0.124341
vn -0.992240 0.000000 0.124341
vn -0.997204 0.000000 0.074728
vn -0.997204 0.000000 0.074728
vn -0.999689 0.000000 0.024941
vn -0.999689 0.000000 0.024941
vn -0.999689 0.000000 -0.024930
vn -0.999689 -0.000000 -0.024930
vn -0.997204 -0.000000 -0.074733
vn -0.997204 0.000000 -0.074733
vn -0.992239 -0.000000 -0.124343
vn -0.992239 0.000000 -0.124343
vn -0.984808 -0.000000 -0.173644
vn -0.984808 0.000000 -0.173644
vn -0.974927 -0.000000 -0.222524
vn -0.974927 0.000000 -0.222524
vn -0.962625 -0.000000 -0.270838
vn -0.947926 -0.000000 -0.318492
vn -0.962625 0.000000 -0.270838
vn -0.947926 -0.000000 -0.318492
vn -0.930875 -0.000000 -0.365337
vn -0.930875 0.000000 -0.365337
vn -0.911504 -0.000000 -0.411292
vn -0.911504 0.000000 -0.411292
vn -0.889874 -0.000000 -0.456207
vn -0.889874 0.000000 -0.456207
vn -0.866021 0.000000 -0.500007
vn -0.866021 -0.000000 -0.500007
vn -0.840029 0.000000 -0.542541
vn -0.840029 -0.000000 -0.542541
vn -0.811932 0.000000 -0.583752
vn -0.811932 -0.000000 -0.583752
vn -0.781840 0.000000 -0.623479
vn -0.781840 -0.000000 -0.623479
vn -0.749772 -0.000000 -0.661696
vn -0.749772 0.000000 -0.661696
vn -0.715867 -0.000000 -0.698237
vn -0.715867 0.000000 -0.698237
vn -0.680175 -0.000000 -0.733050
vn -0.680175 0.000000 -0.733050
vn -0.642797 -0.000000 -0.766036
vn -0.642797 0.000000 -0.766036
vn -0.603793 -0.000000 -0.797141
vn -0.563342 -0.000000 -0.826224
vn -0.603793 0.000000 -0.797141
vn -0.521429 -0.000000 -0.853295
vn -0.563342 -0.000000 -0.826224
vn -0.521429 -0.000000 -0.853295
vn -0.478243 -0.000000 -0.878228
vn -0.478243 0.000000 -0.878228
vn -0.433900 -0.000000 -0.900961
vn -0.433900 0.000000 -0.900961
vn -0.388423 -0.000000 -0.921481
vn -0.388423 0.000000 -0.921481
vn -0.342020 -0.000000 -0.939693
vn -0.342020 0.000000 -0.939693
vn -0.294741 -0.000000 -0.955577
vn -0.294741 0.000000 -0.955577
vn -0.246769 -0.000000 -0.969074
vn -0.246769 0.000000 -0.969074
vn -0.198151 -0.000000 -0.980172
vn -0.198151 0.000000 -0.980172
vn -0.149034 -0.000000 -0.988832
vn -0.149034 0.000000 -0.988832
vn -0.099573 -0.000000 -0.995030
vn -0.099573 0.000000 -0.995030
vn -0.049844 -0.000000 -0.998757
vn -0.049844 0.000000 -0.998757
vn 0.000000 0.000000 -1.000000
vn 0.049844 0.000000 -0.998757
vn 0.000000 0.000000 -1.000000
vn 0.049844 0.000000 -0.998757
vn 0.099573 0.000000 -0.995030
vn 0.099573 0.000000 -0.995030
vn 0.149034 0.000000 -0.988832
vn 0.149034 0.000000 -0.988832
vn 0.198151 0.000000 -0.980172
vn 0.198151 0.000000 -0.980172
vn 0.246769 0.000000 -0.969074
vn 0.246769 0.000000 -0.969074
vn 0.294741 0.000000 -0.955577
vn 0.294741 0.000000 -0.955577
vn 0.342020 0.000000 -0.939693
vn 0.342020 0.000000 -0.939693
vn 0.388423 0.000000 -0.921481
vn 0.388423 0.000000 -0.921481
vn 0.433900 0.000000 -0.900961
vn 0.433900 0.000000 -0.900961
vn 0.478243 0.000000 -0.878228
vn 0.478243 0.000000 -0.878228
vn 0.521429 0.000000 -0.853295
vn 0.521429 0.000000 -0.853295
vn 0.563342 0.000000 -0.826224
vn 0.563342 0.000000 -0.826224
vn 0.603793 0.000000 -0.797141
vn 0.603793 0.000000 -0.797141
vn 0.642797 0.000000 -0.766036
vn 0.642797 0.000000 -0.766036
vn 0.680175 0.000000 -0.733050
vn 0.680175 0.000000 -0.733050
vn 0.715867 0.000000 -0.698237
vn 0.715867 0.000000 -0.698237
vn 0.749772 0.000000 -0.661696
vn 0.749772 0.000000 -0.661696
vn 0.781840 0.000000 -0.623479
vn 0.781840 0.000000 -0.623479
vn 0.811932 0.000000 -0.583752
vn 0.811932 0.000000 -0.583752
vn 0.840029 0.000000 -0.542541
vn 0.840029 0.000000 -0.542541
vn 0.866021 0.000000 -0.500007
vn 0.866021 0.000000 -0.500007
vn 0.889874 0.000000 -0.456207
vn 0.889874 0.000000 -0.456207
vn 0.911504 0.000000 -0.411292
vn 0.911504 0.000000 -0.411292
vn 0.930875 0.000000 -0.365337
vn 0.930875 0.000000 -0.365337
vn 0.947926 0.000000 -0.318492
vn 0.947926 0.000000 -0.318492
vn 0.962625 0.000000 -0.270838
vn 0.962625 0.000000 -0.270838
vn 0.974927 0.000000 -0.222524
vn 0.974927 0.000000 -0.222524
vn 0.984808 0.000000 -0.173644
vn 0.984808 0.000000 -0.173644
vn 0.992239 0.000000 -0.124343
vn 0.992239 0.000000 -0.124343
vn 0.997204 0.000000 -0.074733
vn 0.997204 0.000000 -0.074733
vn 0.999689 0.000000 -0.024930
vn 0.999689 0.000000 -0.024930
vn 0.999689 0.000000 0.024930
vn 0.999689 0.000000 0.024930
vn 0.997204 0.000000 0.074733
vn 0.997204 0.000000 0.074733
vn 0.992239 0.000000 0.124343
vn 0.992239 0.000000 0.124343
vn 0.984808 0.000000 0.173644
vn 0.984808 0.000000 0.173644
vn 0.974927 0.000000 0.222524
vn 0.974927 0.000000 0.222524
vn 0.962625 0.000000 0.270838
vn 0.962625 0.000000 0.270838
vn 0.947926 0.000000 0.318492
vn 0.947926 0.000000 0.318492
vn 0.930873 0.000000 0.365343
vn 0.930873 0.000000 0.365343
vn 0.911507 0.000000 0.411285
vn 0.911507 0.000000 0.411285
vn 0.889874 0.000000 0.456207
vn 0.889874 0.000000 0.456207
vn 0.866021 0.000000 0.500007
vn 0.866021 0.000000 0.500007
vn 0.840029 0.000000 0.542541
vn 0.840029 0.000000 0.542541
vn 0.811939 0.000000 0.583743
vn 0.811939 0.000000 0.583743
vn 0.781833 0.000000 0.623488
vn 0.781833 0.000000 0.623488
vn 0.749780 0.000000 0.661687
vn 0.749780 0.000000 0.661687
vn 0.715867 0.000000 0.698237
vn 0.715867 0.000000 0.698237
vn 0.680175 0.000000 0.733050
vn 0.680175 0.000000 0.733050
vn 0.642786 0.000000 0.766046
vn 0.642786 0.000000 0.766046
vn 0.603805 0.000000 0.797132
vn 0.603805 0.000000 0.797132
vn 0.563316 0.000000 0.826242
vn 0.563316 0.000000 0.826242
vn 0.521429 0.000000 0.853295
vn 0.521429 0.000000 0.853295
vn 0.478257 0.000000 0.878220
vn 0.478257 0.000000 0.878220
vn 0.433885 0.000000 0.900968
vn 0.433885 0.000000 0.900968
vn 0.388440 0.000000 0.921474
vn 0.388440 0.000000 0.921474
vn 0.342020 0.000000 0.939693
vn 0.342020 0.000000 0.939693
vn 0.294758 0.000000 0.955572
vn 0.294758 0.000000 0.955572
vn 0.246752 0.000000 0.969079
vn 0.246752 0.000000 0.969079
vn 0.198151 0.000000 0.980172
vn 0.198151 0.000000 0.980172
vn 0.149034 0.000000 0.988832
vn 0.149034 0.000000 0.988832
vn 0.099573 0.000000 0.995030
vn 0.099573 0.000000 0.995030
vn 0.049844 0.000000 0.998757
vn 0.049844 0.000000 0.998757
vn 0.000000 0.000000 1.000000
vn 0.000000 0.000000 1.000000
vn -0.049844 0.000000 0.998757
vn -0.049844 0.000000 0.998757
vn -0.099573 0.000000 0.995030
vn -0.099573 0.000000 0.995030
vn -0.149034 0.000000 0.988832
vn -0.149034 0.000000 0.988832
vn -0.198151 0.000000 0.980172
vn -0.198151 0.000000 0.980172
vn -0.246752 0.000000 0.969079
vn -0.246752 0.000000 0.969079
vn -0.294758 0.000000 0.955572
vn -0.294758 0.000000 0.955572
vn -0.342020 0.000000 0.939693
vn -0.342020 0.000000 0.939693
vn -0.388440 0.000000 0.921474
vn -0.388440 0.000000 0.921474
vn -0.433885 0.000000 0.900968
vn -0.433885 0.000000 0.900968
vn -0.478257 0.000000 0.878220
vn -0.478257 0.000000 0.878220
vn -0.521429 0.000000 0.853295
vn -0.521429 0.000000 0.853295
vn -0.563316 0.000000 0.826242
vn -0.563316 0.000000 0.826242
vn -0.603805 0.000000 0.797132
vn -0.603805 0.000000 0.797132
vn -0.642786 0.000000 0.766046
vn -0.642786 0.000000 0.766046
vn -0.680175 0.000000 0.733050
vn -0.680175 0.000000 0.733050
vn -0.715867 0.000000 0.698237
vn -0.715867 0.000000 0.698237
vn -0.749780 0.000000 0.661687
vn -0.749780 0.000000 0.661687
vn -0.781833 0.000000 0.623488
vn -0.781833 0.000000 0.623488
vn -0.811939 0.000000 0.583743
vn -0.811939 0.000000 0.583743
vn -0.840029 0.000000 0.542541
vn -0.840029 0.000000 0.542541
vn -0.866021 0.000000 0.500007
vn -0.866021 0.000000 0.500007
vn -0.889874 0.000000 0.456207
vn -0.889874 0.000000 0.456207
vn -0.911507 0.000000 0.411285
vn -0.911507 0.000000 0.411285
vn -0.930873 0.000000 0.365343
vn -0.930873 0.000000 0.365343
vn -0.947926 0.000000 0.318492
vn -0.947926 0.000000 0.318492
vn -0.962625 0.000000 0.270838
vn -0.962625 0.000000 0.270838
vn -0.974927 0.000000 0.222524
vn -0.974927 0.000000 0.222524
vn -0.984808 0.000000 0.173644
vn -0.984808 0.000000 0.173644
vn -0.992239 0.000000 0.124343
vn -0.992239 0.000000 0.124343
vn -0.997204 0.000000 0.074733
vn -0.997204 0.000000 0.074733
vn -0.999689 0.000000 0.024930
vn -0.999689 0.000000 0.024930
vn -0.999689 0.000000 -0.024930
vn -0.999689 -0.000000 -0.024930
vn -0.997204 -0.000000 -0.074733
vn -0.997204 0.000000 -0.074733
vn -0.992239 -0.000000 -0.124343
vn -0.992239 0.000000 -0.124343
vn -0.984808 -0.000000 -0.173644
vn -0.984808 0.000000 -0.173644
vn -0.974927 -0.000000 -0.222524
vn -0.974927 0.000000 -0.222524
vn -0.962625 -0.000000 -0.270838
vn -0.947926 -0.000000 -0.318492
vn -0.962625 0.000000 -0.270838
vn -0.947926 -0.000000 -0.318492
vn -0.930873 -0.000000 -0.365343
vn -0.930873 0.000000 -0.365343
vn -0.911507 -0.000000 -0.411285
vn -0.911507 0.000000 -0.411285
vn -0.889874 -0.000000 -0.456207
vn -0.866021 -0.000000 -0.500007
vn -0.889874 0.000000 -0.456207
vn -0.866021 -0.000000 -0.500007
vn -0.840029 0.000000 -0.542541
vn -0.840029 -0.000000 -0.542541
vn -0.811939 0.000000 -0.583743
vn -0.811939 -0.000000 -0.583743
vn -0.781833 0.000000 -0.623488
vn -0.781833 -0.000000 -0.623488
vn -0.749780 -0.000000 -0.661687
vn -0.749780 0.000000 -0.661687
vn -0.715867 -0.000000 -0.698237
vn -0.715867 0.000000 -0.698237
vn -0.680175 -0.000000 -0.733050
vn -0.642786 -0.000000 -0.766046
vn -0.680175 0.000000 -0.733050
vn -0.642786 -0.000000 -0.766046
vn -0.603805 0.000000 -0.797132
vn -0.603805 -0.000000 -0.797132
vn -0.563316 -0.000000 -0.826242
vn -0.521429 -0.000000 -0.853295
vn -0.563316 0.000000 -0.826242
vn -0.478257 -0.000000 -0.878220
vn -0.521429 -0.000000 -0.853295
vn -0.478257 -0.000000 -0.878220
vn -0.433885 -0.000000 -0.900968
vn -0.433885 0.000000 -0.900968
vn -0.388440 -0.000000 -0.921474
vn -0.388440 0.000000 -0.921474
vn -0.342020 -0.000000 -0.939693
vn -0.342020 0.000000 -0.939693
vn -0.294758 -0.000000 -0.955572
vn -0.294758 0.000000 -0.955572
vn -0.246752 -0.000000 -0.969079
vn -0.246752 0.000000 -0.969079
vn -0.198151 -0.000000 -0.980172
vn -0.198151 0.000000 -0.980172
vn -0.149034 -0.000000 -0.988832
vn -0.149034 0.000000 -0.988832
vn -0.099573 -0.000000 -0.995030
vn -0.099573 0.000000 -0.995030
vn -0.049844 -0.000000 -0.998757
vn -0.049844 0.000000 -0.998757
vn 0.000000 0.000000 -1.000000
vn 0.049844 0.000000 -0.998757
vn 0.000000 0.000000 -1.000000
vn 0.049844 0.000000 -0.998757
vn 0.099573 0.000000 -0.995030
vn 0.099573 0.000000 -0.995030
vn 0.149034 0.000000 -0.988832
vn 0.149034 0.000000 -0.988832
vn 0.198151 0.000000 -0.980172
vn 0.198151 0.000000 -0.980172
vn 0.246752 0.000000 -0.969079
vn 0.246752 0.000000 -0.969079
vn 0.294758 0.000000 -0.955572
vn 0.294758 0.000000 -0.955572
vn 0.342020 0.000000 -0.939693
vn 0.342020 0.000000 -0.939693
vn 0.388440 0.000000 -0.921474
vn 0.388440 0.000000 -0.921474
vn 0.433885 0.000000 -0.900968
vn 0.433885 0.000000 -0.900968
vn 0.478257 0.000000 -0.878220
vn 0.478257 0.000000 -0.878220
vn 0.521429 0.000000 -0.853295
vn 0.521429 0.000000 -0.853295
vn 0.563316 0.000000 -0.826242
vn 0.563316 0.000000 -0.826242
vn 0.603805 0.000000 -0.797132
vn 0.603805 0.000000 -0.797132
vn 0.642786 0.000000 -0.766046
vn 0.642786 0.000000 -0.766046
vn 0.680175 0.000000 -0.733050
vn 0.680175 0.000000 -0.733050
vn 0.715867 0.000000 -0.698237
vn 0.715867 0.000000 -0.698237
vn 0.749780 0.000000 -0.661687
vn 0.749780 0.000000 -0.661687
vn 0.781833 0.000000 -0.623488
vn 0.781833 0.000000 -0.623488
vn 0.811939 0.000000 -0.583743
vn 0.811939 0.000000 -0.583743
vn 0.840029 0.000000 -0.542541
vn 0.866021 0.000000 -0.500007
vn 0.840029 0.000000 -0.542541
vn 0.866021 0.000000 -0.500007
vn 0.889874 0.000000 -0.456207
vn 0.889874 0.000000 -0.456207
vn 0.911507 0.000000 -0.411285
vn 0.911507 0.000000 -0.411285
vn 0.930873 0.000000 -0.365343
vn 0.930873 0.000000 -0.365343
vn 0.947926 0.000000 -0.318492
vn 0.947926 0.000000 -0.318492
vn 0.962625 0.000000 -0.270838
vn 0.962625 0.000000 -0.270838
vn 0.974927 0.000000 -0.222524
vn 0.974927 0.000000 -0.222524
vn 0.984808 0.000000 -0.173644
vn 0.984808 0.000000 -0.173644
vn 0.992239 0.000000 -0.124343
vn 0.992239 0.000000 -0.124343
vn 0.997204 0.000000 -0.074733
vn 0.997204 0.000000 -0.074733
vn 0.999689 0.000000 -0.024930
vn 0.999689 0.000000 -0.024930
vn 0.999689 0.000000 0.024930
vn 0.999689 0.000000 0.024930
vn 0.997204 0.000000 0.074733
vn 0.997204 0.000000 0.074733
vn 0.992239 0.000000 0.124343
vn 0.992239 0.000000 0.124343
vn 0.984808 0.000000 0.173644
vn 0.984808 0.000000 0.173644
vn 0.974927 0.000000 0.222524
vn 0.974927 0.000000 0.222524
vn 0.962625 0.000000 0.270838
vn 0.962625 0.000000 0.270838
vn 0.947926 0.000000 0.318492
vn 0.947926 0.000000 0.318492
vn 0.930875 0.000000 0.365337
vn 0.930875 0.000000 0.365337
vn 0.911504 0.000000 0.411292
vn 0.911504 0.000000 0.411292
vn 0.889874 0.000000 0.456207
vn 0.889874 0.000000 0.456207
vn 0.866021 0.000000 0.500007
vn 0.866021 0.000000 0.500007
vn 0.840029 0.000000 0.542541
vn 0.840029 0.000000 0.542541
vn 0.811932 0.000000 0.583752
vn 0.811932 0.000000 0.583752
vn 0.781840 0.000000 0.623479
vn 0.781840 0.000000 0.623479
vn 0.749772 0.000000 0.661696
vn 0.749772 0.000000 0.661696
vn 0.715867 0.000000 0.698237
vn 0.715867 0.000000 0.698237
vn 0.680175 0.000000 0.733050
vn 0.680175 0.000000 0.733050
vn 0.642797 0.000000 0.766036
vn 0.642797 0.000000 0.766036
vn 0.603793 0.000000 0.797141
vn 0.603793 0.000000 0.797141
vn 0.563342 0.000000 0.826224
vn 0.563342 0.000000 0.826224
vn 0.521429 0.000000 0.853295
vn 0.521429 0.000000 0.853295
vn 0.478243 0.000000 0.878228
vn 0.478243 0.000000 0.878228
vn 0.433900 0.000000 0.900961
vn 0.433900 0.000000 0.900961
vn 0.388423 0.000000 0.921481
vn 0.388423 0.000000 0.921481
vn 0.342020 0.000000 0.939693
vn 0.342020 0.000000 0.939693
vn 0.294741 0.000000 0.955577
vn 0.294741 0.000000 0.955577
vn 0.246769 0.000000 0.969074
vn 0.246769 0.000000 0.969074
vn 0.198151 0.000000 0.980172
vn 0.198151 0.000000 0.980172
vn 0.149034 0.000000 0.988832
vn 0.149034 0.000000 0.988832
vn 0.099573 0.000000 0.995030
vn 0.099573 0.000000 0.995030
vn 0.049844 0.000000 0.998757
vn 0.049844 0.000000 0.998757
vn 0.000000 0.000000 1.000000
vn 0.000000 0.000000 1.000000
vn -0.049844 0.000000 0.998757
vn -0.049844 0.000000 0.998757
vn -0.099573 0.000000 0.995030
vn -0.099573 0.000000 0.995030
vn -0.149034 0.000000 0.988832
vn -0.149034 0.000000 0.988832
vn -0.198151 0.000000 0.980172
vn -0.198151 0.000000 0.980172
vn -0.246769 0.000000 0.969074
vn -0.246769 0.000000 0.969074
vn -0.294741 0.000000 0.955577
vn -0.294741 0.000000 0.955577
vn -0.342020 0.000000 0.939693
vn -0.342020 0.000000 0.939693
vn -0.388423 0.000000 0.921481
vn -0.388423 0.000000 0.921481
vn -0.433900 0.000000 0.900961
vn -0.433900 0.000000 0.900961
vn -0.478243 0.000000 0.878228
vn -0.478243 0.000000 0.878228
vn -0.521429 0.000000 0.853295
vn -0.521429 0.000000 0.853295
vn -0.563342 0.000000 0.826224
vn -0.563342 0.000000 0.826224
vn -0.603793 0.000000 0.797141
vn -0.603793 0.000000 0.797141
vn -0.642797 0.000000 0.766036
vn -0.642797 0.000000 0.766036
vn -0.680175 0.000000 0.733050
vn -0.680175 0.000000 0.733050
vn -0.715867 0.000000 0.698237
vn -0.715867 0.000000 0.698237
vn -0.749772 0.000000 0.661696
vn -0.749772 0.000000 0.661696
vn -0.781840 0.000000 0.623479
vn -0.781840 0.000000 0.623479
vn -0.811932 0.000000 0.583752
vn -0.811932 0.000000 0.583752
vn -0.840029 0.000000 0.542541
vn -0.840029 0.000000 0.542541
vn -0.866021 0.000000 0.500007
vn -0.866021 0.000000 0.500007
vn -0.889874 0.000000 0.456207
vn -0.889874 0.000000 0.456207
vn -0.911504 0.000000 0.411292
vn -0.911504 0.000000 0.411292
vn -0.930875 0.000000 0.365337
vn -0.930875 0.000000 0.365337
vn -0.947926 0.000000 0.318492
vn -0.947926 0.000000 0.318492
vn -0.962625 0.000000 0.270838
vn -0.962625 0.000000 0.270838
vn -0.974927 0.000000 0.222524
vn -0.974927 0.000000 0.222524
vn -0.984808 0.000000 0.173644
vn -0.984808 0.000000 0.173644
vn -0.992239 0.000000 0.124343
vn -0.992239 0.000000 0.124343
vn -0.997204 0.000000 0.074733
vn -0.997204 0.000000 0.074733
vn -0.999689 0.000000 0.024930
vn -0.999689 0.000000 0.024930
vn -0.999689 -0.000000 -0.024941
vn -0.999689 0.000000 -0.024941
vn -0.997205 0.000000 -0.074708
vn -0.997205 0.000000 -0.074708
vn -0.992237 0.000000 -0.124360
vn -0.992237 0.000000 -0.124360
vn -0.984811 0.000000 -0.173631
vn -0.984811 0.000000 -0.173631
vn -0.974929 0.000000 -0.222518
vn -0.974929 0.000000 -0.222518
vn -0.962617 0.000000 -0.270868
vn -0.962617 0.000000 -0.270868
vn -0.947937 0.000000 -0.318459
vn -0.947937 0.000000 -0.318459
vn -0.930869 0.000000 -0.365353
vn -0.930869 0.000000 -0.365353
vn -0.911502 0.000000 -0.411295
vn -0.911502 0.000000 -0.411295
vn -0.889874 0.000000 -0.456206
vn -0.889874 0.000000 -0.456206
vn -0.866023 0.000000 -0.500004
vn -0.866023 0.000000 -0.500004
vn -0.840028 0.000000 -0.542544
vn -0.840028 0.000000 -0.542544
vn -0.811939 0.000000 -0.583742
vn -0.811939 0.000000 -0.583742
vn -0.781834 -0.000000 -0.623487
vn -0.781834 0.000000 -0.623487
vn -0.749774 -0.000000 -0.661694
vn -0.749774 0.000000 -0.661694
vn -0.715869 0.000000 -0.698234
vn -0.715869 0.000000 -0.698234
vn -0.680177 -0.000000 -0.733048
vn -0.680177 0.000000 -0.733048
vn -0.642783 0.000000 -0.766048
vn -0.642783 0.000000 -0.766048
vn -0.603812 0.000000 -0.797127
vn -0.603812 0.000000 -0.797127
vn -0.563308 0.000000 -0.826247
vn -0.563308 0.000000 -0.826247
vn -0.521444 0.000000 -0.853286
vn -0.521444 0.000000 -0.853286
vn -0.478258 0.000000 -0.878219
vn -0.478258 0.000000 -0.878219
vn -0.433882 0.000000 -0.900970
vn -0.433882 0.000000 -0.900970
vn -0.388434 0.000000 -0.921476
vn -0.388434 0.000000 -0.921476
vn -0.342023 0.000000 -0.939692
vn -0.342023 0.000000 -0.939692
vn -0.294748 0.000000 -0.955575
vn -0.294748 0.000000 -0.955575
vn -0.246760 0.000000 -0.969077
vn -0.246760 0.000000 -0.969077
vn -0.198149 0.000000 -0.980172
vn -0.198149 0.000000 -0.980172
vn -0.149041 0.000000 -0.988831
vn -0.149041 0.000000 -0.988831
vn -0.099568 0.000000 -0.995031
vn -0.099568 0.000000 -0.995031
vn -0.049845 0.000000 -0.998757
vn -0.049845 0.000000 -0.998757
vn -0.000000 0.000000 -1.000000
vn 0.000000 0.000000 -1.000000
vn 0.049845 0.000000 -0.998757
vn 0.099568 0.000000 -0.995031
vn 0.049845 0.000000 -0.998757
vn 0.099568 0.000000 -0.995031
vn 0.149041 0.000000 -0.988831
vn 0.149041 0.000000 -0.988831
vn 0.198149 0.000000 -0.980172
vn 0.198149 0.000000 -0.980172
vn 0.246760 0.000000 -0.969077
vn 0.246760 0.000000 -0.969077
vn 0.294748 0.000000 -0.955575
vn 0.294748 0.000000 -0.955575
vn 0.342023 0.000000 -0.939692
vn 0.342023 0.000000 -0.939692
vn 0.388434 0.000000 -0.921476
vn 0.388434 0.000000 -0.921476
vn 0.433882 0.000000 -0.900970
vn 0.433882 0.000000 -0.900970
vn 0.478258 0.000000 -0.878219
vn 0.478258 0.000000 -0.878219
vn 0.521444 0.000000 -0.853286
vn 0.521444 0.000000 -0.853286
vn 0.563308 0.000000 -0.826247
vn 0.563308 0.000000 -0.826247
vn 0.603812 0.000000 -0.797127
vn 0.603812 0.000000 -0.797127
vn 0.642783 0.000000 -0.766048
vn 0.642783 0.000000 -0.766048
vn 0.680177 0.000000 -0.733048
vn 0.680177 0.000000 -0.733048
vn 0.715869 0.000000 -0.698234
vn 0.715869 0.000000 -0.698234
vn 0.749774 0.000000 -0.661694
vn 0.749774 0.000000 -0.661694
vn 0.781834 0.000000 -0.623487
vn 0.781834 0.000000 -0.623487
vn 0.811939 0.000000 -0.583742
vn 0.811939 0.000000 -0.583742
vn 0.840028 0.000000 -0.542544
vn 0.866023 0.000000 -0.500004
vn 0.840028 0.000000 -0.542544
vn 0.866023 0.000000 -0.500004
vn 0.889874 0.000000 -0.456206
vn 0.889874 0.000000 -0.456206
vn 0.911502 0.000000 -0.411295
vn 0.911502 0.000000 -0.411295
vn 0.930869 0.000000 -0.365353
vn 0.930869 0.000000 -0.365353
vn 0.947937 0.000000 -0.318459
vn 0.947937 0.000000 -0.318459
vn 0.962617 0.000000 -0.270868
vn 0.962617 0.000000 -0.270868
vn 0.974929 0.000000 -0.222518
vn 0.974929 0.000000 -0.222518
vn 0.984811 0.000000 -0.173631
vn 0.984811 0.000000 -0.173631
vn 0.992237 0.000000 -0.124360
vn 0.992237 0.000000 -0.124360
vn 0.997205 0.000000 -0.074708
vn 0.997205 0.000000 -0.074708
vn 0.999689 0.000000 -0.024941
vn 0.999689 0.000000 -0.024941
vn 0.999689 0.000000 0.024941
vn 0.999689 0.000000 0.024941
vn 0.997205 -0.000000 0.074708
vn 0.997205 0.000000 0.074708
vn 0.992237 -0.000000 0.124360
vn 0.992237 0.000000 0.124360
vn 0.984811 -0.000000 0.173631
vn 0.984811 0.000000 0.173631
vn 0.974929 -0.000000 0.222518
vn 0.974929 0.000000 0.222518
vn 0.962617 -0.000000 0.270868
vn 0.962617 0.000000 0.270868
vn 0.947937 -0.000000 0.318459
vn 0.947937 0.000000 0.318459
vn 0.930869 -0.000000 0.365353
vn 0.930869 0.000000 0.365353
vn 0.911502 -0.000000 0.411295
vn 0.911502 0.000000 0.411295
vn 0.889874 -0.000000 0.456206
vn 0.889874 0.000000 0.456206
vn 0.866023 -0.000000 0.500004
vn 0.866023 0.000000 0.500004
vn 0.840028 -0.000000 0.542544
vn 0.840028 0.000000 0.542544
vn 0.811939 -0.000000 0.583742
vn 0.811939 0.000000 0.583742
vn 0.781834 -0.000000 0.623487
vn 0.781834 0.000000 0.623487
vn 0.749774 -0.000000 0.661694
vn 0.749774 0.000000 0.661694
vn 0.715869 -0.000000 0.698234
vn 0.715869 0.000000 0.698234
vn 0.680177 -0.000000 0.733048
vn 0.680177 0.000000 0.733048
vn 0.642783 -0.000000 0.766048
vn 0.642783 0.000000 0.766048
vn 0.603812 -0.000000 0.797127
vn 0.603812 0.000000 0.797127
vn 0.563308 0.000000 0.826247
vn 0.563308 -0.000000 0.826247
vn 0.521444 0.000000 0.853286
vn 0.521444 -0.000000 0.853286
vn 0.478258 0.000000 0.878219
vn 0.478258 -0.000000 0.878219
vn 0.433882 0.000000 0.900970
vn 0.433882 -0.000000 0.900970
vn 0.388434 0.000000 0.921476
vn 0.388434 -0.000000 0.921476
vn 0.342023 -0.000000 0.939692
vn 0.342023 0.000000 0.939692
vn 0.294748 -0.000000 0.955575
vn 0.294748 0.000000 0.955575
vn 0.246760 -0.000000 0.969077
vn 0.246760 0.000000 0.969077
vn 0.198149 -0.000000 0.980172
vn 0.198149 0.000000 0.980172
vn 0.149041 -0.000000 0.988831
vn 0.149041 0.000000 0.988831
vn 0.099568 -0.000000 0.995031
vn 0.099568 0.000000 0.995031
vn 0.049845 -0.000000 0.998757
vn 0.049845 0.000000 0.998757
vn 0.000000 0.000000 1.000000
vn -0.000000 0.000000 1.000000
vn -0.049845 0.000000 0.998757
vn -0.049845 0.000000 0.998757
vn -0.099568 0.000000 0.995031
vn -0.099568 0.000000 0.995031
vn -0.149041 0.000000 0.988831
vn -0.149041 0.000000 0.988831
vn -0.198149 0.000000 0.980172
vn -0.198149 0.000000 0.980172
vn -0.246760 0.000000 0.969077
vn -0.246760 0.000000 0.969077
vn -0.294748 0.000000 0.955575
vn -0.294748 0.000000 0.955575
vn -0.342023 0.000000 0.939692
vn -0.342023 0.000000 0.939692
vn -0.388434 0.000000 0.921476
vn -0.388434 0.000000 0.921476
vn -0.433882 0.000000 0.900970
vn -0.433882 0.000000 0.900970
vn -0.478258 0.000000 0.878219
vn -0.478258 0.000000 0.878219
vn -0.521444 0.000000 0.853286
vn -0.521444 0.000000 0.853286
vn -0.563308 0.000000 0.826247
vn -0.563308 0.000000 0.826247
vn -0.603812 0.000000 0.797127
vn -0.603812 0.000000 0.797127
vn -0.642783 0.000000 0.766048
vn -0.642783 0.000000 0.766048
vn -0.680177 0.000000 0.733048
vn -0.680177 0.000000 0.733048
vn -0.715869 0.000000 0.698234
vn -0.715869 0.000000 0.698234
vn -0.749774 0.000000 0.661694
vn -0.749774 0.000000 0.661694
vn -0.781834 0.000000 0.623487
vn -0.781834 0.000000 0.623487
vn -0.811939 0.000000 0.583742
vn -0.811939 0.000000 0.583742
vn -0.840028 0.000000 0.542544
vn -0.840028 0.000000 0.542544
vn -0.866023 0.000000 0.500004
vn -0.866023 0.000000 0.500004
vn -0.889874 0.000000 0.456206
vn -0.889874 0.000000 0.456206
vn -0.911502 0.000000 0.411295
vn -0.911502 0.000000 0.411295
vn -0.930869 0.000000 0.365353
vn -0.930869 0.000000 0.365353
vn -0.947937 0.000000 0.318459
vn -0.947937 0.000000 0.318459
vn -0.962617 0.000000 0.270868
vn -0.962617 0.000000 0.270868
vn -0.974929 0.000000 0.222518
vn -0.974929 0.000000 0.222518
vn -0.984811 0.000000 0.173631
vn -0.984811 0.000000 0.173631
vn -0.992237 0.000000 0.124360
vn -0.992237 0.000000 0.124360
vn -0.997205 0.000000 0.074708
vn -0.997205 0.000000 0.074708
vn -0.999689 0.000000 0.024941
vn -0.999689 0.000000 0.024941
vn 0.000000 -1.000000 0.000000
vn -0.000000 -1.000000 0.000000
vn 0.000000 -1.000000 0.000000
vn -0.000000 -1.000000 0.000000
vn 0.000000 -1.000000 0.000000
vn -0.000000 -1.000000 0.000000
vn 0.000000 -1.000000 0.000000
vn -0.000000 -1.000000 0.000000
vn 0.000000 -1.000000 0.000000
vn 0.000000 -1.000000 0.000000
vn 0.000000 -1.000000 0.000000
vn -0.000000 -1.000000 0.000000
vn 0.000000 -1.000000 0.000000
vn -0.000000 -1.000000 0.000000
vn 0.000000 -1.000000 0.000000
vn -0.000000 -1.000000 0.000000
vn 0.000000 -1.000000 0.000000
vn -0.000000 -1.000000 0.000000
vn 0.000000 -1.000000 0.000000
vn -0.000000 -1.000000 0.000000
vn 0.000000 -1.000000 0.000000
vn -0.000000 -1.000000 0.000000
vn 0.000000 -1.000000 0.000000
vn -0.000000 -1.000000 0.000000
vn 0.000000 -1.000000 0.000000
vn 0.000000 -1.000000 0.000000
vn 0.000000 -1.000000 0.000000
vn 0.000000 -1.000000 0.000000
vn -0.000000 -1.000000 0.000000
vn 0.000000 -1.000000 0.000000
vn 0.000000 -1.000000 0.000000
vn 0.000000 -1.000000 0.000000
vn -0.000000 -1.000000 0.000000
vn 0.000000 -1.000000 0.000000
vn -0.000000 -1.000000 0.000000
vn 0.000000 -1.000000 0.000000
vn 0.000000 -1.000000 0.000000
vn -0.000000 -1.000000 0.000000
vn 0.000000 -1.000000 0.000000
vn 0.000000 -1.000000 0.000000
vn 0.000000 -1.000000 0.000000
vn -0.000000 -1.000000 0.000000
vn 0.000000 -1.000000 0.000000
vn 0.000000 -1.000000 0.000000
vn 0.000000 -1.000000 0.000000
vn 0.000000 -1.000000 0.000000
vn -0.000000 -1.000000 0.000000
vn 0.000000 -1.000000 0.000000
vn -0.000000 -1.000000 0.000000
vn 0.000000 -1.000000 0.000000
vn 0.000000 -1.000000 0.000000
vn -0.000000 -1.000000 0.000000
vn 0.000000 -1.000000 0.000000
vn 0.000000 -1.000000 0.000000
vn 0.000000 -1.000000 0.000000
vn 0.000000 -1.000000 0.000000
vn -0.000000 -1.000000 0.000000
vn 0.000000 -1.000000 0.000000
vn -0.000000 -1.000000 0.000000
vn 0.000000 -1.000000 0.000000
vn 0.000000 -1.000000 0.000000
vn -0.000000 -1.000000 0.000000
vn 0.000000 -1.000000 0.000000
vn 0.000000 -1.000000 0.000000
vn -0.000000 -1.000000 0.000000
vn 0.000000 -1.000000 0.000000
vn 0.000000 -1.000000 0.000000
vn -0.000000 -1.000000 0.000000
vn 0.000000 -1.000000 0.000000
vn -0.000000 -1.000000 0.000000
vn 0.000000 -1.000000 0.000000
vn 0.000000 -1.000000 0.000000
vn 0.000000 -1.000000 0.000000
vn -0.000000 -1.000000 0.000000
vn -0.000000 -1.000000 0.000000
vn 0.000000 -1.000000 0.000000
vn 0.000000 -1.000000 0.000000
vn 0.000000 -1.000000 0.000000
vn 0.000000 -1.000000 0.000000
vn -0.000000 -1.000000 0.000000
vn 0.000000 -1.000000 0.000000
vn -0.000000 -1.000000 0.000000
vn 0.000000 -1.000000 0.000000
vn 0.000000 -1.000000 0.000000
vn 0.000000 -1.000000 0.000000
vn 0.000000 -1.000000 0.000000
vn -0.000000 -1.000000 0.000000
vn 0.000000 -1.000000 0.000000
vn 0.000000 -1.000000 0.000000
vn 0.000000 -1.000000 0.000000
vn 0.000000 -1.000000 0.000000
vn -0.000000 -1.000000 0.000000
vn 0.000000 -1.000000 0.000000
vn 0.000000 -1.000000 0.000000
vn 0.000000 -1.000000 0.000000
vn 0.000000 -1.000000 0.000000
vn 0.000000 -1.000000 0.000000
vn -0.000000 -1.000000 0.000000
vn 0.000000 -1.000000 0.000000
vn 0.000000 -1.000000 0.000000
vn 0.000000 -1.000000 0.000000
vn 0.000000 -1.000000 0.000000
vn -0.000000 -1.000000 0.000000
vn 0.000000 -1.000000 0.000000
vn 0.000000 -1.000000 0.000000
vn -0.000000 -1.000000 0.000000
vn 0.000000 -1.000000 0.000000
vn 0.000000 -1.000000 0.000000
vn 0.000000 -1.000000 0.000000
vn -0.000000 -1.000000 0.000000
vn 0.000000 -1.000000 0.000000
vn 0.000000 -1.000000 0.000000
vn 0.000000 -1.000000 0.000000
vn 0.000000 -1.000000 0.000000
vn 0.000000 -1.000000 0.000000
vn -0.000000 -1.000000 0.000000
vn 0.000000 -1.000000 0.000000
vn 0.000000 -1.000000 0.000000
vn 0.000000 -1.000000 0.000000
vn 0.000000 -1.000000 0.000000
vn -0.000000 -1.000000 0.000000
vn 0.000000 -1.000000 0.000000
vn 0.000000 -1.000000 0.000000
vn 0.000000 -1.000000 0.000000
vn -0.000000 -1.000000 0.000000
vn 0.000000 -1.000000 0.000000
vn 0.000000 -1.000000 0.000000
vn 0.000000 -1.000000 0.000000
vn 0.000000 -1.000000 0.000000
vn -0.000000 -1.000000 0.000000
vn 0.000000 -1.000000 0.000000
vn 0.000000 -1.000000 0.000000
vn -0.000000 -1.000000 0.000000
vn 0.000000 -1.000000 0.000000
vn -0.000000 -1.000000 0.000000
vn 0.000000 -1.000000 0.000000
vn -0.000000 -1.000000 0.000000
vn 0.000000 -1.000000 0.000000
vn 0.000000 -1.000000 0.000000
vn -0.000000 -1.000000 0.000000
vn -0.000000 -1.000000 0.000000
vn 0.000000 -1.000000 0.000000
vn -0.000000 -1.000000 0.000000
vn 0.000000 -1.000000 0.000000
vn -0.000000 -1.000000 0.000000
vn 0.000000 -1.000000 0.000000
vn -0.000000 -1.000000 0.000000
vn 0.000000 -1.000000 0.000000
vn -0.000000 -1.000000 0.000000
vn 0.000000 -1.000000 0.000000
vn -0.000000 -1.000000 0.000000
vn 0.000000 -1.000000 0.000000
vn -0.000000 -1.000000 0.000000
vn 0.000000 -1.000000 0.000000
vn -0.000000 -1.000000 0.000000
vn 0.000000 -1.000000 0.000000
vn 0.000000 -1.000000 0.000000
vn -0.000000 -1.000000 0.000000
vn -0.000000 -1.000000 0.000000
vn 0.000000 -1.000000 0.000000
vn 0.000000 -1.000000 0.000000
vn -0.000000 -1.000000 0.000000
vn 0.000000 -1.000000 0.000000
vn -0.000000 -1.000000 0.000000
vn 0.000000 -1.000000 0.000000
vn -0.000000 -1.000000 0.000000
vn 0.000000 -1.000000 0.000000
vn 0.000000 -1.000000 0.000000
vn -0.000000 -1.000000 0.000000
vn 0.000000 -1.000000 0.000000
vn -0.000000 -1.000000 0.000000
vn -0.000000 -1.000000 0.000000
vn 0.000000 -1.000000 0.000000
vn 0.000000 -1.000000 0.000000
vn -0.000000 -1.000000 0.000000
vn -0.000000 -1.000000 0.000000
vn 0.000000 -1.000000 0.000000
vn 0.000000 -1.000000 0.000000
vn 0.000000 -1.000000 0.000000
vn 0.000000 -1.000000 0.000000
vn 0.000000 -1.000000 0.000000
vn 0.000000 -1.000000 0.000000
vn 0.000000 -1.000000 0.000000
vn 0.000000 -1.000000 0.000000
vn 0.000000 -1.000000 0.000000
vn 0.000000 -1.000000 0.000000
vn 0.000000 -1.000000 0.000000
vn 0.000000 -1.000000 0.000000
vn 0.000000 -1.000000 0.000000
vn 0.000000 -1.000000 0.000000
vn 0.000000 -1.000000 0.000000
vn 0.000000 -1.000000 0.000000
vn 0.000000 -1.000000 0.000000
vn 0.000000 -1.000000 0.000000
vn 0.000000 -1.000000 0.000000
vn 0.000000 -1.000000 0.000000
vn 0.000000 -1.000000 0.000000
vn 0.000000 -1.000000 0.000000
vn 0.000000 -1.000000 0.000000
vn 0.000000 -1.000000 0.000000
vn 0.000000 -1.000000 0.000000
vn 0.000000 -1.000000 0.000000
vn -0.000000 -1.000000 0.000000
vn 0.000000 -1.000000 0.000000
vn 0.000000 -1.000000 0.000000
vn 0.000000 -1.000000 0.000000
vn -0.000000 -1.000000 0.000000
vn 0.000000 -1.000000 0.000000
vn 0.000000 -1.000000 0.000000
vn -0.000000 -1.000000 0.000000
vn 0.000000 -1.000000 0.000000
vn 0.000000 -1.000000 0.000000
vn -0.000000 -1.000000 0.000000
vn 0.000000 -1.000000 0.000000
vn 0.000000 -1.000000 0.000000
vn 0.000000 -1.000000 0.000000
vn 0.000000 -1.000000 0.000000
vn 0.000000 -1.000000 0.000000
vn 0.000000 -1.000000 0.000000
vn 0.000000 -1.000000 0.000000
vn 0.000000 -1.000000 0.000000
vn 0.000000 -1.000000 0.000000
vn -0.000000 -1.000000 0.000000
vn 0.000000 -1.000000 0.000000
vn 0.000000 -1.000000 0.000000
vn 0.000000 -1.000000 0.000000
vn 0.000000 -1.000000 0.000000
vn 0.000000 -1.000000 0.000000
vn 0.000000 -1.000000 0.000000
vn 0.000000 -1.000000 0.000000
vn 0.000000 -1.000000 0.000000
vn 0.000000 -1.000000 0.000000
vn -0.000000 -1.000000 0.000000
vn 0.000000 -1.000000 0.000000
vn 0.000000 -1.000000 0.000000
vn 0.000000 -1.000000 0.000000
vn 0.000000 -1.000000 0.000000
vn 0.000000 -1.000000 0.000000
vn 0.000000 -1.000000 0.000000
vn 0.000000 -1.000000 0.000000
vn -0.000000 -1.000000 0.000000
vn 0.000000 -1.000000 0.000000
vn 0.000000 -1.000000 0.000000
vn 0.000000 -1.000000 0.000000
vn 0.000000 -1.000000 0.000000
vn 0.000000 -1.000000 0.000000
vn 0.000000 -1.000000 0.000000
vn 0.000000 -1.000000 0.000000
vn 0.000000 -1.000000 0.000000
vn 0.000000 -1.000000 0.000000
vn -0.000000 -1.000000 0.000000
vn 0.000000 -1.000000 0.000000
vn 0.000000 -1.000000 0.000000
vn 0.000000 -1.000000 0.000000
vn 0.000000 -1.000000 0.000000
vn 0.000000 -1.000000 0.000000
vn -0.000000 -1.000000 0.000000
vn 0.000000 -1.000000 0.000000
vn 0.000000 -1.000000 0.000000
vn 0.000000 -1.000000 0.000000
vn 0.000000 -1.000000 0.000000
vn 0.000000 -1.000000 0.000000
vn 0.000000 -1.000000 0.000000
vn 0.000000 -1.000000 0.000000
vn 0.000000 -1.000000 0.000000
vn 0.000000 -1.000000 0.000000
vn 0.000000 -1.000000 0.000000
vn 0.000000 -1.000000 0.000000
vn 0.000000 -1.000000 0.000000
vn 0.000000 -1.000000 0.000000
vn 0.000000 -1.000000 0.000000
vn 0.000000 -1.000000 0.000000
vn 0.000000 -1.000000 0.000000
vn 0.000000 -1.000000 0.000000
vn 0.000000 -1.000000 0.000000
vn 0.000000 -1.000000 0.000000
vn 0.000000 -1.000000 0.000000
vn -0.000000 -1.000000 0.000000
vn 0.000000 -1.000000 0.000000
vn 0.000000 -1.000000 0.000000
vn 0.000000 -1.000000 0.000000
vn 0.000000 -1.000000 0.000000
vn 0.000000 -1.000000 0.000000
vn 0.000000 -1.000000 0.000000
vn 0.000000 -1.000000 0.000000
vn 0.000000 -1.000000 0.000000
vn 0.000000 -1.000000 0.000000
vn 0.000000 -1.000000 0.000000
vn 0.000000 -1.000000 0.000000
vn 0.000000 -1.000000 0.000000
vn 0.000000 -1.000000 0.000000
vn 0.000000 -1.000000 0.000000
vn 0.000000 -1.000000 0.000000
vn 0.000000 -1.000000 0.000000
vn 0.000000 -1.000000 0.000000
vn 0.000000 -1.000000 0.000000
vn -0.000000 -1.000000 0.000000
vn 0.000000 -1.000000 0.000000
vn 0.000000 -1.000000 0.000000
vn 0.000000 -1.000000 0.000000
vn 0.000000 -1.000000 0.000000
vn 0.000000 -1.000000 0.000000
vn 0.000000 -1.000000 0.000000
vn 0.000000 -1.000000 0.000000
vn 0.000000 -1.000000 0.000000
vn 0.000000 -1.000000 0.000000
vn 0.000000 -1.000000 0.000000
vn 0.000000 -1.000000 0.000000
vn 0.000000 -1.000000 0.000000
vn 0.000000 -1.000000 0.000000
vn 0.000000 -1.000000 0.000000
vn 0.000000 -1.000000 0.000000
vn 0.000000 -1.000000 0.000000
vn 0.000000 -1.000000 0.000000
vn 0.000000 -1.000000 0.000000
vn 0.000000 -1.000000 0.000000
vn 0.000000 -1.000000 0.000000
vn 0.000000 -1.000000 0.000000
vn 0.000000 -1.000000 0.000000
vn 0.000000 -1.000000 0.000000
vn 0.000000 -1.000000 0.000000
vn 0.000000 -1.000000 0.000000
vn 0.000000 -1.000000 0.000000
vn 0.000000 -1.000000 0.000000
vn 0.000000 -1.000000 0.000000
vn 0.000000 -1.000000 0.000000
vn 0.000000 -1.000000 0.000000
vn -0.000000 -1.000000 0.000000
vn 0.000000 -1.000000 0.000000
vn 0.000000 -1.000000 0.000000
vn 0.000000 -1.000000 0.000000
vn 0.000000 -1.000000 0.000000
vn 0.000000 -1.000000 0.000000
vn 0.000000 -1.000000 0.000000
vn 0.000000 -1.000000 0.000000
vn -0.000000 -1.000000 0.000000
vn 0.000000 -1.000000 0.000000
vn 0.000000 -1.000000 0.000000
vn 0.000000 -1.000000 0.000000
vn -0.000000 -1.000000 0.000000
vn 0.000000 -1.000000 0.000000
vn 0.000000 -1.000000 0.000000
vn 0.000000 -1.000000 0.000000
vn -0.000000 -1.000000 0.000000
vn 0.000000 -1.000000 0.000000
vn 0.000000 -1.000000 0.000000
vn -0.000000 -1.000000 0.000000
vn 0.000000 -1.000000 0.000000
vn -0.000000 -1.000000 0.000000
vn 0.000000 -1.000000 0.000000
vn -0.000000 -1.000000 0.000000
vn 0.000000 -1.000000 0.000000
vn -0.000000 -1.000000 0.000000
vn 0.000000 -1.000000 0.000000
vn 0.000000 -1.000000 0.000000
vn 0.000000 -1.000000 0.000000
vn -0.000000 -1.000000 0.000000
vn 0.000000 -1.000000 0.000000
vn -0.000000 -1.000000 0.000000
vn 0.000000 -1.000000 0.000000
vn -0.000000 -1.000000 0.000000
vn 0.000000 -1.000000 0.000000
vn -0.000000 -1.000000 0.000000
vn 0.000000 -1.000000 0.000000
vn -0.000000 -1.000000 0.000000
vn 0.000000 -1.000000 0.000000
vn -0.000000 -1.000000 0.000000
vn 0.000000 -1.000000 0.000000
vn -0.000000 -1.000000 0.000000
vn 0.000000 -1.000000 0.000000
vn 0.000000 -1.000000 0.000000
vn -0.000000 -1.000000 0.000000
vn -0.000000 -1.000000 0.000000
vn 0.000000 -1.000000 0.000000
vn -0.000000 -1.000000 0.000000
vn 0.000000 -1.000000 0.000000
vn -0.000000 -1.000000 0.000000
vn -0.000000 -1.000000 0.000000
vn -0.000000 -1.000000 0.000000
vn 0.000000 -1.000000 0.000000
vn -0.000000 -1.000000 0.000000
vn -0.000000 -1.000000 0.000000
vn 0.000000 -1.000000 0.000000
vn 0.000000 -1.000000 0.000000
vn 0.000000 -1.000000 0.000000
vn 0.000000 -1.000000 0.000000
vn 0.000000 -1.000000 0.000000
vn 0.000000 -1.000000 0.000000
vn 0.000000 -1.000000 0.000000
vn 0.000000 -1.000000 0.000000
vn 0.000000 -1.000000 0.000000
vn 0.000000 -1.000000 0.000000
vn 0.000000 -1.000000 0.000000
vn 0.000000 -1.000000 0.000000
vn 0.000000 -1.000000 0.000000
vn 0.000000 -1.000000 0.000000
vn 0.000000 -1.000000 0.000000
vn 0.000000 -1.000000 0.000000
vn 0.000000 -1.000000 0.000000
vn -0.000000 -1.000000 0.000000
vn 0.000000 -1.000000 0.000000
vn -0.000000 -1.000000 0.000000
vn 0.000000 -1.000000 0.000000
vn 0.000000 -1.000000 0.000000
vn 0.000000 -1.000000 0.000000
vn 0.000000 -1.000000 0.000000
vn 0.000000 -1.000000 0.000000
vn 0.000000 -1.000000 0.000000
vn 0.000000 -1.000000 0.000000
vn 0.000000 -1.000000 0.000000
vn 0.000000 -1.000000 0.000000
vn 0.000000 -1.000000 0.000000
vn 0.000000 -1.000000 0.000000
vn 0.000000 -1.000000 0.000000
vn 0.000000 -1.000000 0.000000
vn 0.000000 -1.000000 0.000000
vn 0.000000 -1.000000 0.000000
vn 0.000000 -1.000000 0.000000
vn 0.000000 -1.000000 0.000000
vn 0.000000 -1.000000 0.000000
vn 0.000000 -1.000000 0.000000
vn 0.000000 -1.000000 0.000000
vn -0.000000 -1.000000 0.000000
vn 0.000000 -1.000000 0.000000
vn -0.000000 -1.000000 0.000000
vn 0.000000 -1.000000 0.000000
vn 0.000000 -1.000000 0.000000
vn -0.000000 -1.000000 0.000000
vn 0.000000 -1.000000 0.000000
vn 0.000000 -1.000000 0.000000
vn 0.000000 -1.000000 0.000000
vn 0.000000 -1.000000 0.000000
vn 0.000000 -1.000000 0.000000
vn -0.000000 -1.000000 0.000000
vn 0.000000 -1.000000 0.000000
vn 0.000000 -1.000000 0.000000
vn 0.000000 -1.000000 0.000000
vn 0.000000 -1.000000 0.000000
vn 0.000000 -1.000000 0.000000
vn 0.000000 -1.000000 0.000000
vn -0.000000 -1.000000 0.000000
vn 0.000000 -1.000000 0.000000
vn 0.000000 -1.000000 0.000000
vn 0.000000 -1.000000 0.000000
vn 0.000000 -1.000000 0.000000
vn 0.000000 -1.000000 0.000000
vn 0.000000 -1.000000 0.000000
vn 0.000000 -1.000000 0.000000
vn 0.000000 -1.000000 0.000000
vn 0.000000 -1.000000 0.000000
vn -0.000000 -1.000000 0.000000
vn -0.000000 -1.000000 0.000000
vn -0.000000 -1.000000 0.000000
vn -0.000000 -1.000000 0.000000
vn 0.000000 -1.000000 0.000000
vn 0.000000 -1.000000 0.000000
vn 0.000000 -1.000000 0.000000
vn 0.000000 -1.000000 0.000000
vn 0.000000 -1.000000 0.000000
vn 0.000000 -1.000000 0.000000
vn -0.000000 -1.000000 0.000000
vn 0.000000 -1.000000 0.000000
vn 0.000000 -1.000000 0.000000
vn 0.000000 -1.000000 0.000000
vn 0.000000 -1.000000 0.000000
vn 0.000000 -1.000000 0.000000
vn 0.000000 -1.000000 0.000000
vn 0.000000 -1.000000 0.000000
vn 0.000000 -1.000000 0.000000
vn 0.000000 -1.000000 0.000000
vn 0.000000 -1.000000 0.000000
vn 0.000000 -1.000000 0.000000
vn 0.000000 -1.000000 0.000000
vn 0.000000 -1.000000 0.000000
vn 0.000000 -1.000000 0.000000
vn 0.000000 -1.000000 0.000000
vn 0.000000 -1.000000 0.000000
vn 0.000000 -1.000000 0.000000
vn 0.000000 -1.000000 0.000000
vn 0.000000 -1.000000 0.000000
vn 0.000000 -1.000000 0.000000
vn 0.000000 -1.000000 0.000000
vn 0.000000 -1.000000 0.000000
vn 0.000000 -1.000000 0.000000
vn 0.000000 -1.000000 0.000000
vn 0.000000 -1.000000 0.000000
vn -0.000000 -1.000000 0.000000
vn 0.000000 -1.000000 0.000000
vn 0.000000 -1.000000 0.000000
vn 0.000000 -1.000000 0.000000
vn 0.000000 -1.000000 0.000000
vn 0.000000 -1.000000 0.000000
vn 0.000000 -1.000000 0.000000
vn 0.000000 -1.000000 0.000000
vn 0.000000 -1.000000 0.000000
vn 0.000000 -1.000000 0.000000
vn 0.000000 -1.000000 0.000000
vn 0.000000 -1.000000 0.000000
vn 0.000000 -1.000000 0.000000
vn 0.000000 -1.000000 0.000000
vn 0.000000 -1.000000 0.000000
vn 0.000000 -1.000000 0.000000
vn -0.000000 -1.000000 0.000000
vn 0.000000 -1.000000 0.000000
vn 0.000000 -1.000000 0.000000
vn 0.000000 -1.000000 0.000000
vn 0.000000 -1.000000 0.000000
vn 0.000000 -1.000000 0.000000
vn 0.000000 -1.000000 0.000000
vn 0.000000 -1.000000 0.000000
vn 0.000000 -1.000000 0.000000
vn 0.000000 -1.000000 0.000000
vn 0.000000 -1.000000 0.000000
vn -0.000000 -1.000000 0.000000
vn 0.000000 -1.000000 0.000000
vn 0.000000 -1.000000 0.000000
vn 0.000000 -1.000000 0.000000
vn 0.000000 -1.000000 0.000000
vn 0.000000 -1.000000 0.000000
vn -0.000000 -1.000000 0.000000
vn 0.000000 -1.000000 0.000000
vn 0.000000 -1.000000 0.000000
vn 0.000000 -1.000000 0.000000
vn 0.000000 -1.000000 0.000000
vn -0.000000 -1.000000 0.000000
vn 0.000000 -1.000000 0.000000
vn 0.000000 -1.000000 0.000000
vn 0.000000 -1.000000 0.000000
vn -0.000000 -1.000000 0.000000
vn 0.000000 -1.000000 0.000000
vn 0.000000 -1.000000 0.000000
vn -0.000000 -1.000000 0.000000
vn 0.000000 -1.000000 0.000000
vn 0.000000 -1.000000 0.000000
vn 0.000000 -1.000000 0.000000
vn 0.000000 -1.000000 0.000000
vn 0.000000 -1.000000 0.000000
vn -0.000000 -1.000000 0.000000
vn 0.000000 -1.000000 0.000000
vn 0.000000 -1.000000 0.000000
vn -0.000000 -1.000000 0.000000
vn 0.000000 -1.000000 0.000000
vn 0.000000 -1.000000 0.000000
vn -0.000000 -1.000000 0.000000
vn 0.000000 -1.000000 0.000000
vn -0.000000 -1.000000 0.000000
vn 0.000000 -1.000000 0.000000
vn -0.000000 -1.000000 0.000000
vn -0.000000 -1.000000 0.000000
vn 0.000000 -1.000000 0.000000
vn -0.000000 -1.000000 0.000000
vn -0.000000 -1.000000 0.000000
vn -0.000000 -1.000000 0.000000
vn -0.000000 -1.000000 0.000000
vn -0.000000 -1.000000 0.000000
vn -0.000000 -1.000000 0.000000
vn -0.000000 -1.000000 0.000000
vn -0.000000 -1.000000 0.000000
vn -0.000000 -1.000000 0.000000
vn -0.000000 -1.000000 0.000000
vn 0.000000 -1.000000 0.000000
vn -0.000000 -1.000000 0.000000
vn 0.000000 -1.000000 0.000000
vn -0.000000 -1.000000 0.000000
vn 0.000000 -1.000000 0.000000
vn -0.000000 -1.000000 0.000000
vn -0.000000 -1.000000 0.000000
vn 0.000000 -1.000000 0.000000
vn -0.000000 -1.000000 0.000000
vn -0.000000 -1.000000 0.000000
vn -0.000000 -1.000000 0.000000
vn -0.000000 -1.000000 0.000000
vn -0.000000 -1.000000 0.000000
vn 0.000000 -1.000000 0.000000
vn -0.000000 -1.000000 0.000000
vn 0.000000 -1.000000 0.000000
vn -0.000000 -1.000000 0.000000
vn 0.000000 -1.000000 0.000000
vn -0.000000 -1.000000 0.000000
vn 0.000000 -1.000000 0.000000
vn -0.000000 -1.000000 0.000000
vn 0.000000 -1.000000 0.000000
vn -0.000000 -1.000000 0.000000
vn 0.000000 -1.000000 0.000000
vn -0.000000 -1.000000 0.000000
vn 0.000000 -1.000000 0.000000
vn -0.000000 -1.000000 0.000000
vn 0.000000 -1.000000 0.000000
vn 0.000000 -1.000000 0.000000
vn 0.000000 -1.000000 0.000000
vn 0.000000 -1.000000 0.000000
vn -0.000000 -1.000000 0.000000
vn 0.000000 -1.000000 0.000000
vn -0.000000 -1.000000 0.000000
vn 0.000000 -1.000000 0.000000
vn -0.000000 -1.000000 0.000000
vn -0.000000 -1.000000 0.000000
vn -0.000000 -1.000000 0.000000
vn -0.000000 -1.000000 0.000000
vn -0.000000 -1.000000 0.000000
vn 0.000000 -1.000000 0.000000
vn 0.000000 -1.000000 0.000000
vn 0.000000 -1.000000 0.000000
vn 0.000000 -1.000000 0.000000
vn 0.000000 -1.000000 0.000000
vn -0.000000 -1.000000 0.000000
vn -0.000000 -1.000000 0.000000
vn 0.000000 -1.000000 0.000000
vn -0.000000 -1.000000 0.000000
vn 0.000000 -1.000000 0.000000
vn -0.000000 -1.000000 0.000000
vn 0.000000 -1.000000 0.000000
vn 0.000000 -1.000000 0.000000
vn 0.000000 -1.000000 0.000000
vn 0.000000 -1.000000 0.000000
vn 0.000000 -1.000000 0.000000
vn 0.000000 -1.000000 0.000000
vn 0.000000 -1.000000 0.000000
vn 0.000000 -1.000000 0.000000
vn 0.000000 -1.000000 0.000000
vn 0.000000 -1.000000 0.000000
vn 0.000000 -1.000000 0.000000
vn 0.000000 -1.000000 0.000000
vn 0.000000 -1.000000 0.000000
vn 0.000000 -1.000000 0.000000
vn -0.000000 -1.000000 0.000000
vn -0.000000 -1.000000 0.000000
vn -0.000000 -1.000000 0.000000
vn 0.000000 -1.000000 0.000000
vn 0.000000 -1.000000 0.000000
vn 0.000000 -1.000000 0.000000
vn 0.000000 -1.000000 0.000000
vn 0.000000 -1.000000 0.000000
vn -0.000000 -1.000000 0.000000
vn 0.000000 -1.000000 0.000000
vn 0.000000 -1.000000 0.000000
vn 0.000000 -1.000000 0.000000
vn 0.000000 -1.000000 0.000000
vn 0.000000 -1.000000 0.000000
vn 0.000000 -1.000000 0.000000
vn 0.000000 -1.000000 0.000000
vn 0.000000 -1.000000 0.000000
vn -0.000000 -1.000000 0.000000
vn 0.000000 -1.000000 0.000000
vn 0.000000 -1.000000 0.000000
vn 0.000000 -1.000000 0.000000
vn 0.000000 -1.000000 0.000000
vn 0.000000 -1.000000 0.000000
vn 0.000000 -1.000000 0.000000
vn 0.000000 -1.000000 0.000000
vn 0.000000 -1.000000 0.000000
vn 0.000000 -1.000000 0.000000
vn 0.000000 -1.000000 0.000000
vn 0.000000 -1.000000 0.000000
vn 0.000000 -1.000000 0.000000
vn 0.000000 -1.000000 0.000000
vn 0.000000 -1.000000 0.000000
vn -0.000000 -1.000000 0.000000
vn 0.000000 -1.000000 0.000000
vn 0.000000 -1.000000 0.000000
vn 0.000000 -1.000000 0.000000
vn 0.000000 -1.000000 0.000000
vn 0.000000 -1.000000 0.000000
vn 0.000000 -1.000000 0.000000
vn 0.000000 -1.000000 0.000000
vn -0.000000 -1.000000 0.000000
vn 0.000000 -1.000000 0.000000
vn 0.000000 -1.000000 0.000000
vn 0.000000 -1.000000 0.000000
vn 0.000000 -1.000000 0.000000
vn 0.000000 -1.000000 0.000000
vn 0.000000 -1.000000 0.000000
vn 0.000000 -1.000000 0.000000
vn 0.000000 -1.000000 0.000000
vn 0.000000 -1.000000 0.000000
vn 0.000000 -1.000000 0.000000
vn 0.000000 -1.000000 0.000000
vn 0.000000 -1.000000 0.000000
vn 0.000000 -1.000000 0.000000
vn 0.000000 -1.000000 0.000000
vn 0.000000 -1.000000 0.000000
vn 0.000000 -1.000000 0.000000
vn 0.000000 -1.000000 0.000000
vn 0.000000 -1.000000 0.000000
vn 0.000000 -1.000000 0.000000
vn -0.000000 -1.000000 0.000000
vn 0.000000 -1.000000 0.000000
vn -0.000000 -1.000000 0.000000
vn 0.000000 -1.000000 0.000000
vn 0.000000 -1.000000 0.000000
vn -0.000000 -1.000000 0.000000
vn 0.000000 -1.000000 0.000000
vn -0.000000 -1.000000 0.000000
vn 0.000000 -1.000000 0.000000
vn -0.000000 -1.000000 0.000000
vn 0.000000 -1.000000 0.000000
vn 0.000000 -1.000000 0.000000
vn -0.000000 -1.000000 0.000000
vn -0.000000 -1.000000 0.000000
vn 0.000000 -1.000000 0.000000
vn -0.000000 -1.000000 0.000000
vn 0.000000 -1.000000 0.000000
vn -0.000000 -1.000000 0.000000
vn 0.000000 -1.000000 0.000000
vn -0.000000 -1.000000 0.000000
vn 0.000000 -1.000000 0.000000
vn -0.000000 -1.000000 0.000000
vn 0.000000 -1.000000 0.000000
vn -0.000000 -1.000000 0.000000
vn 0.000000 -1.000000 0.000000
vn -0.000000 -1.000000 0.000000
vn 0.000000 -1.000000 0.000000
vn -0.000000 -1.000000 0.000000
vn -0.000000 -1.000000 0.000000
vn 0.000000 -1.000000 0.000000
vn -0.000000 -1.000000 0.000000
vn -0.000000 -1.000000 0.000000
vn 0.000000 -1.000000 0.000000
vn -0.000000 -1.000000 0.000000
vn -0.000000 -1.000000 0.000000
vn -0.000000 -1.000000 0.000000
vn -0.000000 -1.000000 0.000000
vn 0.000000 -1.000000 0.000000
vn -0.000000 -1.000000 0.000000
vn -0.000000 -1.000000 0.000000
vn 0.000000 -1.000000 0.000000
vn -0.000000 -1.000000 0.000000
vn -0.000000 -1.000000 0.000000
vn -0.000000 -1.000000 0.000000
vn 0.000000 -1.000000 0.000000
vn -0.000000 -1.000000 0.000000
vn 0.000000 -1.000000 0.000000
vn -0.000000 -1.000000 0.000000
vn 0.000000 -1.000000 0.000000
vn -0.000000 -1.000000 0.000000
vn 0.000000 -1.000000 0.000000
vn -0.000000 -1.000000 0.000000
vn 0.000000 -1.000000 0.000000
vn -0.000000 -1.000000 0.000000
vn 0.000000 -1.000000 0.000000
vn -0.000000 -1.000000 0.000000
vn 0.000000 -1.000000 0.000000
vn 0.000000 -1.000000 0.000000
vn 0.000000 -1.000000 0.000000
vn 0.000000 -1.000000 0.000000
vn -0.000000 -1.000000 0.000000
vn 0.000000 -1.000000 0.000000
vn -0.000000 -1.000000 0.000000
vn 0.000000 -1.000000 0.000000
vn -0.000000 -1.000000 0.000000
vn 0.000000 -1.000000 0.000000
vn -0.000000 -1.000000 0.000000
vn 0.000000 -1.000000 0.000000
vn -0.000000 -1.000000 0.000000
vn 0.000000 -1.000000 0.000000
vn -0.000000 -1.000000 0.000000
vn 0.000000 -1.000000 0.000000
vn 0.000000 -1.000000 0.000000
vn 0.000000 -1.000000 0.000000
vn 0.000000 -1.000000 0.000000
vn 0.000000 -1.000000 0.000000
vn 0.000000 -1.000000 0.000000
vn 0.000000 -1.000000 0.000000
vn 0.000000 -1.000000 0.000000
vn 0.000000 -1.000000 0.000000
vn 0.000000 -1.000000 0.000000
vn -0.000000 -1.000000 0.000000
vn 0.000000 -1.000000 0.000000
vn 0.000000 -1.000000 0.000000
vn 0.000000 -1.000000 0.000000
vn 0.000000 -1.000000 0.000000
vn 0.000000 -1.000000 0.000000
vn 0.000000 -1.000000 0.000000
vn 0.000000 -1.000000 0.000000
vn 0.000000 -1.000000 0.000000
vn 0.000000 -1.000000 0.000000
vn 0.000000 -1.000000 0.000000
vn 0.000000 -1.000000 0.000000
vn 0.000000 -1.000000 0.000000
vn 0.000000 -1.000000 0.000000
vn 0.000000 -1.000000 0.000000
vn -0.000000 -1.000000 0.000000
vn 0.000000 -1.000000 0.000000
vn -0.000000 -1.000000 0.000000
vn 0.000000 -1.000000 0.000000
vn -0.000000 -1.000000 0.000000
vn 0.000000 -1.000000 0.000000
vn -0.000000 -1.000000 0.000000
vn -0.000000 -1.000000 0.000000
vn -0.000000 -1.000000 0.000000
vn -0.000000 -1.000000 0.000000
vn 0.000000 -1.000000 0.000000
vn 0.000000 -1.000000 0.000000
vn 0.000000 -1.000000 0.000000
vn 0.000000 -1.000000 0.000000
vn 0.000000 -1.000000 0.000000
vn 0.000000 -1.000000 0.000000
vn 0.000000 -1.000000 0.000000
vn 0.000000 -1.000000 0.000000
vn 0.000000 -1.000000 0.000000
vn 0.000000 -1.000000 0.000000
vn 0.000000 -1.000000 0.000000
vn 0.000000 -1.000000 0.000000
vn 0.000000 -1.000000 0.000000
vn 0.000000 -1.000000 0.000000
vn 0.000000 -1.000000 0.000000
vn 0.000000 -1.000000 0.000000
vn 0.000000 -1.000000 0.000000
vn 0.000000 -1.000000 0.000000
vn 0.000000 -1.000000 0.000000
vn 0.000000 -1.000000 0.000000
vn 0.000000 -1.000000 0.000000
vn 0.000000 -1.000000 0.000000
vn 0.000000 -1.000000 0.000000
vn -0.000000 -1.000000 0.000000
vn -0.000000 -1.000000 0.000000
vn 0.000000 -1.000000 0.000000
vn 0.000000 -1.000000 0.000000
vn 0.000000 -1.000000 0.000000
vn 0.000000 -1.000000 0.000000
vn 0.000000 -1.000000 0.000000
vn 0.000000 -1.000000 0.000000
vn 0.000000 -1.000000 0.000000
vn 0.000000 -1.000000 0.000000
vn 0.000000 -1.000000 0.000000
vn 0.000000 -1.000000 0.000000
vn -0.000000 -1.000000 0.000000
vn 0.000000 -1.000000 0.000000
vn 0.000000 -1.000000 0.000000
vn 0.000000 -1.000000 0.000000
vn 0.000000 -1.000000 0.000000
vn 0.000000 -1.000000 0.000000
vn 0.000000 -1.000000 0.000000
vn 0.000000 -1.000000 0.000000
vn 0.000000 -1.000000 0.000000
vn 0.000000 -1.000000 0.000000
vn -0.000000 -1.000000 0.000000
vn 0.000000 -1.000000 0.000000
vn 0.000000 -1.000000 0.000000
vn 0.000000 -1.000000 0.000000
vn -0.000000 -1.000000 0.000000
vn 0.000000 -1.000000 0.000000
vn 0.000000 -1.000000 0.000000
vn 0.000000 -1.000000 0.000000
vn 0.000000 -1.000000 0.000000
vn 0.000000 -1.000000 0.000000
vn 0.000000 -1.000000 0.000000
vn 0.000000 -1.000000 0.000000
vn 0.000000 -1.000000 0.000000
vn 0.000000 -1.000000 0.000000
vn -0.000000 -1.000000 0.000000
vn -0.000000 -1.000000 0.000000
vn 0.000000 -1.000000 0.000000
vn 0.000000 -1.000000 0.000000
vn 0.000000 -1.000000 0.000000
vn 0.000000 -1.000000 0.000000
vn 0.000000 -1.000000 0.000000
vn -0.000000 -1.000000 0.000000
vn -0.000000 -1.000000 0.000000
vn 0.000000 -1.000000 0.000000
vn 0.000000 -1.000000 0.000000
vn 0.000000 -1.000000 0.000000
vn 0.000000 -1.000000 0.000000
vn 0.000000 -1.000000 0.000000
vn -0.000000 -1.000000 0.000000
vn 0.000000 -1.000000 0.000000
vn -0.000000 -1.000000 0.000000
vn 0.000000 -1.000000 0.000000
vn -0.000000 -1.000000 0.000000
vn 0.000000 -1.000000 0.000000
vn -0.000000 -1.000000 0.000000
vn 0.000000 -1.000000 0.000000
vn -0.000000 -1.000000 0.000000
vn 0.000000 -1.000000 0.000000
vn 0.000000 -1.000000 0.000000
vn -0.000000 -1.000000 0.000000
vn 0.000000 -1.000000 0.000000
vn -0.000000 -1.000000 0.000000
vn 0.000000 -1.000000 0.000000
vn 0.000000 -1.000000 0.000000
vn -0.000000 -1.000000 0.000000
vn 0.000000 -1.000000 0.000000
vn -0.000000 -1.000000 0.000000
vn 0.000000 -1.000000 0.000000
vn -0.000000 -1.000000 0.000000
vn 0.000000 -1.000000 0.000000
vn 0.000000 -1.000000 0.000000
vn -0.000000 -1.000000 0.000000
vn 0.000000 -1.000000 0.000000
vn -0.000000 -1.000000 0.000000
vn 0.000000 -1.000000 0.000000
vn -0.000000 -1.000000 0.000000
vn 0.000000 -1.000000 0.000000
vn -0.000000 -1.000000 0.000000
vn 0.000000 -1.000000 0.000000
vn -0.000000 -1.000000 0.000000
vn 0.000000 -1.000000 0.000000
vn -0.000000 -1.000000 0.000000
vn 0.000000 -1.000000 0.000000
vn 0.000000 -1.000000 0.000000
vn 0.000000 -1.000000 0.000000
vn 0.000000 -1.000000 0.000000
vn 0.000000 -1.000000 0.000000
vn 0.000000 -1.000000 0.000000
vn -0.000000 -1.000000 0.000000
vn 0.000000 -1.000000 0.000000
vn 0.000000 -1.000000 0.000000
vn 0.000000 -1.000000 0.000000
vn 0.000000 -1.000000 0.000000
vn 0.000000 -1.000000 0.000000
vn 0.000000 -1.000000 0.000000
vn 0.000000 -1.000000 0.000000
vn 0.000000 -1.000000 0.000000
vn 0.000000 -1.000000 0.000000
vn 0.000000 -1.000000 0.000000
vn 0.000000 -1.000000 0.000000
vn 0.000000 -1.000000 0.000000
vn 0.000000 -1.000000 0.000000
vn 0.000000 -1.000000 0.000000
vn 0.000000 -1.000000 0.000000
vn 0.000000 -1.000000 0.000000
vn 0.000000 -1.000000 0.000000
vn 0.000000 -1.000000 0.000000
vn 0.000000 -1.000000 0.000000
vn 0.000000 -1.000000 0.000000
vn 0.000000 -1.000000 0.000000
vn 0.000000 -1.000000 0.000000
vn 0.000000 -1.000000 0.000000
vn 0.000000 -1.000000 0.000000
vn 0.000000 -1.000000 0.000000
vn 0.000000 -1.000000 0.000000
vn 0.000000 -1.000000 0.000000
vn 0.000000 -1.000000 0.000000
vn 0.000000 -1.000000 0.000000
vn 0.000000 -1.000000 0.000000
vn 0.000000 -1.000000 0.000000
vn 0.000000 -1.000000 0.000000
vn 0.000000 -1.000000 0.000000
vn 0.000000 -1.000000 0.000000
vn 0.000000 -1.000000 0.000000
vn 0.000000 -1.000000 0.000000
vn 0.000000 -1.000000 0.000000
vn 0.000000 -1.000000 0.000000
vn 0.000000 -1.000000 0.000000
vn -0.000000 -1.000000 0.000000
vn 0.000000 -1.000000 0.000000
vn 0.000000 -1.000000 0.000000
vn -0.000000 -1.000000 0.000000
vn 0.000000 -1.000000 0.000000
vn -0.000000 -1.000000 0.000000
vn 0.000000 -1.000000 0.000000
vn -0.000000 -1.000000 0.000000
vn 0.000000 -1.000000 0.000000
vn 0.000000 -1.000000 0.000000
vn -0.000000 -1.000000 0.000000
vn 0.000000 -1.000000 0.000000
vn -0.000000 -1.000000 0.000000
vn 0.000000 -1.000000 0.000000
vn -0.000000 -1.000000 0.000000
vn 0.000000 -1.000000 0.000000
vn -0.000000 -1.000000 0.000000
vn 0.000000 -1.000000 0.000000
vn -0.000000 -1.000000 0.000000
vn 0.000000 -1.000000 0.000000
vn -0.000000 -1.000000 0.000000
vn 0.000000 -1.000000 0.000000
vn -0.000000 -1.000000 0.000000
vn 0.000000 -1.000000 0.000000
vn -0.000000 -1.000000 0.000000
vn 0.000000 -1.000000 0.000000
vn -0.000000 -1.000000 0.000000
vn 0.000000 -1.000000 0.000000
vn 0.000000 -1.000000 0.000000
vn 0.000000 -1.000000 0.000000
vn 0.000000 -1.000000 0.000000
vn 0.000000 -1.000000 0.000000
vn 0.000000 -1.000000 0.000000
vn 0.000000 -1.000000 0.000000
vn 0.000000 -1.000000 0.000000
vn 0.000000 -1.000000 0.000000
vn 0.000000 -1.000000 0.000000
vn 0.000000 -1.000000 0.000000
vn 0.000000 -1.000000 0.000000
vn 0.000000 -1.000000 0.000000
vn 0.000000 -1.000000 0.000000
vn 0.000000 -1.000000 0.000000
vn 0.000000 -1.000000 0.000000
vn 0.000000 -1.000000 0.000000
vn -0.000000 -1.000000 0.000000
vn 0.000000 -1.000000 0.000000
vn -0.000000 -1.000000 0.000000
vn 0.000000 -1.000000 0.000000
vn -0.000000 -1.000000 0.000000
vn 0.000000 -1.000000 0.000000
vn -0.000000 -1.000000 0.000000
vn 0.000000 -1.000000 0.000000
vn -0.000000 -1.000000 0.000000
vn -0.000000 -1.000000 0.000000
vn 0.000000 -1.000000 0.000000
vn 0.000000 -1.000000 0.000000
vn -0.000000 -1.000000 0.000000
vn -0.000000 -1.000000 0.000000
vn -0.000000 -1.000000 0.000000
vn -0.000000 -1.000000 0.000000
vn -0.000000 -1.000000 0.000000
vn -0.000000 -1.000000 0.000000
vn -0.000000 -1.000000 0.000000
vn 0.000000 -1.000000 0.000000
vn -0.000000 -1.000000 0.000000
vn 0.000000 -1.000000 0.000000
vn -0.000000 -1.000000 0.000000
vn 0.000000 -1.000000 0.000000
vn -0.000000 -1.000000 0.000000
vn 0.000000 -1.000000 0.000000
vn -0.000000 -1.000000 0.000000
vn 0.000000 -1.000000 0.000000
vn -0.000000 -1.000000 0.000000
vn 0.000000 -1.000000 0.000000
vn -0.000000 -1.000000 0.000000
vn 0.000000 -1.000000 0.000000
vn 0.000000 -1.000000 0.000000
vn -0.000000 -1.000000 0.000000
vn 0.000000 -1.000000 0.000000
vn 0.000000 -1.000000 0.000000
vn 0.000000 -1.000000 0.000000
vn -0.000000 -1.000000 0.000000
vn 0.000000 -1.000000 0.000000
vn -0.000000 -1.000000 0.000000
vn 0.000000 -1.000000 0.000000
vn -0.000000 -1.000000 0.000000
vn 0.000000 -1.000000 0.000000
vn -0.000000 -1.000000 0.000000
vn 0.000000 -1.000000 0.000000
vn -0.000000 -1.000000 0.000000
vn 0.000000 -1.000000 0.000000
vn 0.000000 -1.000000 0.000000
vn 0.000000 -1.000000 0.000000
vn 0.000000 -1.000000 0.000000
vn 0.000000 -1.000000 0.000000
vn 0.000000 -1.000000 0.000000
vn 0.000000 -1.000000 0.000000
vn 0.000000 -1.000000 0.000000
vn 0.000000 -1.000000 0.000000
vn 0.000000 -1.000000 0.000000
vn 0.000000 -1.000000 0.000000
vn 0.000000 -1.000000 0.000000
vn -0.000000 -1.000000 0.000000
vn 0.000000 -1.000000 0.000000
vn 0.000000 -1.000000 0.000000
vn -0.000000 -1.000000 0.000000
vn 0.000000 -1.000000 0.000000
vn -0.000000 -1.000000 0.000000
vn 0.000000 -1.000000 0.000000
vn -0.000000 -1.000000 0.000000
vn 0.000000 -1.000000 0.000000
vn -0.000000 -1.000000 0.000000
vn 0.000000 -1.000000 0.000000
vn 0.000000 -1.000000 0.000000
vn -0.000000 -1.000000 0.000000
vn 0.000000 -1.000000 0.000000
vn -0.000000 -1.000000 0.000000
vn 0.000000 -1.000000 0.000000
vn 0.000000 -1.000000 0.000000
vn -0.000000 -1.000000 0.000000
vn 0.000000 -1.000000 0.000000
vn -0.000000 -1.000000 0.000000
vn -0.000000 -1.000000 0.000000
vn 0.000000 -1.000000 0.000000
vn 0.000000 -1.000000 0.000000
vn 0.000000 -1.000000 0.000000
vn -0.000000 -1.000000 0.000000
vn 0.000000 -1.000000 0.000000
vn -0.000000 -1.000000 0.000000
vn -0.000000 -1.000000 0.000000
vn 0.000000 -1.000000 0.000000
vn 0.000000 -1.000000 0.000000
vn 0.000000 -1.000000 0.000000
vn 0.000000 -1.000000 0.000000
vn -0.000000 -1.000000 0.000000
vn -0.000000 -1.000000 0.000000
vn 0.000000 -1.000000 0.000000
vn 0.000000 -1.000000 0.000000
vn -0.000000 -1.000000 0.000000
vn -0.000000 -1.000000 0.000000
vn 0.000000 -1.000000 0.000000
vn -0.000000 -1.000000 0.000000
vn -0.000000 -1.000000 0.000000
vn 0.000000 -1.000000 0.000000
vn -0.000000 -1.000000 0.000000
vn -0.000000 -1.000000 0.000000
vn 0.000000 -1.000000 0.000000
vn -0.000000 -1.000000 0.000000
vn -0.000000 -1.000000 0.000000
vn -0.000000 -1.000000 0.000000
vn 0.000000 -1.000000 0.000000
vn -0.000000 -1.000000 0.000000
vn 0.000000 -1.000000 0.000000
vn -0.000000 -1.000000 0.000000
vn 0.000000 -1.000000 0.000000
vn -0.000000 -1.000000 0.000000
vn -0.000000 -1.000000 0.000000
vn -0.000000 -1.000000 0.000000
vn 0.000000 -1.000000 0.000000
vn -0.000000 -1.000000 0.000000
vn -0.000000 -1.000000 0.000000
vn 0.000000 -1.000000 0.000000
vn -0.000000 -1.000000 0.000000
vn 0.000000 -1.000000 0.000000
vn -0.000000 -1.000000 0.000000
vn 0.000000 -1.000000 0.000000
vn -0.000000 -1.000000 0.000000
vn 0.000000 -1.000000 0.000000
vn 0.000000 -1.000000 0.000000
vn 0.000000 -1.000000 0.000000
vn -0.000000 -1.000000 0.000000
vn 0.000000 -1.000000 0.000000
vn 0.000000 -1.000000 0.000000
vn 0.000000 -1.000000 0.000000
vn 0.000000 -1.000000 0.000000
vn -0.000000 -1.000000 0.000000
vn 0.000000 -1.000000 0.000000
vn 0.000000 -1.000000 0.000000
vn -0.000000 -1.000000 0.000000
vn 0.000000 -1.000000 0.000000
vn 0.000000 -1.000000 0.000000
vn 0.000000 -1.000000 0.000000
vn -0.000000 -1.000000 0.000000
vn 0.000000 -1.000000 0.000000
vn 0.000000 -1.000000 0.000000
vn -0.000000 -1.000000 0.000000
vn 0.000000 -1.000000 0.000000
vn 0.000000 -1.000000 0.000000
vn -0.000000 -1.000000 0.000000
vn 0.000000 -1.000000 0.000000
vn 0.000000 -1.000000 0.000000
vn 0.000000 -1.000000 0.000000
vn -0.000000 -1.000000 0.000000
vn 0.000000 -1.000000 0.000000
vn 0.000000 -1.000000 0.000000
vn -0.000000 -1.000000 0.000000
vn 0.000000 -1.000000 0.000000
vn 0.000000 -1.000000 0.000000
vn -0.000000 -1.000000 0.000000
vn 0.000000 -1.000000 0.000000
vn 0.000000 -1.000000 0.000000
vn 0.000000 -1.000000 0.000000
vn -0.000000 -1.000000 0.000000
vn 0.000000 -1.000000 0.000000
vn 0.000000 -1.000000 0.000000
vn -0.000000 -1.000000 0.000000
vn 0.000000 -1.000000 0.000000
vn 0.000000 -1.000000 0.000000
vn -0.000000 -1.000000 0.000000
vn 0.000000 -1.000000 0.000000
vn 0.000000 -1.000000 0.000000
vn 0.000000 -1.000000 0.000000
vn -0.000000 -1.000000 0.000000
vn 0.000000 -1.000000 0.000000
vn 0.000000 -1.000000 0.000000
vn 0.000000 -1.000000 0.000000
vn 0.000000 -1.000000 0.000000
vn -0.000000 -1.000000 0.000000
vn 0.000000 -1.000000 0.000000
vn -0.000000 -1.000000 0.000000
vn 0.000000 -1.000000 0.000000
vn -0.000000 -1.000000 0.000000
vn 0.000000 -1.000000 0.000000
vn 0.000000 -1.000000 0.000000
vn 0.000000 -1.000000 0.000000
vn -0.000000 -1.000000 0.000000
vn -0.000000 -1.000000 0.000000
vn 0.000000 -1.000000 0.000000
vn 0.000000 -1.000000 0.000000
vn -0.000000 -1.000000 0.000000
vn 0.000000 -1.000000 0.000000
vn -0.000000 -1.000000 0.000000
vn 0.000000 -1.000000 0.000000
vn -0.000000 -1.000000 0.000000
vn 0.000000 -1.000000 0.000000
vn -0.000000 -1.000000 0.000000
vn 0.000000 -1.000000 0.000000
vn -0.000000 -1.000000 0.000000
vn 0.000000 -1.000000 0.000000
vn -0.000000 -1.000000 0.000000
vn 0.000000 -1.000000 0.000000
vn -0.000000 -1.000000 0.000000
vn -0.000000 -1.000000 0.000000
vn 0.000000 -1.000000 0.000000
vn -0.000000 -1.000000 0.000000
vn 0.000000 -1.000000 0.000000
vn -0.000000 -1.000000 0.000000
vn 0.000000 -1.000000 0.000000
vn -0.000000 -1.000000 0.000000
vn 0.000000 -1.000000 0.000000
vn 0.000000 -1.000000 0.000000
vn -0.000000 -1.000000 0.000000
vn 0.000000 -1.000000 0.000000
vn -0.000000 -1.000000 0.000000
vn -0.000000 -1.000000 0.000000
vn 0.000000 -1.000000 0.000000
vn 0.000000 -1.000000 0.000000
vn -0.000000 -1.000000 0.000000
vn 0.000000 -1.000000 0.000000
vn -0.000000 -1.000000 0.000000
vn -0.000000 -1.000000 0.000000
vn 0.000000 -1.000000 0.000000
vn 0.000000 -1.000000 0.000000
vn 0.000000 -1.000000 0.000000
vn 0.000000 -1.000000 0.000000
vn 0.000000 -1.000000 0.000000
vn 0.000000 -1.000000 0.000000
vn 0.000000 -1.000000 0.000000
vn 0.000000 -1.000000 0.000000
vn 0.000000 -1.000000 0.000000
vn 0.000000 -1.000000 0.000000
vn 0.000000 -1.000000 0.000000
vn 0.000000 -1.000000 0.000000
vn 0.000000 -1.000000 0.000000
vn 0.000000 -1.000000 0.000000
vn 0.000000 -1.000000 0.000000
vn 0.000000 -1.000000 0.000000
vn 0.000000 -1.000000 0.000000
vn 0.000000 -1.000000 0.000000
vn 0.000000 -1.000000 0.000000
vn 0.000000 -1.000000 0.000000
vn 0.000000 -1.000000 0.000000
vn 0.000000 -1.000000 0.000000
vn 0.000000 -1.000000 0.000000
vn 0.000000 -1.000000 0.000000
vn 0.000000 -1.000000 0.000000
vn 0.000000 -1.000000 0.000000
vn 0.000000 -1.000000 0.000000
vn 0.000000 -1.000000 0.000000
vn -0.000000 -1.000000 0.000000
vn 0.000000 -1.000000 0.000000
vn 0.000000 -1.000000 0.000000
vn 0.000000 -1.000000 0.000000
vn 0.000000 -1.000000 0.000000
vn -0.000000 -1.000000 0.000000
vn 0.000000 -1.000000 0.000000
vn -0.000000 -1.000000 0.000000
vn 0.000000 -1.000000 0.000000
vn 0.000000 -1.000000 0.000000
vn 0.000000 -1.000000 0.000000
vn -0.000000 -1.000000 0.000000
vn 0.000000 -1.000000 0.000000
vn 0.000000 -1.000000 0.000000
vn -0.000000 -1.000000 0.000000
vn 0.000000 -1.000000 0.000000
vn 0.000000 -1.000000 0.000000
vn 0.000000 -1.000000 0.000000
vn 0.000000 -1.000000 0.000000
vn -0.000000 -1.000000 0.000000
vn 0.000000 -1.000000 0.000000
vn 0.000000 -1.000000 0.000000
vn 0.000000 -1.000000 0.000000
vn -0.000000 -1.000000 0.000000
vn 0.000000 -1.000000 0.000000
vn 0.000000 -1.000000 0.000000
vn 0.000000 -1.000000 0.000000
vn -0.000000 -1.000000 0.000000
vn 0.000000 -1.000000 0.000000
vn 0.000000 -1.000000 0.000000
vn 0.000000 -1.000000 0.000000
vn -0.000000 -1.000000 0.000000
vn 0.000000 -1.000000 0.000000
vn 0.000000 -1.000000 0.000000
vn 0.000000 -1.000000 0.000000
vn 0.000000 -1.000000 0.000000
vn 0.000000 -1.000000 0.000000
vn 0.000000 -1.000000 0.000000
vn 0.000000 -1.000000 0.000000
vn 0.000000 -1.000000 0.000000
vn 0.000000 -1.000000 0.000000
vn 0.000000 -1.000000 0.000000
vn 0.000000 -1.000000 0.000000
vn 0.000000 -1.000000 0.000000
vn 0.000000 -1.000000 0.000000
vn 0.000000 -1.000000 0.000000
vn 0.000000 -1.000000 0.000000
vn 0.000000 -1.000000 0.000000
vn 0.000000 -1.000000 0.000000
vn 0.000000 -1.000000 0.000000
vn 0.000000 -1.000000 0.000000
vn 0.000000 -1.000000 0.000000
vn 0.000000 -1.000000 0.000000
vn 0.000000 -1.000000 0.000000
vn 0.000000 -1.000000 0.000000
vn 0.000000 -1.000000 0.000000
vn 0.000000 -1.000000 0.000000
vn 0.000000 -1.000000 0.000000
vn 0.000000 -1.000000 0.000000
vn 0.000000 -1.000000 0.000000
vn 0.000000 -1.000000 0.000000
vn 0.000000 -1.000000 0.000000
vn 0.000000 -1.000000 0.000000
vn 0.000000 -1.000000 0.000000
vn 0.000000 -1.000000 0.000000
vn 0.000000 -1.000000 0.000000
vn 0.000000 -1.000000 0.000000
vn 0.000000 -1.000000 0.000000
vn 0.000000 -1.000000 0.000000
vn 0.000000 -1.000000 0.000000
vn 0.000000 -1.000000 0.000000
vn 0.000000 -1.000000 0.000000
vn 0.000000 -1.000000 0.000000
vn 0.000000 -1.000000 0.000000
vn 0.000000 -1.000000 0.000000
vn 0.000000 -1.000000 0.000000
vn -0.000000 -1.000000 0.000000
vn 0.000000 -1.000000 0.000000
vn 0.000000 -1.000000 0.000000
vn -0.000000 -1.000000 0.000000
vn 0.000000 -1.000000 0.000000
vn 0.000000 -1.000000 0.000000
vn 0.000000 -1.000000 0.000000
vn 0.000000 -1.000000 0.000000
vn -0.000000 -1.000000 0.000000
vn 0.000000 -1.000000 0.000000
vn 0.000000 -1.000000 0.000000
vn 0.000000 -1.000000 0.000000
vn -0.000000 -1.000000 0.000000
vn 0.000000 -1.000000 0.000000
vn 0.000000 -1.000000 0.000000
vn 0.000000 -1.000000 0.000000
vn -0.000000 -1.000000 0.000000
vn 0.000000 -1.000000 0.000000
vn 0.000000 -1.000000 0.000000
vn 0.000000 -1.000000 0.000000
vn -0.000000 -1.000000 0.000000
vn 0.000000 -1.000000 0.000000
vn 0.000000 -1.000000 0.000000
vn 0.000000 -1.000000 0.000000
vn -0.000000 -1.000000 0.000000
vn 0.000000 -1.000000 0.000000
vn 0.000000 -1.000000 0.000000
vn 0.000000 -1.000000 0.000000
vn -0.000000 -1.000000 0.000000
vn 0.000000 -1.000000 0.000000
vn 0.000000 -1.000000 0.000000
vn -0.000000 -1.000000 0.000000
vn 0.000000 -1.000000 0.000000
vn 0.000000 -1.000000 0.000000
vn 0.000000 -1.000000 0.000000
vn 0.000000 -1.000000 0.000000
vn 0.000000 -1.000000 0.000000
vn 0.000000 -1.000000 0.000000
vn 0.000000 -1.000000 0.000000
vn 0.000000 -1.000000 0.000000
vn 0.000000 -1.000000 0.000000
vn 0.000000 -1.000000 0.000000
vn 0.000000 -1.000000 0.000000
vn 0.000000 -1.000000 0.000000
vn -0.000000 -1.000000 0.000000
vn -0.000000 -1.000000 0.000000
f 1//1 2//1 3//1
f 3//2 2//2 4//2
f 2//3 5//3 4//3
f 4//4 5//4 6//4
f 5//5 7//5 6//5
f 6//6 7//6 8//6
f 7//7 9//7 8//7
f 8//8 9//8 10//8
f 10//9 9//9 11//9
f 9//10 12//10 11//10
f 12//11 13//11 11//11
f 11//12 13//12 14//12
f 13//13 15//13 14//13
f 14//14 15//14 16//14
f 15//15 17//15 16//15
f 16//16 17//16 18//16
f 17//17 19//17 18//17
f 18//18 19//18 20//18
f 19//19 21//19 20//19
f 20//20 21//20 22//20
f 21//21 23//21 22//21
f 22//22 23//22 24//22
f 23//23 25//23 24//23
f 24//24 25//24 26//24
f 25//25 27//25 26//25
f 26//26 27//26 28//26
f 28//27 29//27 30//27
f 27//28 29//28 28//28
f 30//29 31//29 32//29
f 29//30 31//30 30//30
f 32//31 33//31 34//31
f 34//32 33//32 35//32
f 31//33 33//33 32//33
f 35//34 36//34 37//34
f 33//35 36//35 35//35
f 36//36 38//36 37//36
f 37//37 39//37 40//37
f 38//38 39//38 37//38
f 40//39 41//39 42//39
f 42//40 41//40 43//40
f 39//41 41//41 40//41
f 41//42 44//42 43//42
f 44//43 45//43 43//43
f 43//44 45//44 46//44
f 45//45 47//45 46//45
f 46//46 47//46 48//46
f 47//47 49//47 48//47
f 48//48 49//48 50//48
f 49//49 51//49 50//49
f 50//50 51//50 52//50
f 51//51 53//51 52//51
f 52//52 53//52 54//52
f 53//53 55//53 54//53
f 54//54 55//54 56//54
f 55//55 57//55 56//55
f 56//56 57//56 58//56
f 57//57 59//57 58//57
f 58//58 59//58 60//58
f 59//59 61//59 60//59
f 60//60 61//60 62//60
f 61//61 63//61 62//61
f 62//62 63//62 64//62
f 64//63 63//63 65//63
f 63//64 66//64 65//64
f 66//65 67//65 65//65
f 65//66 67//66 68//66
f 67//67 69//67 68//67
f 68//68 69//68 70//68
f 69//69 71//69 70//69
f 70//70 71//70 72//70
f 72//71 71//71 73//71
f 71//72 74//72 73//72
f 74//73 75//73 73//73
f 73//74 75//74 76//74
f 75//75 77//75 76//75
f 76//76 77//76 78//76
f 77//77 79//77 78//77
f 78//78 79//78 80//78
f 80//79 79//79 81//79
f 79//80 82//80 81//80
f 82//81 83//81 81//81
f 81//82 83//82 84//82
f 83//83 85//83 84//83
f 84//84 85//84 86//84
f 85//85 87//85 86//85
f 86//86 87//86 88//86
f 89//87 90//87 91//87
f 87//88 90//88 88//88
f 88//89 90//89 89//89
f 90//90 92//90 91//90
f 91//91 93//91 94//91
f 92//92 93//92 91//92
f 93//93 95//93 94//93
f 94//94 95//94 96//94
f 96//95 95//95 97//95
f 95//96 98//96 97//96
f 97//97 99//97 100//97
f 98//98 99//98 97//98
f 100//99 101//99 102//99
f 99//100 101//100 100//100
f 102//101 103//101 104//101
f 101//102 103//102 102//102
f 104//103 105//103 106//103
f 106//104 105//104 107//104
f 103//105 105//105 104//105
f 105//106 108//106 107//106
f 107//107 109//107 110//107
f 108//108 109//108 107//108
f 110//109 111//109 112//109
f 109//110 111//110 110//110
f 113//111 112//111 114//111
f 114//112 112//112 111//112
f 3//113 115//113 116//113
f 3//114 116//114 1//114
f 117//115 113//115 114//115
f 117//116 114//116 118//116
f 119//117 118//117 120//117
f 119//118 117//118 118//118
f 121//119 120//119 122//119
f 121//120 119//120 120//120
f 123//121 122//121 124//121
f 123//122 121//122 122//122
f 125//123 124//123 126//123
f 125//124 123//124 124//124
f 127//125 126//125 128//125
f 127//126 125//126 126//126
f 129//127 128//127 130//127
f 129//128 127//128 128//128
f 131//129 130//129 132//129
f 131//130 129//130 130//130
f 133//131 132//131 134//131
f 133//132 131//132 132//132
f 135//133 134//133 136//133
f 135//134 133//134 134//134
f 137//135 136//135 138//135
f 137//136 138//136 139//136
f 137//137 135//137 136//137
f 140//138 139//138 141//138
f 140//139 137//139 139//139
f 142//140 140//140 141//140
f 143//141 141//141 144//141
f 143//142 142//142 141//142
f 145//143 144//143 146//143
f 145//144 143//144 144//144
f 147//145 146//145 148//145
f 147//146 145//146 146//146
f 149//147 148//147 150//147
f 149//148 147//148 148//148
f 151//149 150//149 152//149
f 151//150 149//150 150//150
f 153//151 151//151 152//151
f 153//152 152//152 154//152
f 155//153 153//153 154//153
f 155//154 154//154 156//154
f 157//155 155//155 156//155
f 157//156 156//156 158//156
f 159//157 157//157 158//157
f 159//158 158//158 160//158
f 161//159 160//159 162//159
f 161//160 159//160 160//160
f 163//161 162//161 164//161
f 163//162 161//162 162//162
f 165//163 164//163 166//163
f 165//164 163//164 164//164
f 167//165 166//165 168//165
f 167//166 165//166 166//166
f 169//167 168//167 170//167
f 169//168 167//168 168//168
f 171//169 170//169 172//169
f 171//170 172//170 173//170
f 171//171 169//171 170//171
f 174//172 171//172 173//172
f 175//173 173//173 176//173
f 175//174 174//174 173//174
f 177//175 176//175 178//175
f 177//176 175//176 176//176
f 179//177 178//177 180//177
f 179//178 177//178 178//178
f 181//179 180//179 182//179
f 181//180 182//180 183//180
f 181//181 179//181 180//181
f 184//182 181//182 183//182
f 185//183 183//183 186//183
f 185//184 184//184 183//184
f 187//185 186//185 188//185
f 187//186 185//186 186//186
f 189//187 188//187 190//187
f 189//188 187//188 188//188
f 191//189 190//189 192//189
f 191//190 189//190 190//190
f 193//191 192//191 194//191
f 193//192 191//192 192//192
f 195//193 194//193 196//193
f 195//194 196//194 197//194
f 195//195 193//195 194//195
f 198//196 195//196 197//196
f 199//197 197//197 200//197
f 199//198 198//198 197//198
f 201//199 199//199 200//199
f 201//200 200//200 202//200
f 203//201 201//201 202//201
f 203//202 202//202 204//202
f 205//203 203//203 204//203
f 205//204 204//204 206//204
f 207//205 205//205 206//205
f 207//206 206//206 208//206
f 207//207 208//207 209//207
f 210//208 207//208 209//208
f 210//209 209//209 211//209
f 212//210 210//210 211//210
f 212//211 211//211 213//211
f 214//212 212//212 213//212
f 214//213 213//213 215//213
f 216//214 214//214 215//214
f 217//215 216//215 215//215
f 217//216 215//216 218//216
f 219//217 217//217 218//217
f 219//218 218//218 220//218
f 221//219 219//219 220//219
f 221//220 220//220 222//220
f 223//221 221//221 222//221
f 223//222 222//222 224//222
f 225//223 223//223 224//223
f 225//224 224//224 226//224
f 227//225 225//225 226//225
f 227//226 226//226 228//226
f 229//227 228//227 230//227
f 229//228 227//228 228//228
f 231//229 230//229 232//229
f 231//230 229//230 230//230
f 233//231 232//231 234//231
f 233//232 234//232 235//232
f 233//233 231//233 232//233
f 236//234 233//234 235//234
f 237//235 235//235 238//235
f 237//236 236//236 235//236
f 239//237 238//237 240//237
f 239//238 237//238 238//238
f 241//239 240//239 242//239
f 241//240 239//240 240//240
f 243//241 244//241 245//241
f 243//242 245//242 246//242
f 247//243 246//243 248//243
f 247//244 243//244 246//244
f 249//245 248//245 250//245
f 249//246 247//246 248//246
f 251//247 250//247 252//247
f 251//248 249//248 250//248
f 253//249 252//249 254//249
f 253//250 251//250 252//250
f 255//251 254//251 256//251
f 255//252 253//252 254//252
f 257//253 256//253 258//253
f 257//254 255//254 256//254
f 259//255 258//255 260//255
f 259//256 257//256 258//256
f 261//257 260//257 262//257
f 261//258 259//258 260//258
f 263//259 262//259 264//259
f 263//260 261//260 262//260
f 265//261 264//261 266//261
f 265//262 263//262 264//262
f 267//263 266//263 268//263
f 267//264 265//264 266//264
f 269//265 268//265 270//265
f 269//266 267//266 268//266
f 271//267 270//267 272//267
f 271//268 272//268 273//268
f 271//269 269//269 270//269
f 274//270 271//270 273//270
f 275//271 273//271 276//271
f 275//272 274//272 273//272
f 277//273 276//273 278//273
f 277//274 275//274 276//274
f 279//275 278//275 280//275
f 279//276 277//276 278//276
f 281//277 279//277 280//277
f 281//278 280//278 282//278
f 283//279 281//279 282//279
f 283//280 282//280 284//280
f 285//281 283//281 284//281
f 285//282 284//282 286//282
f 287//283 285//283 286//283
f 287//284 286//284 288//284
f 287//285 288//285 289//285
f 290//286 287//286 289//286
f 291//287 289//287 292//287
f 291//288 290//288 289//288
f 293//289 292//289 294//289
f 293//290 291//290 292//290
f 295//291 294//291 296//291
f 295//292 293//292 294//292
f 297//293 296//293 298//293
f 297//294 295//294 296//294
f 299//295 298//295 300//295
f 299//296 297//296 298//296
f 301//297 300//297 302//297
f 301//298 299//298 300//298
f 303//299 302//299 304//299
f 303//300 301//300 302//300
f 305//301 304//301 306//301
f 305//302 303//302 304//302
f 307//303 306//303 308//303
f 307//304 305//304 306//304
f 309//305 308//305 310//305
f 309//306 307//306 308//306
f 311//307 310//307 312//307
f 311//308 309//308 310//308
f 313//309 312//309 314//309
f 313//310 311//310 312//310
f 315//311 314//311 316//311
f 315//312 313//312 314//312
f 317//313 316//313 318//313
f 317//314 315//314 316//314
f 319//315 318//315 320//315
f 319//316 317//316 318//316
f 321//317 320//317 322//317
f 321//318 319//318 320//318
f 323//319 322//319 324//319
f 323//320 321//320 322//320
f 325//321 324//321 326//321
f 325//322 323//322 324//322
f 327//323 326//323 328//323
f 327//324 325//324 326//324
f 329//325 327//325 328//325
f 329//326 328//326 330//326
f 331//327 329//327 330//327
f 331//328 330//328 332//328
f 333//329 331//329 332//329
f 333//330 332//330 334//330
f 335//331 333//331 334//331
f 335//332 334//332 336//332
f 337//333 335//333 336//333
f 337//334 336//334 338//334
f 339//335 337//335 338//335
f 339//336 338//336 340//336
f 341//337 339//337 340//337
f 341//338 340//338 342//338
f 343//339 341//339 342//339
f 343//340 342//340 344//340
f 345//341 343//341 344//341
f 345//342 344//342 346//342
f 345//343 346//343 347//343
f 348//344 345//344 347//344
f 349//345 348//345 347//345
f 349//346 347//346 350//346
f 349//347 350//347 351//347
f 352//348 349//348 351//348
f 352//349 351//349 353//349
f 354//350 352//350 353//350
f 355//351 354//351 353//351
f 355//352 353//352 356//352
f 357//353 356//353 358//353
f 357//354 355//354 356//354
f 359//355 358//355 360//355
f 359//356 360//356 361//356
f 359//357 357//357 358//357
f 362//358 359//358 361//358
f 363//359 361//359 364//359
f 363//360 362//360 361//360
f 365//361 364//361 366//361
f 365//362 366//362 367//362
f 365//363 363//363 364//363
f 368//364 367//364 116//364
f 368//365 365//365 367//365
f 115//366 368//366 116//366
f 244//367 369//367 245//367
f 245//368 369//368 370//368
f 371//369 372//369 373//369
f 373//370 372//370 374//370
f 374//371 375//371 376//371
f 372//372 375//372 374//372
f 376//373 377//373 378//373
f 375//374 377//374 376//374
f 378//375 379//375 380//375
f 377//376 379//376 378//376
f 380//377 381//377 382//377
f 379//378 381//378 380//378
f 382//379 383//379 384//379
f 384//380 383//380 385//380
f 381//381 383//381 382//381
f 383//382 386//382 385//382
f 385//383 387//383 388//383
f 386//384 387//384 385//384
f 388//385 389//385 390//385
f 387//386 389//386 388//386
f 390//387 391//387 392//387
f 392//388 391//388 393//388
f 389//389 391//389 390//389
f 391//390 394//390 393//390
f 393//391 395//391 396//391
f 394//392 395//392 393//392
f 396//393 397//393 398//393
f 395//394 397//394 396//394
f 398//395 399//395 400//395
f 397//396 399//396 398//396
f 399//397 401//397 400//397
f 400//398 401//398 402//398
f 401//399 403//399 402//399
f 402//400 403//400 404//400
f 403//401 405//401 404//401
f 404//402 405//402 406//402
f 407//403 406//403 405//403
f 407//404 405//404 408//404
f 409//405 408//405 410//405
f 409//406 407//406 408//406
f 369//407 409//407 410//407
f 369//408 410//408 370//408
f 373//409 241//409 242//409
f 373//410 242//410 371//410
f 411//411 412//411 386//411
f 413//412 387//412 386//412
f 413//413 386//413 412//413
f 414//414 411//414 386//414
f 415//415 387//415 413//415
f 416//416 414//416 386//416
f 417//417 387//417 415//417
f 418//418 416//418 386//418
f 419//419 387//419 417//419
f 420//420 418//420 386//420
f 421//421 387//421 419//421
f 422//422 420//422 386//422
f 423//423 387//423 421//423
f 424//424 422//424 386//424
f 425//425 387//425 423//425
f 426//426 424//426 386//426
f 427//427 387//427 425//427
f 428//428 386//428 383//428
f 428//429 426//429 386//429
f 429//430 387//430 427//430
f 430//431 428//431 383//431
f 431//432 387//432 429//432
f 432//433 430//433 383//433
f 433//434 389//434 387//434
f 433//435 387//435 431//435
f 434//436 432//436 383//436
f 435//437 211//437 209//437
f 436//438 209//438 208//438
f 436//439 435//439 209//439
f 437//440 211//440 435//440
f 437//441 213//441 211//441
f 438//442 208//442 206//442
f 438//443 436//443 208//443
f 439//444 213//444 437//444
f 439//445 215//445 213//445
f 440//446 389//446 433//446
f 441//447 206//447 204//447
f 441//448 438//448 206//448
f 442//449 215//449 439//449
f 442//450 218//450 215//450
f 443//451 441//451 204//451
f 443//452 204//452 202//452
f 444//453 218//453 442//453
f 444//454 220//454 218//454
f 445//455 434//455 383//455
f 446//456 443//456 202//456
f 446//457 202//457 200//457
f 447//458 220//458 444//458
f 447//459 222//459 220//459
f 448//460 389//460 440//460
f 449//461 446//461 200//461
f 449//462 200//462 197//462
f 450//463 222//463 447//463
f 450//464 224//464 222//464
f 451//465 445//465 383//465
f 452//466 449//466 197//466
f 452//467 197//467 196//467
f 453//468 224//468 450//468
f 453//469 226//469 224//469
f 454//470 389//470 448//470
f 455//471 452//471 196//471
f 455//472 196//472 194//472
f 456//473 226//473 453//473
f 456//474 228//474 226//474
f 457//475 451//475 383//475
f 458//476 455//476 194//476
f 458//477 194//477 192//477
f 459//478 389//478 454//478
f 460//479 228//479 456//479
f 460//480 230//480 228//480
f 461//481 458//481 192//481
f 461//482 192//482 190//482
f 462//483 457//483 383//483
f 463//484 230//484 460//484
f 463//485 232//485 230//485
f 464//486 389//486 459//486
f 465//487 461//487 190//487
f 465//488 190//488 188//488
f 466//489 232//489 463//489
f 466//490 234//490 232//490
f 467//491 462//491 383//491
f 468//492 465//492 188//492
f 468//493 188//493 186//493
f 469//494 389//494 464//494
f 470//495 234//495 466//495
f 470//496 235//496 234//496
f 471//497 383//497 381//497
f 471//498 467//498 383//498
f 472//499 468//499 186//499
f 472//500 186//500 183//500
f 473//501 238//501 235//501
f 473//502 235//502 470//502
f 474//503 389//503 469//503
f 475//504 472//504 183//504
f 475//505 183//505 182//505
f 476//506 471//506 381//506
f 477//507 240//507 238//507
f 477//508 238//508 473//508
f 478//509 391//509 389//509
f 478//510 389//510 474//510
f 479//511 182//511 180//511
f 479//512 475//512 182//512
f 480//513 476//513 381//513
f 481//514 242//514 240//514
f 481//515 240//515 477//515
f 482//516 479//516 180//516
f 482//517 180//517 178//517
f 483//518 391//518 478//518
f 484//519 242//519 481//519
f 485//520 480//520 381//520
f 486//521 482//521 178//521
f 486//522 178//522 176//522
f 487//523 391//523 483//523
f 488//524 242//524 484//524
f 489//525 485//525 381//525
f 490//526 486//526 176//526
f 490//527 176//527 173//527
f 491//528 391//528 487//528
f 492//529 242//529 488//529
f 493//530 489//530 381//530
f 494//531 490//531 173//531
f 494//532 173//532 172//532
f 495//533 242//533 492//533
f 496//534 391//534 491//534
f 497//535 172//535 170//535
f 497//536 494//536 172//536
f 498//537 493//537 381//537
f 499//538 242//538 495//538
f 500//539 391//539 496//539
f 501//540 497//540 170//540
f 501//541 170//541 168//541
f 502//542 498//542 381//542
f 503//543 242//543 499//543
f 504//544 501//544 168//544
f 504//545 168//545 166//545
f 505//546 502//546 381//546
f 506//547 242//547 503//547
f 507//548 504//548 166//548
f 507//549 166//549 164//549
f 508//550 505//550 381//550
f 508//551 381//551 379//551
f 509//552 242//552 506//552
f 510//553 507//553 164//553
f 510//554 164//554 162//554
f 511//555 508//555 379//555
f 512//556 242//556 509//556
f 513//557 510//557 162//557
f 513//558 162//558 160//558
f 514//559 511//559 379//559
f 515//560 242//560 512//560
f 516//561 160//561 158//561
f 516//562 513//562 160//562
f 517//563 514//563 379//563
f 518//564 242//564 515//564
f 519//565 158//565 156//565
f 519//566 516//566 158//566
f 520//567 242//567 518//567
f 521//568 517//568 379//568
f 522//569 519//569 156//569
f 522//570 156//570 154//570
f 523//571 242//571 520//571
f 524//572 521//572 379//572
f 525//573 522//573 154//573
f 525//574 154//574 152//574
f 526//575 242//575 523//575
f 527//576 524//576 379//576
f 528//577 525//577 152//577
f 528//578 152//578 150//578
f 529//579 242//579 526//579
f 530//580 527//580 379//580
f 530//581 379//581 377//581
f 531//582 528//582 150//582
f 148//583 531//583 150//583
f 532//584 242//584 529//584
f 533//585 530//585 377//585
f 534//586 531//586 148//586
f 146//587 534//587 148//587
f 146//588 535//588 534//588
f 371//589 532//589 536//589
f 371//590 536//590 537//590
f 371//591 242//591 532//591
f 538//592 371//592 537//592
f 539//593 371//593 538//593
f 144//594 535//594 146//594
f 144//595 540//595 535//595
f 541//596 371//596 539//596
f 542//597 371//597 541//597
f 141//598 543//598 540//598
f 141//599 540//599 144//599
f 544//600 371//600 542//600
f 545//601 371//601 544//601
f 139//602 546//602 543//602
f 139//603 543//603 141//603
f 547//604 371//604 545//604
f 548//605 371//605 547//605
f 549//606 371//606 548//606
f 550//607 397//607 395//607
f 138//608 546//608 139//608
f 138//609 551//609 546//609
f 552//610 395//610 394//610
f 552//611 550//611 395//611
f 553//612 399//612 397//612
f 553//613 397//613 550//613
f 554//614 371//614 549//614
f 555//615 391//615 500//615
f 555//616 552//616 394//616
f 555//617 500//617 556//617
f 555//618 556//618 557//618
f 555//619 394//619 391//619
f 558//620 399//620 553//620
f 558//621 401//621 399//621
f 136//622 551//622 138//622
f 136//623 559//623 551//623
f 560//624 555//624 557//624
f 560//625 557//625 561//625
f 560//626 561//626 562//626
f 560//627 562//627 563//627
f 560//628 563//628 564//628
f 560//629 564//629 565//629
f 560//630 565//630 566//630
f 560//631 566//631 567//631
f 560//632 567//632 568//632
f 560//633 568//633 569//633
f 570//634 403//634 401//634
f 570//635 401//635 558//635
f 134//636 571//636 559//636
f 134//637 559//637 136//637
f 572//638 569//638 573//638
f 572//639 573//639 574//639
f 572//640 574//640 575//640
f 572//641 575//641 576//641
f 572//642 576//642 577//642
f 572//643 577//643 578//643
f 572//644 578//644 579//644
f 572//645 579//645 580//645
f 572//646 580//646 581//646
f 572//647 581//647 582//647
f 572//648 582//648 583//648
f 572//649 560//649 569//649
f 132//650 571//650 134//650
f 132//651 584//651 571//651
f 585//652 405//652 403//652
f 585//653 403//653 570//653
f 586//654 572//654 583//654
f 586//655 587//655 588//655
f 586//656 588//656 589//656
f 586//657 589//657 590//657
f 586//658 590//658 591//658
f 586//659 591//659 592//659
f 586//660 592//660 593//660
f 586//661 593//661 594//661
f 586//662 594//662 595//662
f 586//663 595//663 596//663
f 586//664 596//664 597//664
f 586//665 583//665 587//665
f 130//666 598//666 584//666
f 130//667 584//667 132//667
f 599//668 405//668 585//668
f 128//669 600//669 598//669
f 128//670 598//670 130//670
f 601//671 597//671 602//671
f 601//672 602//672 603//672
f 601//673 603//673 604//673
f 601//674 604//674 605//674
f 601//675 605//675 606//675
f 601//676 606//676 607//676
f 601//677 607//677 608//677
f 601//678 608//678 609//678
f 601//679 609//679 610//679
f 601//680 610//680 611//680
f 601//681 611//681 612//681
f 601//682 612//682 613//682
f 601//683 586//683 597//683
f 126//684 600//684 128//684
f 126//685 614//685 600//685
f 124//686 614//686 126//686
f 124//687 615//687 614//687
f 616//688 405//688 599//688
f 122//689 615//689 124//689
f 122//690 617//690 615//690
f 618//691 613//691 619//691
f 618//692 619//692 620//692
f 618//693 620//693 621//693
f 618//694 621//694 622//694
f 618//695 622//695 623//695
f 618//696 623//696 624//696
f 618//697 624//697 625//697
f 618//698 625//698 626//698
f 618//699 626//699 627//699
f 618//700 627//700 628//700
f 618//701 628//701 629//701
f 618//702 601//702 613//702
f 120//703 617//703 122//703
f 120//704 630//704 617//704
f 631//705 405//705 616//705
f 118//706 630//706 120//706
f 118//707 632//707 630//707
f 114//708 633//708 634//708
f 114//709 634//709 635//709
f 114//710 635//710 636//710
f 114//711 632//711 118//711
f 114//712 636//712 637//712
f 114//713 637//713 638//713
f 114//714 638//714 639//714
f 114//715 639//715 640//715
f 114//716 640//716 641//716
f 114//717 641//717 642//717
f 114//718 642//718 643//718
f 114//719 643//719 644//719
f 114//720 644//720 645//720
f 114//721 645//721 646//721
f 114//722 646//722 647//722
f 114//723 647//723 648//723
f 114//724 648//724 632//724
f 649//725 618//725 629//725
f 649//726 629//726 650//726
f 649//727 650//727 651//727
f 649//728 651//728 652//728
f 649//729 652//729 653//729
f 649//730 653//730 654//730
f 649//731 654//731 655//731
f 649//732 655//732 656//732
f 649//733 656//733 657//733
f 649//734 657//734 658//734
f 659//735 405//735 631//735
f 660//736 533//736 377//736
f 660//737 649//737 658//737
f 660//738 658//738 661//738
f 660//739 661//739 533//739
f 662//740 405//740 659//740
f 663//741 377//741 375//741
f 663//742 660//742 377//742
f 664//743 405//743 662//743
f 665//744 372//744 371//744
f 665//745 375//745 372//745
f 665//746 663//746 375//746
f 666//747 665//747 371//747
f 667//748 668//748 405//748
f 669//749 405//749 668//749
f 670//750 667//750 405//750
f 671//751 405//751 669//751
f 672//752 670//752 405//752
f 673//753 405//753 671//753
f 674//754 405//754 664//754
f 674//755 672//755 405//755
f 675//756 408//756 405//756
f 675//757 405//757 673//757
f 676//758 674//758 664//758
f 677//759 408//759 675//759
f 678//760 676//760 664//760
f 678//761 664//761 679//761
f 680//762 408//762 677//762
f 681//763 678//763 679//763
f 682//764 408//764 680//764
f 683//765 681//765 679//765
f 684//766 408//766 682//766
f 685//767 683//767 679//767
f 686//768 408//768 684//768
f 687//769 685//769 679//769
f 688//770 408//770 686//770
f 689//771 408//771 688//771
f 690//772 408//772 689//772
f 691//773 692//773 693//773
f 691//774 693//774 687//774
f 691//775 687//775 679//775
f 694//776 692//776 691//776
f 695//777 408//777 690//777
f 696//778 694//778 691//778
f 697//779 408//779 695//779
f 698//780 696//780 691//780
f 699//781 408//781 697//781
f 700//782 698//782 691//782
f 701//783 666//783 371//783
f 702//784 700//784 691//784
f 702//785 703//785 704//785
f 702//786 704//786 705//786
f 702//787 705//787 706//787
f 702//788 706//788 707//788
f 702//789 707//789 708//789
f 702//790 708//790 709//790
f 702//791 709//791 710//791
f 702//792 710//792 700//792
f 711//793 703//793 702//793
f 712//794 701//794 371//794
f 713//795 714//795 715//795
f 713//796 715//796 716//796
f 713//797 716//797 717//797
f 713//798 717//798 718//798
f 713//799 718//799 719//799
f 713//800 719//800 720//800
f 713//801 720//801 721//801
f 713//802 721//802 722//802
f 713//803 722//803 711//803
f 713//804 711//804 702//804
f 723//805 714//805 713//805
f 724//806 723//806 713//806
f 725//807 554//807 726//807
f 725//808 726//808 727//808
f 725//809 371//809 554//809
f 725//810 712//810 371//810
f 728//811 729//811 730//811
f 728//812 730//812 731//812
f 728//813 731//813 732//813
f 728//814 732//814 733//814
f 728//815 733//815 734//815
f 728//816 734//816 735//816
f 728//817 735//817 736//817
f 728//818 736//818 737//818
f 728//819 737//819 724//819
f 728//820 724//820 713//820
f 738//821 729//821 728//821
f 739//822 738//822 728//822
f 740//823 741//823 742//823
f 740//824 742//824 743//824
f 740//825 727//825 744//825
f 740//826 744//826 741//826
f 740//827 725//827 727//827
f 745//828 746//828 747//828
f 745//829 747//829 748//829
f 745//830 748//830 749//830
f 745//831 749//831 750//831
f 745//832 750//832 751//832
f 745//833 751//833 752//833
f 745//834 752//834 753//834
f 745//835 753//835 754//835
f 745//836 754//836 739//836
f 745//837 739//837 728//837
f 745//838 755//838 756//838
f 745//839 756//839 757//839
f 745//840 757//840 746//840
f 111//841 758//841 759//841
f 111//842 759//842 760//842
f 111//843 760//843 761//843
f 111//844 761//844 762//844
f 111//845 762//845 763//845
f 111//846 763//846 764//846
f 111//847 764//847 765//847
f 111//848 765//848 766//848
f 111//849 766//849 767//849
f 111//850 767//850 768//850
f 111//851 768//851 769//851
f 111//852 769//852 633//852
f 111//853 633//853 114//853
f 770//854 743//854 771//854
f 770//855 771//855 758//855
f 770//856 740//856 743//856
f 770//857 758//857 111//857
f 772//858 755//858 745//858
f 772//859 773//859 774//859
f 772//860 774//860 775//860
f 772//861 775//861 776//861
f 772//862 776//862 777//862
f 772//863 777//863 778//863
f 772//864 778//864 779//864
f 772//865 779//865 780//865
f 772//866 780//866 781//866
f 772//867 781//867 782//867
f 772//868 782//868 783//868
f 772//869 783//869 755//869
f 784//870 770//870 111//870
f 785//871 773//871 772//871
f 785//872 786//872 787//872
f 785//873 787//873 788//873
f 785//874 788//874 789//874
f 785//875 789//875 790//875
f 785//876 790//876 791//876
f 785//877 791//877 792//877
f 785//878 792//878 793//878
f 785//879 793//879 794//879
f 785//880 794//880 773//880
f 795//881 784//881 111//881
f 796//882 797//882 798//882
f 796//883 798//883 786//883
f 796//884 786//884 785//884
f 796//885 799//885 800//885
f 796//886 800//886 801//886
f 796//887 801//887 802//887
f 796//888 802//888 797//888
f 803//889 795//889 111//889
f 804//890 805//890 806//890
f 804//891 799//891 796//891
f 804//892 806//892 807//892
f 804//893 807//893 808//893
f 804//894 808//894 799//894
f 809//895 803//895 111//895
f 809//896 111//896 109//896
f 810//897 805//897 804//897
f 810//898 811//898 812//898
f 810//899 812//899 813//899
f 810//900 813//900 805//900
f 814//901 809//901 109//901
f 814//902 109//902 108//902
f 815//903 814//903 108//903
f 815//904 108//904 105//904
f 816//905 817//905 103//905
f 818//906 105//906 103//906
f 818//907 103//907 817//907
f 819//908 816//908 103//908
f 820//909 105//909 818//909
f 821//910 819//910 103//910
f 822//911 815//911 105//911
f 822//912 105//912 820//912
f 823//913 821//913 103//913
f 824//914 815//914 822//914
f 825//915 823//915 103//915
f 826//916 815//916 824//916
f 826//917 827//917 815//917
f 828//918 825//918 103//918
f 829//919 827//919 826//919
f 830//920 103//920 101//920
f 830//921 828//921 103//921
f 831//922 827//922 829//922
f 832//923 830//923 101//923
f 833//924 827//924 831//924
f 834//925 832//925 101//925
f 835//926 827//926 833//926
f 836//927 834//927 101//927
f 837//928 827//928 835//928
f 838//929 836//929 101//929
f 839//930 827//930 837//930
f 840//931 838//931 101//931
f 841//932 827//932 839//932
f 842//933 840//933 101//933
f 843//934 827//934 841//934
f 844//935 842//935 101//935
f 845//936 827//936 843//936
f 846//937 827//937 845//937
f 847//938 844//938 101//938
f 848//939 846//939 845//939
f 849//940 847//940 101//940
f 850//941 846//941 848//941
f 851//942 849//942 101//942
f 851//943 101//943 99//943
f 852//944 846//944 850//944
f 853//945 851//945 99//945
f 854//946 846//946 852//946
f 855//947 853//947 99//947
f 856//948 846//948 854//948
f 857//949 855//949 99//949
f 858//950 846//950 856//950
f 859//951 857//951 99//951
f 860//952 846//952 858//952
f 861//953 859//953 99//953
f 862//954 846//954 860//954
f 863//955 861//955 99//955
f 864//956 846//956 862//956
f 865//957 863//957 99//957
f 866//958 846//958 864//958
f 867//959 865//959 99//959
f 868//960 846//960 866//960
f 869//961 867//961 99//961
f 870//962 869//962 99//962
f 98//963 871//963 872//963
f 98//964 872//964 870//964
f 98//965 870//965 99//965
f 873//966 871//966 98//966
f 410//967 408//967 699//967
f 410//968 699//968 874//968
f 410//969 874//969 875//969
f 410//970 875//970 876//970
f 410//971 876//971 877//971
f 410//972 877//972 878//972
f 410//973 878//973 879//973
f 410//974 879//974 880//974
f 881//975 846//975 868//975
f 881//976 868//976 882//976
f 881//977 882//977 883//977
f 881//978 883//978 884//978
f 881//979 884//979 885//979
f 881//980 885//980 886//980
f 887//981 873//981 98//981
f 888//982 881//982 886//982
f 889//983 887//983 98//983
f 890//984 881//984 888//984
f 891//985 889//985 98//985
f 892//986 881//986 890//986
f 893//987 891//987 98//987
f 370//988 810//988 894//988
f 370//989 894//989 895//989
f 370//990 895//990 896//990
f 370//991 896//991 897//991
f 370//992 410//992 880//992
f 370//993 811//993 810//993
f 370//994 880//994 898//994
f 370//995 898//995 899//995
f 370//996 899//996 900//996
f 370//997 900//997 901//997
f 370//998 901//998 902//998
f 370//999 902//999 903//999
f 370//1000 903//1000 904//1000
f 370//1001 904//1001 905//1001
f 370//1002 905//1002 906//1002
f 370//1003 906//1003 907//1003
f 370//1004 907//1004 908//1004
f 370//1005 908//1005 811//1005
f 909//1006 881//1006 892//1006
f 910//1007 893//1007 98//1007
f 911//1008 881//1008 909//1008
f 912//1009 910//1009 98//1009
f 913//1010 881//1010 911//1010
f 914//1011 912//1011 98//1011
f 915//1012 370//1012 897//1012
f 916//1013 917//1013 918//1013
f 916//1014 918//1014 919//1014
f 916//1015 881//1015 913//1015
f 916//1016 913//1016 920//1016
f 916//1017 920//1017 921//1017
f 916//1018 921//1018 922//1018
f 916//1019 922//1019 923//1019
f 916//1020 923//1020 924//1020
f 916//1021 924//1021 925//1021
f 916//1022 925//1022 926//1022
f 916//1023 926//1023 917//1023
f 927//1024 916//1024 919//1024
f 928//1025 916//1025 927//1025
f 95//1026 929//1026 930//1026
f 95//1027 930//1027 931//1027
f 95//1028 931//1028 932//1028
f 95//1029 932//1029 933//1029
f 95//1030 914//1030 98//1030
f 95//1031 933//1031 934//1031
f 95//1032 934//1032 935//1032
f 95//1033 935//1033 936//1033
f 95//1034 936//1034 937//1034
f 95//1035 937//1035 938//1035
f 95//1036 938//1036 914//1036
f 939//1037 370//1037 915//1037
f 940//1038 916//1038 928//1038
f 940//1039 928//1039 941//1039
f 940//1040 941//1040 942//1040
f 940//1041 942//1041 943//1041
f 940//1042 943//1042 944//1042
f 940//1043 944//1043 945//1043
f 940//1044 945//1044 946//1044
f 940//1045 946//1045 947//1045
f 940//1046 947//1046 948//1046
f 940//1047 948//1047 949//1047
f 940//1048 949//1048 950//1048
f 940//1049 950//1049 951//1049
f 93//1050 952//1050 953//1050
f 93//1051 953//1051 954//1051
f 93//1052 954//1052 955//1052
f 93//1053 955//1053 956//1053
f 93//1054 956//1054 957//1054
f 93//1055 957//1055 958//1055
f 93//1056 958//1056 929//1056
f 93//1057 929//1057 95//1057
f 959//1058 370//1058 939//1058
f 960//1059 940//1059 951//1059
f 960//1060 951//1060 961//1060
f 960//1061 961//1061 962//1061
f 960//1062 962//1062 963//1062
f 960//1063 963//1063 964//1063
f 960//1064 964//1064 965//1064
f 960//1065 965//1065 966//1065
f 960//1066 966//1066 967//1066
f 960//1067 967//1067 968//1067
f 960//1068 968//1068 969//1068
f 970//1069 370//1069 959//1069
f 92//1070 971//1070 972//1070
f 92//1071 972//1071 952//1071
f 92//1072 952//1072 93//1072
f 973//1073 974//1073 971//1073
f 973//1074 960//1074 969//1074
f 973//1075 971//1075 92//1075
f 973//1076 969//1076 974//1076
f 975//1077 370//1077 970//1077
f 976//1078 973//1078 92//1078
f 976//1079 92//1079 90//1079
f 977//1080 370//1080 975//1080
f 978//1081 976//1081 90//1081
f 87//1082 978//1082 90//1082
f 979//1083 978//1083 87//1083
f 85//1084 979//1084 87//1084
f 980//1085 979//1085 85//1085
f 83//1086 980//1086 85//1086
f 981//1087 980//1087 83//1087
f 82//1088 981//1088 83//1088
f 982//1089 981//1089 82//1089
f 983//1090 984//1090 985//1090
f 986//1091 985//1091 984//1091
f 987//1092 983//1092 985//1092
f 988//1093 985//1093 986//1093
f 989//1094 987//1094 985//1094
f 990//1095 985//1095 988//1095
f 991//1096 985//1096 992//1096
f 991//1097 989//1097 985//1097
f 993//1098 985//1098 990//1098
f 994//1099 991//1099 992//1099
f 995//1100 996//1100 985//1100
f 995//1101 985//1101 993//1101
f 997//1102 994//1102 992//1102
f 998//1103 996//1103 995//1103
f 999//1104 997//1104 992//1104
f 1000//1105 996//1105 998//1105
f 1001//1106 999//1106 992//1106
f 1002//1107 996//1107 1000//1107
f 1003//1108 1001//1108 992//1108
f 1004//1109 996//1109 1002//1109
f 1005//1110 1003//1110 992//1110
f 1006//1111 996//1111 1004//1111
f 1007//1112 1005//1112 992//1112
f 1008//1113 1009//1113 996//1113
f 1008//1114 996//1114 1006//1114
f 1010//1115 1007//1115 992//1115
f 1011//1116 1009//1116 1008//1116
f 1012//1117 1010//1117 992//1117
f 1013//1118 1009//1118 1011//1118
f 1014//1119 1012//1119 992//1119
f 1015//1120 1009//1120 1013//1120
f 1016//1121 1014//1121 992//1121
f 1017//1122 1009//1122 1015//1122
f 1017//1123 977//1123 1009//1123
f 1017//1124 370//1124 977//1124
f 1018//1125 370//1125 1017//1125
f 1019//1126 1016//1126 992//1126
f 1019//1127 1020//1127 1016//1127
f 1021//1128 1020//1128 1019//1128
f 1022//1129 370//1129 1018//1129
f 1023//1130 1021//1130 1019//1130
f 1024//1131 370//1131 1022//1131
f 1025//1132 1023//1132 1019//1132
f 1026//1133 370//1133 1024//1133
f 1027//1134 1025//1134 1019//1134
f 1028//1135 370//1135 1026//1135
f 1029//1136 1027//1136 1019//1136
f 1030//1137 370//1137 1028//1137
f 1031//1138 1029//1138 1019//1138
f 1032//1139 370//1139 1030//1139
f 1033//1140 1031//1140 1019//1140
f 1034//1141 370//1141 1032//1141
f 1035//1142 1033//1142 1019//1142
f 1036//1143 370//1143 1034//1143
f 1037//1144 1035//1144 1019//1144
f 79//1145 1038//1145 982//1145
f 79//1146 982//1146 82//1146
f 1039//1147 370//1147 1036//1147
f 1040//1148 1037//1148 1019//1148
f 1041//1149 370//1149 1039//1149
f 1042//1150 370//1150 1041//1150
f 1043//1151 370//1151 1042//1151
f 1044//1152 370//1152 1043//1152
f 1045//1153 370//1153 1044//1153
f 1046//1154 370//1154 1045//1154
f 1047//1155 370//1155 1046//1155
f 1048//1156 1049//1156 1050//1156
f 1048//1157 1050//1157 1051//1157
f 1048//1158 1051//1158 1052//1158
f 1048//1159 1052//1159 1053//1159
f 1048//1160 1053//1160 1054//1160
f 1048//1161 1054//1161 1040//1161
f 1048//1162 1040//1162 1019//1162
f 1055//1163 1049//1163 1048//1163
f 1056//1164 1055//1164 1048//1164
f 1057//1165 1056//1165 1048//1165
f 1058//1166 1057//1166 1048//1166
f 1059//1167 1058//1167 1048//1167
f 1060//1168 1059//1168 1048//1168
f 77//1169 1061//1169 1038//1169
f 77//1170 1038//1170 79//1170
f 1062//1171 1060//1171 1048//1171
f 1062//1172 1063//1172 1064//1172
f 1062//1173 1064//1173 1065//1173
f 1062//1174 1065//1174 1066//1174
f 1062//1175 1066//1175 1067//1175
f 1062//1176 1067//1176 1068//1176
f 1062//1177 1068//1177 1069//1177
f 1062//1178 1069//1178 1070//1178
f 1062//1179 1070//1179 1071//1179
f 1062//1180 1071//1180 1072//1180
f 1062//1181 1072//1181 1060//1181
f 1073//1182 1063//1182 1062//1182
f 1074//1183 1075//1183 1076//1183
f 1074//1184 1076//1184 1077//1184
f 1074//1185 1077//1185 1078//1185
f 1074//1186 1078//1186 1079//1186
f 1074//1187 1079//1187 1080//1187
f 1074//1188 1080//1188 1081//1188
f 1074//1189 1081//1189 1082//1189
f 1074//1190 1082//1190 1083//1190
f 1074//1191 1083//1191 1073//1191
f 1074//1192 1073//1192 1062//1192
f 75//1193 1061//1193 77//1193
f 1084//1194 1075//1194 1074//1194
f 1084//1195 1085//1195 1086//1195
f 1084//1196 1086//1196 1087//1196
f 1084//1197 1087//1197 1088//1197
f 1084//1198 1088//1198 1089//1198
f 1084//1199 1089//1199 1090//1199
f 1084//1200 1090//1200 1075//1200
f 74//1201 1061//1201 75//1201
f 74//1202 1091//1202 1061//1202
f 1092//1203 1093//1203 1094//1203
f 1092//1204 1094//1204 1095//1204
f 1092//1205 1095//1205 1096//1205
f 1092//1206 1096//1206 1085//1206
f 1092//1207 1085//1207 1084//1207
f 71//1208 1097//1208 1091//1208
f 71//1209 1091//1209 74//1209
f 1098//1210 1099//1210 1093//1210
f 1098//1211 1093//1211 1092//1211
f 69//1212 1100//1212 1097//1212
f 69//1213 1097//1213 71//1213
f 67//1214 1101//1214 1100//1214
f 67//1215 1100//1215 69//1215
f 66//1216 1102//1216 1101//1216
f 66//1217 1101//1217 67//1217
f 1103//1218 1104//1218 1105//1218
f 1106//1219 1105//1219 1104//1219
f 1107//1220 1103//1220 1105//1220
f 1108//1221 1105//1221 1106//1221
f 1109//1222 1107//1222 1105//1222
f 1110//1223 1105//1223 1108//1223
f 1111//1224 1109//1224 1105//1224
f 1112//1225 1113//1225 1105//1225
f 1112//1226 1105//1226 1110//1226
f 1114//1227 1111//1227 1105//1227
f 1115//1228 1113//1228 1112//1228
f 1116//1229 1114//1229 1105//1229
f 1117//1230 1113//1230 1115//1230
f 1118//1231 1105//1231 1119//1231
f 1118//1232 1116//1232 1105//1232
f 1120//1233 1113//1233 1117//1233
f 1121//1234 1118//1234 1119//1234
f 1122//1235 1113//1235 1120//1235
f 63//1236 1123//1236 1102//1236
f 63//1237 1102//1237 66//1237
f 1124//1238 1121//1238 1119//1238
f 1125//1239 1113//1239 1122//1239
f 1126//1240 1124//1240 1119//1240
f 1127//1241 1113//1241 1125//1241
f 1128//1242 1126//1242 1119//1242
f 1129//1243 1113//1243 1127//1243
f 1130//1244 1128//1244 1119//1244
f 1131//1245 1113//1245 1129//1245
f 1132//1246 1130//1246 1119//1246
f 1133//1247 1113//1247 1131//1247
f 1134//1248 1132//1248 1119//1248
f 1135//1249 1113//1249 1133//1249
f 1136//1250 1134//1250 1119//1250
f 1137//1251 1113//1251 1135//1251
f 1138//1252 1119//1252 1123//1252
f 1138//1253 1136//1253 1119//1253
f 1139//1254 1138//1254 1123//1254
f 1140//1255 1139//1255 1123//1255
f 1140//1256 1123//1256 63//1256
f 1141//1257 1137//1257 1142//1257
f 1141//1258 1113//1258 1137//1258
f 1141//1259 1142//1259 1143//1259
f 1144//1260 1141//1260 1143//1260
f 1145//1261 1140//1261 63//1261
f 1146//1262 1141//1262 1144//1262
f 1147//1263 1145//1263 63//1263
f 1148//1264 1141//1264 1146//1264
f 1149//1265 1141//1265 1148//1265
f 1150//1266 1141//1266 1149//1266
f 1151//1267 1141//1267 1150//1267
f 1152//1268 1141//1268 1151//1268
f 1153//1269 1141//1269 1152//1269
f 1154//1270 1141//1270 1153//1270
f 1155//1271 1141//1271 1154//1271
f 61//1272 1156//1272 1157//1272
f 61//1273 1157//1273 1158//1273
f 61//1274 1158//1274 1159//1274
f 61//1275 1159//1275 1160//1275
f 61//1276 1160//1276 1161//1276
f 61//1277 1161//1277 1162//1277
f 61//1278 1162//1278 1147//1278
f 61//1279 1147//1279 63//1279
f 1163//1280 1155//1280 1164//1280
f 1163//1281 1141//1281 1155//1281
f 1165//1282 1163//1282 1164//1282
f 1166//1283 1163//1283 1165//1283
f 1167//1284 1163//1284 1166//1284
f 1168//1285 1163//1285 1167//1285
f 1169//1286 1163//1286 1168//1286
f 1170//1287 1163//1287 1169//1287
f 1171//1288 1163//1288 1170//1288
f 1172//1289 1163//1289 1171//1289
f 1173//1290 1163//1290 1172//1290
f 1174//1291 1163//1291 1173//1291
f 1175//1292 1163//1292 1174//1292
f 1176//1293 1175//1293 1174//1293
f 1177//1294 1175//1294 1176//1294
f 1178//1295 1175//1295 1177//1295
f 1179//1296 1175//1296 1178//1296
f 59//1297 1180//1297 1181//1297
f 59//1298 1181//1298 1182//1298
f 59//1299 1182//1299 1183//1299
f 59//1300 1183//1300 1156//1300
f 59//1301 1156//1301 61//1301
f 59//1302 1184//1302 1185//1302
f 59//1303 1185//1303 1186//1303
f 59//1304 1186//1304 1187//1304
f 59//1305 1187//1305 1188//1305
f 59//1306 1188//1306 1189//1306
f 59//1307 1189//1307 1180//1307
f 1190//1308 1175//1308 1179//1308
f 1191//1309 1175//1309 1190//1309
f 1192//1310 1175//1310 1191//1310
f 1193//1311 1175//1311 1192//1311
f 1194//1312 1175//1312 1193//1312
f 1195//1313 1194//1313 1196//1313
f 1195//1314 1196//1314 1197//1314
f 1195//1315 1175//1315 1194//1315
f 57//1316 1184//1316 59//1316
f 57//1317 1198//1317 1199//1317
f 57//1318 1199//1318 1200//1318
f 57//1319 1200//1319 1201//1319
f 57//1320 1201//1320 1202//1320
f 57//1321 1202//1321 1203//1321
f 57//1322 1203//1322 1204//1322
f 57//1323 1204//1323 1205//1323
f 57//1324 1205//1324 1206//1324
f 57//1325 1206//1325 1207//1325
f 57//1326 1207//1326 1184//1326
f 55//1327 1198//1327 57//1327
f 55//1328 1208//1328 1209//1328
f 55//1329 1209//1329 1210//1329
f 55//1330 1210//1330 1211//1330
f 55//1331 1211//1331 1212//1331
f 55//1332 1212//1332 1213//1332
f 55//1333 1213//1333 1214//1333
f 55//1334 1214//1334 1215//1334
f 55//1335 1215//1335 1216//1335
f 55//1336 1216//1336 1217//1336
f 55//1337 1217//1337 1218//1337
f 55//1338 1218//1338 1198//1338
f 53//1339 1208//1339 55//1339
f 53//1340 1219//1340 1220//1340
f 53//1341 1220//1341 1221//1341
f 53//1342 1221//1342 1222//1342
f 53//1343 1222//1343 1223//1343
f 53//1344 1223//1344 1224//1344
f 53//1345 1224//1345 1225//1345
f 53//1346 1225//1346 1226//1346
f 53//1347 1226//1347 1227//1347
f 53//1348 1227//1348 1208//1348
f 51//1349 1228//1349 1229//1349
f 51//1350 1229//1350 1230//1350
f 51//1351 1230//1351 1231//1351
f 51//1352 1231//1352 1232//1352
f 51//1353 1232//1353 1233//1353
f 51//1354 1233//1354 1234//1354
f 51//1355 1234//1355 1235//1355
f 51//1356 1235//1356 1219//1356
f 51//1357 1219//1357 53//1357
f 1236//1358 1237//1358 1238//1358
f 1239//1359 1238//1359 1237//1359
f 1240//1360 1236//1360 1238//1360
f 1241//1361 1238//1361 1239//1361
f 1242//1362 1240//1362 1238//1362
f 1243//1363 1238//1363 1241//1363
f 1244//1364 1242//1364 1238//1364
f 1245//1365 1238//1365 1243//1365
f 1246//1366 1244//1366 1238//1366
f 1246//1367 1238//1367 1247//1367
f 1248//1368 1238//1368 1245//1368
f 1249//1369 1246//1369 1247//1369
f 1250//1370 1251//1370 1238//1370
f 1250//1371 1238//1371 1248//1371
f 1252//1372 1249//1372 1247//1372
f 1253//1373 1251//1373 1250//1373
f 1254//1374 1252//1374 1247//1374
f 1255//1375 1251//1375 1253//1375
f 1256//1376 1254//1376 1247//1376
f 1257//1377 1251//1377 1255//1377
f 1258//1378 1256//1378 1247//1378
f 1259//1379 1251//1379 1257//1379
f 1260//1380 1258//1380 1247//1380
f 1261//1381 1251//1381 1259//1381
f 1262//1382 1260//1382 1247//1382
f 1263//1383 1251//1383 1261//1383
f 1264//1384 1262//1384 1247//1384
f 1265//1385 1251//1385 1263//1385
f 1266//1386 1264//1386 1247//1386
f 1267//1387 1251//1387 1265//1387
f 1268//1388 1266//1388 1247//1388
f 1269//1389 1251//1389 1267//1389
f 1270//1390 1268//1390 1247//1390
f 1271//1391 1251//1391 1269//1391
f 1272//1392 1247//1392 1273//1392
f 1272//1393 1270//1393 1247//1393
f 1274//1394 1275//1394 1251//1394
f 1274//1395 1251//1395 1271//1395
f 1276//1396 1272//1396 1273//1396
f 1277//1397 1275//1397 1274//1397
f 1278//1398 1276//1398 1273//1398
f 49//1399 1228//1399 51//1399
f 49//1400 1195//1400 1197//1400
f 49//1401 1197//1401 1279//1401
f 49//1402 1279//1402 1228//1402
f 1280//1403 1275//1403 1277//1403
f 1281//1404 1278//1404 1273//1404
f 1282//1405 1275//1405 1280//1405
f 1283//1406 1281//1406 1273//1406
f 1284//1407 1275//1407 1282//1407
f 1285//1408 1283//1408 1273//1408
f 1286//1409 1275//1409 1284//1409
f 1287//1410 1285//1410 1273//1410
f 1288//1411 1275//1411 1286//1411
f 1289//1412 1287//1412 1273//1412
f 1290//1413 1275//1413 1288//1413
f 1291//1414 1289//1414 1273//1414
f 1292//1415 1275//1415 1290//1415
f 1293//1416 1291//1416 1273//1416
f 1294//1417 1275//1417 1292//1417
f 1294//1418 1295//1418 1275//1418
f 1296//1419 1293//1419 1273//1419
f 1//1420 1297//1420 1298//1420
f 1//1421 1298//1421 1299//1421
f 1//1422 1299//1422 1300//1422
f 1//1423 1300//1423 1301//1423
f 1//1424 1301//1424 1302//1424
f 1303//1425 1295//1425 1294//1425
f 1304//1426 1273//1426 1305//1426
f 1304//1427 1296//1427 1273//1427
f 1306//1428 1295//1428 1303//1428
f 1307//1429 1304//1429 1305//1429
f 1308//1430 1307//1430 1305//1430
f 47//1431 1309//1431 1195//1431
f 47//1432 1195//1432 49//1432
f 1310//1433 1308//1433 1305//1433
f 245//1434 1311//1434 1312//1434
f 245//1435 1312//1435 1313//1435
f 245//1436 1313//1436 1314//1436
f 245//1437 1314//1437 1315//1437
f 245//1438 1316//1438 1317//1438
f 245//1439 1317//1439 1318//1439
f 245//1440 1318//1440 1319//1440
f 245//1441 1319//1441 1320//1441
f 245//1442 1320//1442 1321//1442
f 245//1443 1321//1443 1322//1443
f 245//1444 1322//1444 1323//1444
f 245//1445 1323//1445 1324//1445
f 245//1446 1324//1446 1325//1446
f 245//1447 1325//1447 1326//1447
f 245//1448 1326//1448 1327//1448
f 245//1449 1327//1449 1311//1449
f 1328//1450 1310//1450 1305//1450
f 1329//1451 1328//1451 1305//1451
f 1330//1452 1329//1452 1305//1452
f 1331//1453 1332//1453 1333//1453
f 1331//1454 1333//1454 1334//1454
f 1335//1455 1334//1455 1336//1455
f 1335//1456 1331//1456 1334//1456
f 1337//1457 1338//1457 1332//1457
f 1337//1458 1332//1458 1331//1458
f 1339//1459 1336//1459 1099//1459
f 1339//1460 1099//1460 1098//1460
f 1339//1461 1335//1461 1336//1461
f 1340//1462 1315//1462 1338//1462
f 1340//1463 1338//1463 1337//1463
f 1340//1464 245//1464 1315//1464
f 1341//1465 1330//1465 1305//1465
f 1342//1466 1339//1466 1098//1466
f 1343//1467 245//1467 1340//1467
f 1344//1468 1098//1468 1345//1468
f 1344//1469 1342//1469 1098//1469
f 1346//1470 245//1470 1343//1470
f 1347//1471 1344//1471 1345//1471
f 1348//1472 1341//1472 1305//1472
f 1349//1473 245//1473 1346//1473
f 1350//1474 1345//1474 1351//1474
f 1350//1475 1347//1475 1345//1475
f 2//1476 1302//1476 1352//1476
f 2//1477 1//1477 1302//1477
f 1353//1478 1305//1478 1354//1478
f 1353//1479 1348//1479 1305//1479
f 1355//1480 245//1480 1349//1480
f 1356//1481 1350//1481 1351//1481
f 1357//1482 245//1482 1355//1482
f 1358//1483 1353//1483 1354//1483
f 1359//1484 1356//1484 1351//1484
f 1360//1485 245//1485 1357//1485
f 1361//1486 1358//1486 1354//1486
f 1362//1487 1351//1487 1363//1487
f 1362//1488 1359//1488 1351//1488
f 45//1489 1364//1489 1309//1489
f 45//1490 1309//1490 47//1490
f 1365//1491 245//1491 1360//1491
f 1366//1492 1362//1492 1363//1492
f 1367//1493 245//1493 1365//1493
f 1368//1494 1366//1494 1363//1494
f 1369//1495 245//1495 1367//1495
f 1370//1496 1363//1496 1371//1496
f 1370//1497 1368//1497 1363//1497
f 1372//1498 245//1498 1369//1498
f 1373//1499 1370//1499 1371//1499
f 1374//1500 245//1500 1372//1500
f 5//1501 1352//1501 1295//1501
f 5//1502 2//1502 1352//1502
f 1375//1503 1373//1503 1371//1503
f 1376//1504 245//1504 1374//1504
f 1377//1505 1297//1505 1//1505
f 1377//1506 1371//1506 1297//1506
f 1377//1507 1375//1507 1371//1507
f 44//1508 1378//1508 1364//1508
f 44//1509 1364//1509 45//1509
f 1379//1510 245//1510 1376//1510
f 1380//1511 1377//1511 1//1511
f 1381//1512 246//1512 245//1512
f 1381//1513 245//1513 1379//1513
f 1382//1514 1380//1514 1//1514
f 1383//1515 246//1515 1381//1515
f 1383//1516 248//1516 246//1516
f 1384//1517 1382//1517 1//1517
f 7//1518 1295//1518 1306//1518
f 7//1519 5//1519 1295//1519
f 7//1520 1306//1520 1385//1520
f 7//1521 1385//1521 1386//1521
f 7//1522 1386//1522 1387//1522
f 1388//1523 250//1523 248//1523
f 1388//1524 248//1524 1383//1524
f 1389//1525 1384//1525 1//1525
f 1390//1526 250//1526 1388//1526
f 1390//1527 252//1527 250//1527
f 41//1528 1391//1528 1378//1528
f 41//1529 1378//1529 44//1529
f 1392//1530 1389//1530 1//1530
f 1393//1531 254//1531 252//1531
f 1393//1532 252//1532 1390//1532
f 1394//1533 1392//1533 1//1533
f 1395//1534 256//1534 254//1534
f 1395//1535 254//1535 1393//1535
f 9//1536 1387//1536 1396//1536
f 9//1537 1396//1537 1397//1537
f 9//1538 1397//1538 1398//1538
f 9//1539 1398//1539 1399//1539
f 9//1540 1399//1540 1400//1540
f 9//1541 1400//1541 1401//1541
f 9//1542 1401//1542 1402//1542
f 9//1543 1402//1543 1403//1543
f 9//1544 7//1544 1387//1544
f 1404//1545 1394//1545 1//1545
f 1405//1546 256//1546 1395//1546
f 1405//1547 258//1547 256//1547
f 39//1548 1391//1548 41//1548
f 39//1549 1406//1549 1391//1549
f 1407//1550 1404//1550 1//1550
f 1408//1551 260//1551 258//1551
f 1408//1552 258//1552 1405//1552
f 1409//1553 1407//1553 1//1553
f 1410//1554 262//1554 260//1554
f 1410//1555 260//1555 1408//1555
f 12//1556 9//1556 1403//1556
f 12//1557 1411//1557 1412//1557
f 12//1558 1403//1558 1413//1558
f 12//1559 1413//1559 1414//1559
f 12//1560 1414//1560 1415//1560
f 12//1561 1415//1561 1416//1561
f 12//1562 1416//1562 1417//1562
f 12//1563 1417//1563 1418//1563
f 12//1564 1418//1564 1419//1564
f 12//1565 1419//1565 1411//1565
f 1420//1566 1409//1566 1//1566
f 38//1567 1421//1567 1406//1567
f 38//1568 1406//1568 39//1568
f 1422//1569 264//1569 262//1569
f 1422//1570 262//1570 1410//1570
f 1423//1571 1420//1571 1//1571
f 1424//1572 264//1572 1422//1572
f 1424//1573 266//1573 264//1573
f 13//1574 12//1574 1412//1574
f 13//1575 1412//1575 1425//1575
f 13//1576 1425//1576 1426//1576
f 13//1577 1426//1577 1427//1577
f 13//1578 1427//1578 1428//1578
f 13//1579 1428//1579 1429//1579
f 13//1580 1429//1580 1430//1580
f 13//1581 1430//1581 1431//1581
f 13//1582 1431//1582 1432//1582
f 13//1583 1432//1583 1433//1583
f 13//1584 1433//1584 1434//1584
f 13//1585 1434//1585 1435//1585
f 1436//1586 1423//1586 1//1586
f 36//1587 1437//1587 1421//1587
f 36//1588 1421//1588 38//1588
f 1438//1589 266//1589 1424//1589
f 1438//1590 268//1590 266//1590
f 1439//1591 1436//1591 1//1591
f 1440//1592 270//1592 268//1592
f 1440//1593 268//1593 1438//1593
f 15//1594 1435//1594 1441//1594
f 15//1595 1441//1595 1442//1595
f 15//1596 1442//1596 1443//1596
f 15//1597 1443//1597 1444//1597
f 15//1598 13//1598 1435//1598
f 15//1599 1444//1599 1445//1599
f 15//1600 1445//1600 1446//1600
f 15//1601 1446//1601 1447//1601
f 15//1602 1447//1602 1448//1602
f 15//1603 1448//1603 1449//1603
f 15//1604 1449//1604 1450//1604
f 1451//1605 1439//1605 1//1605
f 33//1606 1452//1606 1437//1606
f 33//1607 1437//1607 36//1607
f 1453//1608 270//1608 1440//1608
f 1453//1609 272//1609 270//1609
f 1454//1610 1451//1610 1//1610
f 17//1611 15//1611 1450//1611
f 17//1612 1450//1612 1455//1612
f 17//1613 1455//1613 1456//1613
f 17//1614 1456//1614 1457//1614
f 17//1615 1457//1615 1458//1615
f 17//1616 1458//1616 1459//1616
f 17//1617 1459//1617 1460//1617
f 17//1618 1460//1618 1461//1618
f 17//1619 1461//1619 1462//1619
f 17//1620 1462//1620 1463//1620
f 1464//1621 272//1621 1453//1621
f 31//1622 1465//1622 1452//1622
f 31//1623 1452//1623 33//1623
f 273//1624 272//1624 1464//1624
f 1466//1625 1454//1625 1//1625
f 19//1626 17//1626 1463//1626
f 19//1627 1463//1627 1467//1627
f 19//1628 1467//1628 1468//1628
f 19//1629 1468//1629 1469//1629
f 19//1630 1469//1630 1470//1630
f 19//1631 1470//1631 1471//1631
f 19//1632 1471//1632 1472//1632
f 19//1633 1472//1633 1473//1633
f 19//1634 1473//1634 1474//1634
f 1475//1635 273//1635 1464//1635
f 29//1636 1476//1636 1465//1636
f 29//1637 1465//1637 31//1637
f 1477//1638 1466//1638 1//1638
f 21//1639 1354//1639 1478//1639
f 21//1640 19//1640 1474//1640
f 21//1641 1361//1641 1354//1641
f 21//1642 1474//1642 1361//1642
f 276//1643 273//1643 1475//1643
f 27//1644 1479//1644 1476//1644
f 27//1645 1476//1645 29//1645
f 1480//1646 276//1646 1475//1646
f 23//1647 1478//1647 1481//1647
f 23//1648 21//1648 1478//1648
f 25//1649 1481//1649 1479//1649
f 25//1650 1479//1650 27//1650
f 25//1651 23//1651 1481//1651
f 1482//1652 1477//1652 1//1652
f 278//1653 276//1653 1480//1653
f 278//1654 1480//1654 1483//1654
f 1484//1655 1482//1655 1//1655
f 280//1656 1483//1656 1485//1656
f 280//1657 278//1657 1483//1657
f 282//1658 1485//1658 1486//1658
f 282//1659 280//1659 1485//1659
f 284//1660 1486//1660 1487//1660
f 284//1661 282//1661 1486//1661
f 286//1662 1487//1662 1488//1662
f 286//1663 284//1663 1487//1663
f 288//1664 286//1664 1488//1664
f 288//1665 1488//1665 1489//1665
f 289//1666 288//1666 1489//1666
f 289//1667 1489//1667 1490//1667
f 292//1668 289//1668 1490//1668
f 292//1669 1490//1669 1491//1669
f 294//1670 292//1670 1491//1670
f 294//1671 1491//1671 1492//1671
f 296//1672 294//1672 1492//1672
f 296//1673 1492//1673 1493//1673
f 298//1674 296//1674 1493//1674
f 298//1675 1493//1675 1494//1675
f 300//1676 298//1676 1494//1676
f 300//1677 1494//1677 1495//1677
f 302//1678 1495//1678 1496//1678
f 302//1679 300//1679 1495//1679
f 304//1680 1496//1680 1497//1680
f 304//1681 302//1681 1496//1681
f 306//1682 1497//1682 1498//1682
f 306//1683 304//1683 1497//1683
f 116//1684 1499//1684 1500//1684
f 116//1685 1500//1685 1501//1685
f 116//1686 1501//1686 1502//1686
f 116//1687 1502//1687 1503//1687
f 116//1688 1503//1688 1504//1688
f 116//1689 1504//1689 1505//1689
f 116//1690 1505//1690 1506//1690
f 116//1691 1506//1691 1507//1691
f 116//1692 1507//1692 1508//1692
f 116//1693 1508//1693 1509//1693
f 116//1694 1509//1694 1510//1694
f 116//1695 1510//1695 1511//1695
f 116//1696 1511//1696 1512//1696
f 308//1697 306//1697 1498//1697
f 308//1698 1498//1698 1513//1698
f 367//1699 1499//1699 116//1699
f 367//1700 1514//1700 1499//1700
f 310//1701 1513//1701 1515//1701
f 310//1702 308//1702 1513//1702
f 366//1703 1514//1703 367//1703
f 366//1704 1516//1704 1514//1704
f 312//1705 310//1705 1515//1705
f 312//1706 1515//1706 1517//1706
f 364//1707 1516//1707 366//1707
f 364//1708 1518//1708 1516//1708
f 314//1709 1517//1709 1519//1709
f 314//1710 312//1710 1517//1710
f 361//1711 1518//1711 364//1711
f 361//1712 1520//1712 1518//1712
f 316//1713 314//1713 1519//1713
f 316//1714 1519//1714 1521//1714
f 360//1715 1520//1715 361//1715
f 360//1716 1522//1716 1520//1716
f 318//1717 1521//1717 1523//1717
f 318//1718 316//1718 1521//1718
f 358//1719 1522//1719 360//1719
f 358//1720 1524//1720 1522//1720
f 320//1721 1523//1721 1525//1721
f 320//1722 318//1722 1523//1722
f 356//1723 1524//1723 358//1723
f 356//1724 1526//1724 1524//1724
f 322//1725 1525//1725 1527//1725
f 322//1726 320//1726 1525//1726
f 353//1727 1526//1727 356//1727
f 353//1728 1528//1728 1526//1728
f 324//1729 322//1729 1527//1729
f 324//1730 1527//1730 1529//1730
f 351//1731 1530//1731 1528//1731
f 351//1732 1528//1732 353//1732
f 326//1733 1529//1733 1531//1733
f 326//1734 324//1734 1529//1734
f 350//1735 1532//1735 1530//1735
f 350//1736 1530//1736 351//1736
f 328//1737 1531//1737 1533//1737
f 328//1738 326//1738 1531//1738
f 347//1739 1534//1739 1532//1739
f 347//1740 1532//1740 350//1740
f 330//1741 1533//1741 1535//1741
f 330//1742 328//1742 1533//1742
f 346//1743 1536//1743 1534//1743
f 346//1744 1534//1744 347//1744
f 332//1745 1535//1745 1537//1745
f 332//1746 330//1746 1535//1746
f 344//1747 1536//1747 346//1747
f 344//1748 1538//1748 1536//1748
f 334//1749 1537//1749 1539//1749
f 334//1750 332//1750 1537//1750
f 342//1751 1540//1751 1538//1751
f 342//1752 1538//1752 344//1752
f 336//1753 1539//1753 1541//1753
f 336//1754 334//1754 1539//1754
f 340//1755 1542//1755 1540//1755
f 340//1756 1540//1756 342//1756
f 338//1757 1541//1757 1542//1757
f 338//1758 336//1758 1541//1758
f 338//1759 1542//1759 340//1759
f 1//1760 116//1760 1512//1760
f 1//1761 1512//1761 1484//1761
f 245//1762 370//1762 1047//1762
f 245//1763 1047//1763 1543//1763
f 245//1764 1543//1764 1544//1764
f 245//1765 1544//1765 1316//1765
f 1298//1766 1297//1766 1545//1766
f 1298//1767 1545//1767 1546//1767
f 1299//1768 1546//1768 1547//1768
f 1299//1769 1298//1769 1546//1769
f 1300//1770 1547//1770 1548//1770
f 1300//1771 1299//1771 1547//1771
f 1301//1772 1548//1772 1549//1772
f 1301//1773 1300//1773 1548//1773
f 1302//1774 1549//1774 1550//1774
f 1302//1775 1301//1775 1549//1775
f 1352//1776 1550//1776 1551//1776
f 1352//1777 1551//1777 1552//1777
f 1352//1778 1302//1778 1550//1778
f 1295//1779 1352//1779 1552//1779
f 1275//1780 1552//1780 1553//1780
f 1275//1781 1295//1781 1552//1781
f 1251//1782 1553//1782 1554//1782
f 1251//1783 1275//1783 1553//1783
f 1238//1784 1554//1784 1555//1784
f 1238//1785 1555//1785 1556//1785
f 1238//1786 1251//1786 1554//1786
f 1247//1787 1238//1787 1556//1787
f 1273//1788 1247//1788 1556//1788
f 1273//1789 1556//1789 1557//1789
f 1305//1790 1273//1790 1557//1790
f 1305//1791 1557//1791 1558//1791
f 1354//1792 1305//1792 1558//1792
f 1354//1793 1558//1793 1559//1793
f 1478//1794 1559//1794 1560//1794
f 1478//1795 1354//1795 1559//1795
f 1481//1796 1560//1796 1561//1796
f 1481//1797 1478//1797 1560//1797
f 1479//1798 1561//1798 1562//1798
f 1479//1799 1562//1799 1563//1799
f 1479//1800 1481//1800 1561//1800
f 1476//1801 1479//1801 1563//1801
f 1465//1802 1476//1802 1563//1802
f 1465//1803 1563//1803 1564//1803
f 1452//1804 1564//1804 1565//1804
f 1452//1805 1565//1805 1566//1805
f 1452//1806 1465//1806 1564//1806
f 1437//1807 1566//1807 1567//1807
f 1437//1808 1452//1808 1566//1808
f 1421//1809 1437//1809 1567//1809
f 1406//1810 1567//1810 1568//1810
f 1406//1811 1421//1811 1567//1811
f 1391//1812 1568//1812 1569//1812
f 1391//1813 1406//1813 1568//1813
f 1378//1814 1569//1814 1570//1814
f 1378//1815 1391//1815 1569//1815
f 1364//1816 1570//1816 1571//1816
f 1364//1817 1378//1817 1570//1817
f 1309//1818 1571//1818 1572//1818
f 1309//1819 1364//1819 1571//1819
f 1195//1820 1572//1820 1573//1820
f 1195//1821 1309//1821 1572//1821
f 1175//1822 1573//1822 1574//1822
f 1175//1823 1195//1823 1573//1823
f 1163//1824 1574//1824 1575//1824
f 1163//1825 1175//1825 1574//1825
f 1141//1826 1575//1826 1576//1826
f 1141//1827 1163//1827 1575//1827
f 1113//1828 1576//1828 1577//1828
f 1113//1829 1577//1829 1578//1829
f 1113//1830 1141//1830 1576//1830
f 1105//1831 1113//1831 1578//1831
f 1119//1832 1578//1832 1579//1832
f 1119//1833 1105//1833 1578//1833
f 1123//1834 1579//1834 1580//1834
f 1123//1835 1119//1835 1579//1835
f 1102//1836 1580//1836 1581//1836
f 1102//1837 1123//1837 1580//1837
f 1101//1838 1581//1838 1582//1838
f 1101//1839 1102//1839 1581//1839
f 1100//1840 1101//1840 1582//1840
f 1100//1841 1582//1841 1583//1841
f 1097//1842 1100//1842 1583//1842
f 1097//1843 1583//1843 1584//1843
f 1091//1844 1097//1844 1584//1844
f 1091//1845 1584//1845 1585//1845
f 1061//1846 1091//1846 1585//1846
f 1061//1847 1585//1847 1586//1847
f 1038//1848 1061//1848 1586//1848
f 1038//1849 1586//1849 1587//1849
f 982//1850 1038//1850 1587//1850
f 982//1851 1587//1851 1588//1851
f 981//1852 982//1852 1588//1852
f 981//1853 1588//1853 1589//1853
f 980//1854 981//1854 1589//1854
f 980//1855 1589//1855 1590//1855
f 979//1856 980//1856 1590//1856
f 979//1857 1590//1857 1591//1857
f 978//1858 979//1858 1591//1858
f 978//1859 1591//1859 1592//1859
f 976//1860 1592//1860 1593//1860
f 976//1861 978//1861 1592//1861
f 973//1862 1593//1862 1594//1862
f 973//1863 976//1863 1593//1863
f 960//1864 1594//1864 1595//1864
f 960//1865 973//1865 1594//1865
f 940//1866 1595//1866 1596//1866
f 940//1867 960//1867 1595//1867
f 916//1868 1596//1868 1597//1868
f 916//1869 1597//1869 1598//1869
f 916//1870 940//1870 1596//1870
f 881//1871 916//1871 1598//1871
f 846//1872 1598//1872 1599//1872
f 846//1873 881//1873 1598//1873
f 827//1874 1599//1874 1600//1874
f 827//1875 846//1875 1599//1875
f 815//1876 1600//1876 1601//1876
f 815//1877 827//1877 1600//1877
f 814//1878 1601//1878 1602//1878
f 814//1879 815//1879 1601//1879
f 809//1880 1602//1880 1603//1880
f 809//1881 814//1881 1602//1881
f 803//1882 1603//1882 1604//1882
f 803//1883 809//1883 1603//1883
f 795//1884 1604//1884 1605//1884
f 795//1885 803//1885 1604//1885
f 784//1886 1605//1886 1606//1886
f 784//1887 795//1887 1605//1887
f 770//1888 784//1888 1606//1888
f 770//1889 1606//1889 1607//1889
f 740//1890 770//1890 1607//1890
f 740//1891 1607//1891 1608//1891
f 725//1892 740//1892 1608//1892
f 725//1893 1608//1893 1609//1893
f 712//1894 725//1894 1609//1894
f 712//1895 1609//1895 1610//1895
f 701//1896 712//1896 1610//1896
f 701//1897 1610//1897 1611//1897
f 666//1898 701//1898 1611//1898
f 666//1899 1611//1899 1612//1899
f 665//1900 666//1900 1612//1900
f 665//1901 1612//1901 1613//1901
f 663//1902 665//1902 1613//1902
f 663//1903 1613//1903 1614//1903
f 660//1904 663//1904 1614//1904
f 660//1905 1614//1905 1615//1905
f 649//1906 660//1906 1615//1906
f 649//1907 1615//1907 1616//1907
f 618//1908 649//1908 1616//1908
f 618//1909 1616//1909 1617//1909
f 601//1910 618//1910 1617//1910
f 601//1911 1617//1911 1618//1911
f 586//1912 601//1912 1618//1912
f 586//1913 1618//1913 1619//1913
f 572//1914 586//1914 1619//1914
f 572//1915 1619//1915 1620//1915
f 560//1916 572//1916 1620//1916
f 560//1917 1620//1917 1621//1917
f 555//1918 560//1918 1621//1918
f 555//1919 1621//1919 1622//1919
f 552//1920 555//1920 1622//1920
f 552//1921 1622//1921 1623//1921
f 550//1922 552//1922 1623//1922
f 550//1923 1623//1923 1624//1923
f 553//1924 550//1924 1624//1924
f 553//1925 1624//1925 1625//1925
f 558//1926 553//1926 1625//1926
f 558//1927 1625//1927 1626//1927
f 570//1928 558//1928 1626//1928
f 570//1929 1626//1929 1627//1929
f 585//1930 1627//1930 1628//1930
f 585//1931 570//1931 1627//1931
f 599//1932 1628//1932 1629//1932
f 599//1933 585//1933 1628//1933
f 616//1934 1629//1934 1630//1934
f 616//1935 599//1935 1629//1935
f 631//1936 1630//1936 1631//1936
f 631//1937 616//1937 1630//1937
f 659//1938 1631//1938 1632//1938
f 659//1939 631//1939 1631//1939
f 662//1940 659//1940 1632//1940
f 662//1941 1632//1941 1633//1941
f 664//1942 662//1942 1633//1942
f 664//1943 1633//1943 1634//1943
f 679//1944 664//1944 1634//1944
f 679//1945 1634//1945 1635//1945
f 691//1946 679//1946 1635//1946
f 691//1947 1635//1947 1636//1947
f 702//1948 691//1948 1636//1948
f 702//1949 1636//1949 1637//1949
f 713//1950 702//1950 1637//1950
f 713//1951 1637//1951 1638//1951
f 728//1952 713//1952 1638//1952
f 728//1953 1638//1953 1639//1953
f 745//1954 728//1954 1639//1954
f 745//1955 1639//1955 1640//1955
f 772//1956 745//1956 1640//1956
f 772//1957 1640//1957 1641//1957
f 785//1958 772//1958 1641//1958
f 785//1959 1641//1959 1642//1959
f 796//1960 785//1960 1642//1960
f 796//1961 1642//1961 1643//1961
f 804//1962 796//1962 1643//1962
f 804//1963 1643//1963 1644//1963
f 810//1964 1644//1964 1645//1964
f 810//1965 804//1965 1644//1965
f 894//1966 1645//1966 1646//1966
f 894//1967 810//1967 1645//1967
f 895//1968 1646//1968 1647//1968
f 895//1969 894//1969 1646//1969
f 896//1970 1647//1970 1648//1970
f 896//1971 895//1971 1647//1971
f 897//1972 1648//1972 1649//1972
f 897//1973 896//1973 1648//1973
f 915//1974 1649//1974 1650//1974
f 915//1975 897//1975 1649//1975
f 939//1976 1650//1976 1651//1976
f 939//1977 915//1977 1650//1977
f 959//1978 1651//1978 1652//1978
f 959//1979 939//1979 1651//1979
f 970//1980 1652//1980 1653//1980
f 970//1981 959//1981 1652//1981
f 975//1982 1653//1982 1654//1982
f 975//1983 970//1983 1653//1983
f 977//1984 1654//1984 1655//1984
f 977//1985 975//1985 1654//1985
f 1009//1986 1655//1986 1656//1986
f 1009//1987 977//1987 1655//1987
f 996//1988 1656//1988 1657//1988
f 996//1989 1009//1989 1656//1989
f 985//1990 996//1990 1657//1990
f 985//1991 1657//1991 1658//1991
f 992//1992 985//1992 1658//1992
f 992//1993 1658//1993 1659//1993
f 1019//1994 992//1994 1659//1994
f 1019//1995 1659//1995 1660//1995
f 1048//1996 1019//1996 1660//1996
f 1048//1997 1660//1997 1661//1997
f 1062//1998 1661//1998 1662//1998
f 1062//1999 1048//1999 1661//1999
f 1074//2000 1662//2000 1663//2000
f 1074//2001 1062//2001 1662//2001
f 1084//2002 1663//2002 1664//2002
f 1084//2003 1074//2003 1663//2003
f 1092//2004 1664//2004 1665//2004
f 1092//2005 1084//2005 1664//2005
f 1098//2006 1665//2006 1666//2006
f 1098//2007 1092//2007 1665//2007
f 1345//2008 1666//2008 1667//2008
f 1345//2009 1098//2009 1666//2009
f 1351//2010 1667//2010 1668//2010
f 1351//2011 1345//2011 1667//2011
f 1363//2012 1668//2012 1669//2012
f 1363//2013 1351//2013 1668//2013
f 1371//2014 1669//2014 1670//2014
f 1371//2015 1363//2015 1669//2015
f 1297//2016 1670//2016 1545//2016
f 1297//2017 1371//2017 1670//2017
f 1671//2018 1672//2018 1498//2018
f 1498//2019 1672//2019 1513//2019
f 1513//2020 1673//2020 1515//2020
f 1672//2021 1673//2021 1513//2021
f 1515//2022 1674//2022 1517//2022
f 1673//2023 1674//2023 1515//2023
f 1517//2024 1675//2024 1519//2024
f 1674//2025 1675//2025 1517//2025
f 1519//2026 1676//2026 1521//2026
f 1675//2027 1676//2027 1519//2027
f 1521//2028 1677//2028 1523//2028
f 1676//2029 1677//2029 1521//2029
f 1523//2030 1678//2030 1525//2030
f 1677//2031 1678//2031 1523//2031
f 1525//2032 1679//2032 1527//2032
f 1678//2033 1679//2033 1525//2033
f 1527//2034 1680//2034 1529//2034
f 1679//2035 1680//2035 1527//2035
f 1529//2036 1681//2036 1531//2036
f 1680//2037 1681//2037 1529//2037
f 1681//2038 1682//2038 1531//2038
f 1531//2039 1682//2039 1533//2039
f 1682//2040 1683//2040 1533//2040
f 1533//2041 1683//2041 1535//2041
f 1683//2042 1684//2042 1535//2042
f 1535//2043 1684//2043 1537//2043
f 1537//2044 1684//2044 1539//2044
f 1684//2045 1685//2045 1539//2045
f 1539//2046 1685//2046 1541//2046
f 1685//2047 1686//2047 1541//2047
f 1686//2048 1687//2048 1541//2048
f 1541//2049 1687//2049 1542//2049
f 1542//2050 1687//2050 1540//2050
f 1687//2051 1688//2051 1540//2051
f 1540//2052 1689//2052 1538//2052
f 1688//2053 1689//2053 1540//2053
f 1538//2054 1690//2054 1536//2054
f 1689//2055 1690//2055 1538//2055
f 1536//2056 1691//2056 1534//2056
f 1690//2057 1691//2057 1536//2057
f 1534//2058 1692//2058 1532//2058
f 1691//2059 1692//2059 1534//2059
f 1532//2060 1693//2060 1530//2060
f 1692//2061 1693//2061 1532//2061
f 1530//2062 1694//2062 1528//2062
f 1693//2063 1694//2063 1530//2063
f 1528//2064 1695//2064 1526//2064
f 1694//2065 1695//2065 1528//2065
f 1526//2066 1696//2066 1524//2066
f 1695//2067 1696//2067 1526//2067
f 1524//2068 1697//2068 1522//2068
f 1696//2069 1697//2069 1524//2069
f 1522//2070 1698//2070 1520//2070
f 1697//2071 1698//2071 1522//2071
f 1520//2072 1699//2072 1518//2072
f 1698//2073 1699//2073 1520//2073
f 1518//2074 1700//2074 1516//2074
f 1699//2075 1700//2075 1518//2075
f 1516//2076 1701//2076 1514//2076
f 1700//2077 1701//2077 1516//2077
f 1514//2078 1702//2078 1499//2078
f 1701//2079 1702//2079 1514//2079
f 1499//2080 1703//2080 1500//2080
f 1702//2081 1703//2081 1499//2081
f 1500//2082 1704//2082 1501//2082
f 1501//2083 1704//2083 1502//2083
f 1703//2084 1704//2084 1500//2084
f 1704//2085 1705//2085 1502//2085
f 1502//2086 1706//2086 1503//2086
f 1705//2087 1706//2087 1502//2087
f 1503//2088 1707//2088 1504//2088
f 1706//2089 1707//2089 1503//2089
f 1504//2090 1708//2090 1505//2090
f 1707//2091 1708//2091 1504//2091
f 1708//2092 1709//2092 1505//2092
f 1505//2093 1709//2093 1506//2093
f 1506//2094 1709//2094 1507//2094
f 1709//2095 1710//2095 1507//2095
f 1710//2096 1711//2096 1507//2096
f 1507//2097 1711//2097 1508//2097
f 1711//2098 1712//2098 1508//2098
f 1508//2099 1712//2099 1509//2099
f 1712//2100 1713//2100 1509//2100
f 1509//2101 1713//2101 1510//2101
f 1713//2102 1714//2102 1510//2102
f 1510//2103 1714//2103 1511//2103
f 1714//2104 1715//2104 1511//2104
f 1511//2105 1715//2105 1512//2105
f 1715//2106 1716//2106 1512//2106
f 1512//2107 1716//2107 1484//2107
f 1716//2108 1717//2108 1484//2108
f 1484//2109 1717//2109 1482//2109
f 1717//2110 1718//2110 1482//2110
f 1482//2111 1718//2111 1477//2111
f 1477//2112 1719//2112 1466//2112
f 1718//2113 1719//2113 1477//2113
f 1466//2114 1720//2114 1454//2114
f 1719//2115 1720//2115 1466//2115
f 1454//2116 1721//2116 1451//2116
f 1720//2117 1721//2117 1454//2117
f 1451//2118 1722//2118 1439//2118
f 1721//2119 1722//2119 1451//2119
f 1439//2120 1723//2120 1436//2120
f 1436//2121 1723//2121 1423//2121
f 1722//2122 1723//2122 1439//2122
f 1723//2123 1724//2123 1423//2123
f 1423//2124 1725//2124 1420//2124
f 1724//2125 1725//2125 1423//2125
f 1420//2126 1726//2126 1409//2126
f 1725//2127 1726//2127 1420//2127
f 1409//2128 1727//2128 1407//2128
f 1726//2129 1727//2129 1409//2129
f 1407//2130 1728//2130 1404//2130
f 1727//2131 1728//2131 1407//2131
f 1404//2132 1729//2132 1394//2132
f 1728//2133 1729//2133 1404//2133
f 1394//2134 1730//2134 1392//2134
f 1729//2135 1730//2135 1394//2135
f 1392//2136 1731//2136 1389//2136
f 1730//2137 1731//2137 1392//2137
f 1389//2138 1732//2138 1384//2138
f 1731//2139 1732//2139 1389//2139
f 1732//2140 1733//2140 1384//2140
f 1384//2141 1733//2141 1382//2141
f 1733//2142 1734//2142 1382//2142
f 1382//2143 1734//2143 1380//2143
f 1734//2144 1735//2144 1380//2144
f 1380//2145 1735//2145 1377//2145
f 1735//2146 1736//2146 1377//2146
f 1377//2147 1736//2147 1375//2147
f 1736//2148 1737//2148 1375//2148
f 1375//2149 1737//2149 1373//2149
f 1737//2150 1738//2150 1373//2150
f 1373//2151 1738//2151 1370//2151
f 1738//2152 1739//2152 1370//2152
f 1370//2153 1739//2153 1368//2153
f 1739//2154 1740//2154 1368//2154
f 1368//2155 1740//2155 1366//2155
f 1740//2156 1741//2156 1366//2156
f 1366//2157 1741//2157 1362//2157
f 1741//2158 1742//2158 1362//2158
f 1362//2159 1742//2159 1359//2159
f 1742//2160 1743//2160 1359//2160
f 1359//2161 1743//2161 1356//2161
f 1743//2162 1744//2162 1356//2162
f 1356//2163 1744//2163 1350//2163
f 1744//2164 1745//2164 1350//2164
f 1350//2165 1745//2165 1347//2165
f 1745//2166 1746//2166 1347//2166
f 1347//2167 1746//2167 1344//2167
f 1746//2168 1747//2168 1344//2168
f 1344//2169 1747//2169 1342//2169
f 1747//2170 1748//2170 1342//2170
f 1342//2171 1748//2171 1339//2171
f 1748//2172 1749//2172 1339//2172
f 1339//2173 1749//2173 1335//2173
f 1749//2174 1750//2174 1335//2174
f 1335//2175 1750//2175 1331//2175
f 1750//2176 1751//2176 1331//2176
f 1331//2177 1751//2177 1337//2177
f 1751//2178 1752//2178 1337//2178
f 1337//2179 1752//2179 1340//2179
f 1752//2180 1753//2180 1340//2180
f 1340//2181 1753//2181 1343//2181
f 1343//2182 1754//2182 1346//2182
f 1753//2183 1754//2183 1343//2183
f 1346//2184 1755//2184 1349//2184
f 1754//2185 1755//2185 1346//2185
f 1349//2186 1756//2186 1355//2186
f 1755//2187 1756//2187 1349//2187
f 1355//2188 1757//2188 1357//2188
f 1756//2189 1757//2189 1355//2189
f 1357//2190 1758//2190 1360//2190
f 1757//2191 1758//2191 1357//2191
f 1758//2192 1759//2192 1360//2192
f 1360//2193 1759//2193 1365//2193
f 1759//2194 1760//2194 1365//2194
f 1365//2195 1760//2195 1367//2195
f 1760//2196 1761//2196 1367//2196
f 1367//2197 1761//2197 1369//2197
f 1761//2198 1762//2198 1369//2198
f 1369//2199 1762//2199 1372//2199
f 1762//2200 1763//2200 1372//2200
f 1372//2201 1763//2201 1374//2201
f 1763//2202 1764//2202 1374//2202
f 1374//2203 1764//2203 1376//2203
f 1764//2204 1765//2204 1376//2204
f 1376//2205 1765//2205 1379//2205
f 1765//2206 1766//2206 1379//2206
f 1379//2207 1766//2207 1381//2207
f 1766//2208 1767//2208 1381//2208
f 1381//2209 1767//2209 1383//2209
f 1767//2210 1768//2210 1383//2210
f 1383//2211 1768//2211 1388//2211
f 1768//2212 1769//2212 1388//2212
f 1388//2213 1769//2213 1390//2213
f 1769//2214 1770//2214 1390//2214
f 1390//2215 1770//2215 1393//2215
f 1393//2216 1771//2216 1395//2216
f 1770//2217 1771//2217 1393//2217
f 1395//2218 1772//2218 1405//2218
f 1771//2219 1772//2219 1395//2219
f 1405//2220 1773//2220 1408//2220
f 1772//2221 1773//2221 1405//2221
f 1408//2222 1774//2222 1410//2222
f 1773//2223 1774//2223 1408//2223
f 1410//2224 1775//2224 1422//2224
f 1774//2225 1775//2225 1410//2225
f 1422//2226 1776//2226 1424//2226
f 1775//2227 1776//2227 1422//2227
f 1424//2228 1777//2228 1438//2228
f 1776//2229 1777//2229 1424//2229
f 1438//2230 1778//2230 1440//2230
f 1777//2231 1778//2231 1438//2231
f 1440//2232 1779//2232 1453//2232
f 1778//2233 1779//2233 1440//2233
f 1453//2234 1780//2234 1464//2234
f 1779//2235 1780//2235 1453//2235
f 1464//2236 1781//2236 1475//2236
f 1780//2237 1781//2237 1464//2237
f 1475//2238 1782//2238 1480//2238
f 1781//2239 1782//2239 1475//2239
f 1480//2240 1783//2240 1483//2240
f 1782//2241 1783//2241 1480//2241
f 1783//2242 1784//2242 1483//2242
f 1483//2243 1784//2243 1485//2243
f 1784//2244 1785//2244 1485//2244
f 1485//2245 1785//2245 1486//2245
f 1785//2246 1786//2246 1486//2246
f 1486//2247 1786//2247 1487//2247
f 1786//2248 1787//2248 1487//2248
f 1487//2249 1787//2249 1488//2249
f 1488//2250 1788//2250 1489//2250
f 1787//2251 1788//2251 1488//2251
f 1489//2252 1789//2252 1490//2252
f 1788//2253 1789//2253 1489//2253
f 1490//2254 1790//2254 1491//2254
f 1789//2255 1790//2255 1490//2255
f 1491//2256 1791//2256 1492//2256
f 1790//2257 1791//2257 1491//2257
f 1492//2258 1792//2258 1493//2258
f 1791//2259 1792//2259 1492//2259
f 1493//2260 1793//2260 1494//2260
f 1792//2261 1793//2261 1493//2261
f 1494//2262 1794//2262 1495//2262
f 1793//2263 1794//2263 1494//2263
f 1495//2264 1795//2264 1496//2264
f 1794//2265 1795//2265 1495//2265
f 1496//2266 1796//2266 1497//2266
f 1795//2267 1796//2267 1496//2267
f 1497//2268 1671//2268 1498//2268
f 1796//2269 1671//2269 1497//2269
f 1412//2270 1411//2270 1797//2270
f 1412//2271 1797//2271 1798//2271
f 1425//2272 1798//2272 1799//2272
f 1425//2273 1412//2273 1798//2273
f 1426//2274 1799//2274 1800//2274
f 1426//2275 1425//2275 1799//2275
f 1427//2276 1800//2276 1801//2276
f 1427//2277 1426//2277 1800//2277
f 1428//2278 1801//2278 1802//2278
f 1428//2279 1427//2279 1801//2279
f 1429//2280 1802//2280 1803//2280
f 1429//2281 1803//2281 1804//2281
f 1429//2282 1428//2282 1802//2282
f 1430//2283 1429//2283 1804//2283
f 1431//2284 1804//2284 1805//2284
f 1431//2285 1430//2285 1804//2285
f 1432//2286 1805//2286 1806//2286
f 1432//2287 1431//2287 1805//2287
f 1433//2288 1806//2288 1807//2288
f 1433//2289 1432//2289 1806//2289
f 1434//2290 1433//2290 1807//2290
f 1434//2291 1807//2291 1808//2291
f 1435//2292 1434//2292 1808//2292
f 1435//2293 1808//2293 1809//2293
f 1441//2294 1435//2294 1809//2294
f 1441//2295 1809//2295 1810//2295
f 1442//2296 1441//2296 1810//2296
f 1442//2297 1810//2297 1811//2297
f 1443//2298 1811//2298 1812//2298
f 1443//2299 1442//2299 1811//2299
f 1444//2300 1812//2300 1813//2300
f 1444//2301 1443//2301 1812//2301
f 1445//2302 1813//2302 1814//2302
f 1445//2303 1444//2303 1813//2303
f 1446//2304 1814//2304 1815//2304
f 1446//2305 1445//2305 1814//2305
f 1447//2306 1815//2306 1816//2306
f 1447//2307 1816//2307 1817//2307
f 1447//2308 1446//2308 1815//2308
f 1448//2309 1817//2309 1818//2309
f 1448//2310 1447//2310 1817//2310
f 1449//2311 1448//2311 1818//2311
f 1450//2312 1818//2312 1819//2312
f 1450//2313 1449//2313 1818//2313
f 1455//2314 1819//2314 1820//2314
f 1455//2315 1450//2315 1819//2315
f 1456//2316 1820//2316 1821//2316
f 1456//2317 1455//2317 1820//2317
f 1457//2318 1821//2318 1822//2318
f 1457//2319 1456//2319 1821//2319
f 1458//2320 1822//2320 1823//2320
f 1458//2321 1457//2321 1822//2321
f 1459//2322 1823//2322 1824//2322
f 1459//2323 1458//2323 1823//2323
f 1460//2324 1824//2324 1825//2324
f 1460//2325 1459//2325 1824//2325
f 1461//2326 1825//2326 1826//2326
f 1461//2327 1460//2327 1825//2327
f 1462//2328 1826//2328 1827//2328
f 1462//2329 1461//2329 1826//2329
f 1463//2330 1827//2330 1828//2330
f 1463//2331 1462//2331 1827//2331
f 1467//2332 1828//2332 1829//2332
f 1467//2333 1829//2333 1830//2333
f 1467//2334 1463//2334 1828//2334
f 1468//2335 1467//2335 1830//2335
f 1469//2336 1830//2336 1831//2336
f 1469//2337 1468//2337 1830//2337
f 1470//2338 1831//2338 1832//2338
f 1470//2339 1469//2339 1831//2339
f 1471//2340 1832//2340 1833//2340
f 1471//2341 1470//2341 1832//2341
f 1472//2342 1833//2342 1834//2342
f 1472//2343 1471//2343 1833//2343
f 1473//2344 1472//2344 1834//2344
f 1473//2345 1834//2345 1835//2345
f 1474//2346 1473//2346 1835//2346
f 1474//2347 1835//2347 1836//2347
f 1361//2348 1474//2348 1836//2348
f 1361//2349 1836//2349 1837//2349
f 1358//2350 1361//2350 1837//2350
f 1358//2351 1837//2351 1838//2351
f 1358//2352 1838//2352 1839//2352
f 1353//2353 1358//2353 1839//2353
f 1348//2354 1353//2354 1839//2354
f 1348//2355 1839//2355 1840//2355
f 1341//2356 1348//2356 1840//2356
f 1341//2357 1840//2357 1841//2357
f 1330//2358 1341//2358 1841//2358
f 1330//2359 1841//2359 1842//2359
f 1329//2360 1330//2360 1842//2360
f 1329//2361 1842//2361 1843//2361
f 1328//2362 1329//2362 1843//2362
f 1328//2363 1843//2363 1844//2363
f 1310//2364 1844//2364 1845//2364
f 1310//2365 1328//2365 1844//2365
f 1308//2366 1845//2366 1846//2366
f 1308//2367 1310//2367 1845//2367
f 1307//2368 1846//2368 1847//2368
f 1307//2369 1308//2369 1846//2369
f 1304//2370 1847//2370 1848//2370
f 1304//2371 1307//2371 1847//2371
f 1296//2372 1848//2372 1849//2372
f 1296//2373 1304//2373 1848//2373
f 1293//2374 1849//2374 1850//2374
f 1293//2375 1296//2375 1849//2375
f 1291//2376 1850//2376 1851//2376
f 1291//2377 1293//2377 1850//2377
f 1289//2378 1851//2378 1852//2378
f 1289//2379 1291//2379 1851//2379
f 1287//2380 1852//2380 1853//2380
f 1287//2381 1289//2381 1852//2381
f 1285//2382 1853//2382 1854//2382
f 1285//2383 1287//2383 1853//2383
f 1283//2384 1854//2384 1855//2384
f 1283//2385 1285//2385 1854//2385
f 1281//2386 1855//2386 1856//2386
f 1281//2387 1283//2387 1855//2387
f 1278//2388 1856//2388 1857//2388
f 1278//2389 1281//2389 1856//2389
f 1276//2390 1857//2390 1858//2390
f 1276//2391 1278//2391 1857//2391
f 1272//2392 1276//2392 1858//2392
f 1272//2393 1858//2393 1859//2393
f 1270//2394 1272//2394 1859//2394
f 1270//2395 1859//2395 1860//2395
f 1268//2396 1270//2396 1860//2396
f 1268//2397 1860//2397 1861//2397
f 1266//2398 1268//2398 1861//2398
f 1266//2399 1861//2399 1862//2399
f 1264//2400 1266//2400 1862//2400
f 1264//2401 1862//2401 1863//2401
f 1262//2402 1264//2402 1863//2402
f 1262//2403 1863//2403 1864//2403
f 1260//2404 1262//2404 1864//2404
f 1260//2405 1864//2405 1865//2405
f 1258//2406 1260//2406 1865//2406
f 1258//2407 1865//2407 1866//2407
f 1256//2408 1258//2408 1866//2408
f 1256//2409 1866//2409 1867//2409
f 1254//2410 1256//2410 1867//2410
f 1254//2411 1867//2411 1868//2411
f 1252//2412 1254//2412 1868//2412
f 1252//2413 1868//2413 1869//2413
f 1249//2414 1252//2414 1869//2414
f 1249//2415 1869//2415 1870//2415
f 1249//2416 1870//2416 1871//2416
f 1246//2417 1249//2417 1871//2417
f 1244//2418 1246//2418 1871//2418
f 1244//2419 1871//2419 1872//2419
f 1242//2420 1244//2420 1872//2420
f 1242//2421 1872//2421 1873//2421
f 1240//2422 1242//2422 1873//2422
f 1240//2423 1873//2423 1874//2423
f 1236//2424 1240//2424 1874//2424
f 1236//2425 1874//2425 1875//2425
f 1237//2426 1236//2426 1875//2426
f 1237//2427 1875//2427 1876//2427
f 1239//2428 1237//2428 1876//2428
f 1239//2429 1876//2429 1877//2429
f 1241//2430 1239//2430 1877//2430
f 1241//2431 1877//2431 1878//2431
f 1243//2432 1241//2432 1878//2432
f 1243//2433 1878//2433 1879//2433
f 1245//2434 1879//2434 1880//2434
f 1245//2435 1243//2435 1879//2435
f 1248//2436 1880//2436 1881//2436
f 1248//2437 1245//2437 1880//2437
f 1250//2438 1881//2438 1882//2438
f 1250//2439 1248//2439 1881//2439
f 1253//2440 1882//2440 1883//2440
f 1253//2441 1250//2441 1882//2441
f 1255//2442 1883//2442 1884//2442
f 1255//2443 1253//2443 1883//2443
f 1257//2444 1255//2444 1884//2444
f 1257//2445 1884//2445 1885//2445
f 1259//2446 1257//2446 1885//2446
f 1259//2447 1885//2447 1886//2447
f 1261//2448 1259//2448 1886//2448
f 1261//2449 1886//2449 1887//2449
f 1263//2450 1261//2450 1887//2450
f 1263//2451 1887//2451 1888//2451
f 1265//2452 1263//2452 1888//2452
f 1265//2453 1888//2453 1889//2453
f 1267//2454 1265//2454 1889//2454
f 1267//2455 1889//2455 1890//2455
f 1269//2456 1267//2456 1890//2456
f 1269//2457 1890//2457 1891//2457
f 1271//2458 1269//2458 1891//2458
f 1271//2459 1891//2459 1892//2459
f 1274//2460 1271//2460 1892//2460
f 1274//2461 1892//2461 1893//2461
f 1277//2462 1274//2462 1893//2462
f 1277//2463 1893//2463 1894//2463
f 1280//2464 1277//2464 1894//2464
f 1280//2465 1894//2465 1895//2465
f 1282//2466 1280//2466 1895//2466
f 1282//2467 1895//2467 1896//2467
f 1284//2468 1896//2468 1897//2468
f 1284//2469 1282//2469 1896//2469
f 1286//2470 1897//2470 1898//2470
f 1286//2471 1284//2471 1897//2471
f 1288//2472 1898//2472 1899//2472
f 1288//2473 1286//2473 1898//2473
f 1290//2474 1899//2474 1900//2474
f 1290//2475 1288//2475 1899//2475
f 1292//2476 1900//2476 1901//2476
f 1292//2477 1290//2477 1900//2477
f 1294//2478 1901//2478 1902//2478
f 1294//2479 1292//2479 1901//2479
f 1303//2480 1902//2480 1903//2480
f 1303//2481 1294//2481 1902//2481
f 1306//2482 1903//2482 1904//2482
f 1306//2483 1303//2483 1903//2483
f 1385//2484 1904//2484 1905//2484
f 1385//2485 1306//2485 1904//2485
f 1386//2486 1905//2486 1906//2486
f 1386//2487 1385//2487 1905//2487
f 1387//2488 1906//2488 1907//2488
f 1387//2489 1386//2489 1906//2489
f 1396//2490 1907//2490 1908//2490
f 1396//2491 1387//2491 1907//2491
f 1397//2492 1908//2492 1909//2492
f 1397//2493 1396//2493 1908//2493
f 1398//2494 1397//2494 1909//2494
f 1398//2495 1909//2495 1910//2495
f 1399//2496 1398//2496 1910//2496
f 1399//2497 1910//2497 1911//2497
f 1400//2498 1399//2498 1911//2498
f 1400//2499 1911//2499 1912//2499
f 1401//2500 1400//2500 1912//2500
f 1401//2501 1912//2501 1913//2501
f 1402//2502 1913//2502 1914//2502
f 1402//2503 1401//2503 1913//2503
f 1403//2504 1914//2504 1915//2504
f 1403//2505 1402//2505 1914//2505
f 1413//2506 1915//2506 1916//2506
f 1413//2507 1403//2507 1915//2507
f 1414//2508 1916//2508 1917//2508
f 1414//2509 1413//2509 1916//2509
f 1415//2510 1917//2510 1918//2510
f 1415//2511 1414//2511 1917//2511
f 1416//2512 1918//2512 1919//2512
f 1416//2513 1415//2513 1918//2513
f 1417//2514 1919//2514 1920//2514
f 1417//2515 1416//2515 1919//2515
f 1418//2516 1920//2516 1921//2516
f 1418//2517 1417//2517 1920//2517
f 1419//2518 1921//2518 1922//2518
f 1419//2519 1418//2519 1921//2519
f 1411//2520 1922//2520 1797//2520
f 1411//2521 1419//2521 1922//2521
f 928//2522 927//2522 1923//2522
f 928//2523 1923//2523 1924//2523
f 941//2524 1924//2524 1925//2524
f 941//2525 928//2525 1924//2525
f 942//2526 1925//2526 1926//2526
f 942//2527 941//2527 1925//2527
f 943//2528 1926//2528 1927//2528
f 943//2529 942//2529 1926//2529
f 944//2530 1927//2530 1928//2530
f 944//2531 943//2531 1927//2531
f 945//2532 1928//2532 1929//2532
f 945//2533 1929//2533 1930//2533
f 945//2534 944//2534 1928//2534
f 946//2535 945//2535 1930//2535
f 947//2536 1930//2536 1931//2536
f 947//2537 946//2537 1930//2537
f 948//2538 1931//2538 1932//2538
f 948//2539 947//2539 1931//2539
f 949//2540 1932//2540 1933//2540
f 949//2541 948//2541 1932//2541
f 950//2542 949//2542 1933//2542
f 950//2543 1933//2543 1934//2543
f 951//2544 950//2544 1934//2544
f 951//2545 1934//2545 1935//2545
f 961//2546 951//2546 1935//2546
f 961//2547 1935//2547 1936//2547
f 962//2548 961//2548 1936//2548
f 962//2549 1936//2549 1937//2549
f 963//2550 1937//2550 1938//2550
f 963//2551 962//2551 1937//2551
f 964//2552 1938//2552 1939//2552
f 964//2553 963//2553 1938//2553
f 965//2554 1939//2554 1940//2554
f 965//2555 964//2555 1939//2555
f 966//2556 1940//2556 1941//2556
f 966//2557 965//2557 1940//2557
f 967//2558 1941//2558 1942//2558
f 967//2559 1942//2559 1943//2559
f 967//2560 966//2560 1941//2560
f 968//2561 1943//2561 1944//2561
f 968//2562 967//2562 1943//2562
f 969//2563 968//2563 1944//2563
f 974//2564 1944//2564 1945//2564
f 974//2565 969//2565 1944//2565
f 971//2566 1945//2566 1946//2566
f 971//2567 974//2567 1945//2567
f 972//2568 1946//2568 1947//2568
f 972//2569 971//2569 1946//2569
f 952//2570 1947//2570 1948//2570
f 952//2571 972//2571 1947//2571
f 953//2572 1948//2572 1949//2572
f 953//2573 952//2573 1948//2573
f 954//2574 1949//2574 1950//2574
f 954//2575 953//2575 1949//2575
f 955//2576 1950//2576 1951//2576
f 955//2577 954//2577 1950//2577
f 956//2578 1951//2578 1952//2578
f 956//2579 955//2579 1951//2579
f 957//2580 1952//2580 1953//2580
f 957//2581 956//2581 1952//2581
f 958//2582 1953//2582 1954//2582
f 958//2583 957//2583 1953//2583
f 929//2584 1954//2584 1955//2584
f 929//2585 1955//2585 1956//2585
f 929//2586 958//2586 1954//2586
f 930//2587 929//2587 1956//2587
f 931//2588 1956//2588 1957//2588
f 931//2589 930//2589 1956//2589
f 932//2590 1957//2590 1958//2590
f 932//2591 931//2591 1957//2591
f 933//2592 1958//2592 1959//2592
f 933//2593 932//2593 1958//2593
f 934//2594 1959//2594 1960//2594
f 934//2595 933//2595 1959//2595
f 935//2596 934//2596 1960//2596
f 935//2597 1960//2597 1961//2597
f 936//2598 935//2598 1961//2598
f 936//2599 1961//2599 1962//2599
f 937//2600 936//2600 1962//2600
f 937//2601 1962//2601 1963//2601
f 938//2602 937//2602 1963//2602
f 938//2603 1963//2603 1964//2603
f 938//2604 1964//2604 1965//2604
f 914//2605 938//2605 1965//2605
f 912//2606 914//2606 1965//2606
f 912//2607 1965//2607 1966//2607
f 910//2608 912//2608 1966//2608
f 910//2609 1966//2609 1967//2609
f 893//2610 910//2610 1967//2610
f 893//2611 1967//2611 1968//2611
f 891//2612 893//2612 1968//2612
f 891//2613 1968//2613 1969//2613
f 889//2614 891//2614 1969//2614
f 889//2615 1969//2615 1970//2615
f 887//2616 1970//2616 1971//2616
f 887//2617 889//2617 1970//2617
f 873//2618 1971//2618 1972//2618
f 873//2619 887//2619 1971//2619
f 871//2620 1972//2620 1973//2620
f 871//2621 873//2621 1972//2621
f 872//2622 1973//2622 1974//2622
f 872//2623 871//2623 1973//2623
f 870//2624 1974//2624 1975//2624
f 870//2625 872//2625 1974//2625
f 869//2626 1975//2626 1976//2626
f 869//2627 870//2627 1975//2627
f 867//2628 1976//2628 1977//2628
f 867//2629 869//2629 1976//2629
f 865//2630 1977//2630 1978//2630
f 865//2631 867//2631 1977//2631
f 863//2632 1978//2632 1979//2632
f 863//2633 865//2633 1978//2633
f 861//2634 1979//2634 1980//2634
f 861//2635 863//2635 1979//2635
f 859//2636 1980//2636 1981//2636
f 859//2637 861//2637 1980//2637
f 857//2638 1981//2638 1982//2638
f 857//2639 859//2639 1981//2639
f 855//2640 1982//2640 1983//2640
f 855//2641 857//2641 1982//2641
f 853//2642 1983//2642 1984//2642
f 853//2643 855//2643 1983//2643
f 851//2644 853//2644 1984//2644
f 851//2645 1984//2645 1985//2645
f 849//2646 851//2646 1985//2646
f 849//2647 1985//2647 1986//2647
f 847//2648 849//2648 1986//2648
f 847//2649 1986//2649 1987//2649
f 844//2650 847//2650 1987//2650
f 844//2651 1987//2651 1988//2651
f 842//2652 844//2652 1988//2652
f 842//2653 1988//2653 1989//2653
f 840//2654 842//2654 1989//2654
f 840//2655 1989//2655 1990//2655
f 838//2656 840//2656 1990//2656
f 838//2657 1990//2657 1991//2657
f 836//2658 838//2658 1991//2658
f 836//2659 1991//2659 1992//2659
f 834//2660 836//2660 1992//2660
f 834//2661 1992//2661 1993//2661
f 832//2662 834//2662 1993//2662
f 832//2663 1993//2663 1994//2663
f 830//2664 832//2664 1994//2664
f 830//2665 1994//2665 1995//2665
f 828//2666 830//2666 1995//2666
f 828//2667 1995//2667 1996//2667
f 828//2668 1996//2668 1997//2668
f 825//2669 828//2669 1997//2669
f 823//2670 825//2670 1997//2670
f 823//2671 1997//2671 1998//2671
f 821//2672 823//2672 1998//2672
f 821//2673 1998//2673 1999//2673
f 819//2674 821//2674 1999//2674
f 819//2675 1999//2675 2000//2675
f 816//2676 819//2676 2000//2676
f 816//2677 2000//2677 2001//2677
f 817//2678 816//2678 2001//2678
f 817//2679 2001//2679 2002//2679
f 818//2680 817//2680 2002//2680
f 818//2681 2002//2681 2003//2681
f 820//2682 818//2682 2003//2682
f 820//2683 2003//2683 2004//2683
f 822//2684 820//2684 2004//2684
f 822//2685 2004//2685 2005//2685
f 824//2686 2005//2686 2006//2686
f 824//2687 822//2687 2005//2687
f 826//2688 2006//2688 2007//2688
f 826//2689 824//2689 2006//2689
f 829//2690 2007//2690 2008//2690
f 829//2691 826//2691 2007//2691
f 831//2692 2008//2692 2009//2692
f 831//2693 829//2693 2008//2693
f 833//2694 2009//2694 2010//2694
f 833//2695 831//2695 2009//2695
f 835//2696 833//2696 2010//2696
f 835//2697 2010//2697 2011//2697
f 837//2698 835//2698 2011//2698
f 837//2699 2011//2699 2012//2699
f 839//2700 837//2700 2012//2700
f 839//2701 2012//2701 2013//2701
f 841//2702 839//2702 2013//2702
f 841//2703 2013//2703 2014//2703
f 843//2704 841//2704 2014//2704
f 843//2705 2014//2705 2015//2705
f 845//2706 843//2706 2015//2706
f 845//2707 2015//2707 2016//2707
f 848//2708 845//2708 2016//2708
f 848//2709 2016//2709 2017//2709
f 850//2710 848//2710 2017//2710
f 850//2711 2017//2711 2018//2711
f 852//2712 850//2712 2018//2712
f 852//2713 2018//2713 2019//2713
f 854//2714 852//2714 2019//2714
f 854//2715 2019//2715 2020//2715
f 856//2716 854//2716 2020//2716
f 856//2717 2020//2717 2021//2717
f 858//2718 856//2718 2021//2718
f 858//2719 2021//2719 2022//2719
f 860//2720 2022//2720 2023//2720
f 860//2721 858//2721 2022//2721
f 862//2722 2023//2722 2024//2722
f 862//2723 860//2723 2023//2723
f 864//2724 2024//2724 2025//2724
f 864//2725 862//2725 2024//2725
f 866//2726 2025//2726 2026//2726
f 866//2727 864//2727 2025//2727
f 868//2728 2026//2728 2027//2728
f 868//2729 866//2729 2026//2729
f 882//2730 2027//2730 2028//2730
f 882//2731 868//2731 2027//2731
f 883//2732 2028//2732 2029//2732
f 883//2733 882//2733 2028//2733
f 884//2734 2029//2734 2030//2734
f 884//2735 883//2735 2029//2735
f 885//2736 2030//2736 2031//2736
f 885//2737 884//2737 2030//2737
f 886//2738 2031//2738 2032//2738
f 886//2739 885//2739 2031//2739
f 888//2740 2032//2740 2033//2740
f 888//2741 886//2741 2032//2741
f 890//2742 2033//2742 2034//2742
f 890//2743 888//2743 2033//2743
f 892//2744 2034//2744 2035//2744
f 892//2745 890//2745 2034//2745
f 909//2746 892//2746 2035//2746
f 909//2747 2035//2747 2036//2747
f 911//2748 909//2748 2036//2748
f 911//2749 2036//2749 2037//2749
f 913//2750 911//2750 2037//2750
f 913//2751 2037//2751 2038//2751
f 920//2752 913//2752 2038//2752
f 920//2753 2038//2753 2039//2753
f 921//2754 2039//2754 2040//2754
f 921//2755 920//2755 2039//2755
f 922//2756 2040//2756 2041//2756
f 922//2757 921//2757 2040//2757
f 923//2758 2041//2758 2042//2758
f 923//2759 922//2759 2041//2759
f 924//2760 2042//2760 2043//2760
f 924//2761 923//2761 2042//2761
f 925//2762 2043//2762 2044//2762
f 925//2763 924//2763 2043//2763
f 926//2764 2044//2764 2045//2764
f 926//2765 925//2765 2044//2765
f 917//2766 2045//2766 2046//2766
f 917//2767 926//2767 2045//2767
f 918//2768 2046//2768 2047//2768
f 918//2769 917//2769 2046//2769
f 919//2770 2047//2770 2048//2770
f 919//2771 918//2771 2047//2771
f 927//2772 2048//2772 1923//2772
f 927//2773 919//2773 2048//2773
f 1312//2774 1311//2774 2049//2774
f 1312//2775 2049//2775 2050//2775
f 1313//2776 2050//2776 2051//2776
f 1313//2777 1312//2777 2050//2777
f 1314//2778 2051//2778 2052//2778
f 1314//2779 1313//2779 2051//2779
f 1315//2780 2052//2780 2053//2780
f 1315//2781 1314//2781 2052//2781
f 1338//2782 2053//2782 2054//2782
f 1338//2783 1315//2783 2053//2783
f 1332//2784 2054//2784 2055//2784
f 1332//2785 2055//2785 2056//2785
f 1332//2786 1338//2786 2054//2786
f 1333//2787 1332//2787 2056//2787
f 1334//2788 2056//2788 2057//2788
f 1334//2789 1333//2789 2056//2789
f 1336//2790 2057//2790 2058//2790
f 1336//2791 1334//2791 2057//2791
f 1099//2792 2058//2792 2059//2792
f 1099//2793 1336//2793 2058//2793
f 1093//2794 1099//2794 2059//2794
f 1093//2795 2059//2795 2060//2795
f 1094//2796 1093//2796 2060//2796
f 1094//2797 2060//2797 2061//2797
f 1095//2798 1094//2798 2061//2798
f 1095//2799 2061//2799 2062//2799
f 1096//2800 1095//2800 2062//2800
f 1096//2801 2062//2801 2063//2801
f 1085//2802 2063//2802 2064//2802
f 1085//2803 1096//2803 2063//2803
f 1086//2804 2064//2804 2065//2804
f 1086//2805 1085//2805 2064//2805
f 1087//2806 2065//2806 2066//2806
f 1087//2807 1086//2807 2065//2807
f 1088//2808 2066//2808 2067//2808
f 1088//2809 1087//2809 2066//2809
f 1089//2810 2067//2810 2068//2810
f 1089//2811 2068//2811 2069//2811
f 1089//2812 1088//2812 2067//2812
f 1090//2813 2069//2813 2070//2813
f 1090//2814 1089//2814 2069//2814
f 1075//2815 1090//2815 2070//2815
f 1076//2816 2070//2816 2071//2816
f 1076//2817 1075//2817 2070//2817
f 1077//2818 2071//2818 2072//2818
f 1077//2819 1076//2819 2071//2819
f 1078//2820 2072//2820 2073//2820
f 1078//2821 1077//2821 2072//2821
f 1079//2822 2073//2822 2074//2822
f 1079//2823 1078//2823 2073//2823
f 1080//2824 2074//2824 2075//2824
f 1080//2825 1079//2825 2074//2825
f 1081//2826 2075//2826 2076//2826
f 1081//2827 1080//2827 2075//2827
f 1082//2828 2076//2828 2077//2828
f 1082//2829 1081//2829 2076//2829
f 1083//2830 2077//2830 2078//2830
f 1083//2831 1082//2831 2077//2831
f 1073//2832 2078//2832 2079//2832
f 1073//2833 1083//2833 2078//2833
f 1063//2834 2079//2834 2080//2834
f 1063//2835 1073//2835 2079//2835
f 1064//2836 2080//2836 2081//2836
f 1064//2837 2081//2837 2082//2837
f 1064//2838 1063//2838 2080//2838
f 1065//2839 1064//2839 2082//2839
f 1066//2840 2082//2840 2083//2840
f 1066//2841 1065//2841 2082//2841
f 1067//2842 2083//2842 2084//2842
f 1067//2843 1066//2843 2083//2843
f 1068//2844 2084//2844 2085//2844
f 1068//2845 1067//2845 2084//2845
f 1069//2846 2085//2846 2086//2846
f 1069//2847 1068//2847 2085//2847
f 1070//2848 1069//2848 2086//2848
f 1070//2849 2086//2849 2087//2849
f 1071//2850 1070//2850 2087//2850
f 1071//2851 2087//2851 2088//2851
f 1072//2852 1071//2852 2088//2852
f 1072//2853 2088//2853 2089//2853
f 1060//2854 1072//2854 2089//2854
f 1060//2855 2089//2855 2090//2855
f 1060//2856 2090//2856 2091//2856
f 1059//2857 1060//2857 2091//2857
f 1058//2858 1059//2858 2091//2858
f 1058//2859 2091//2859 2092//2859
f 1057//2860 1058//2860 2092//2860
f 1057//2861 2092//2861 2093//2861
f 1056//2862 1057//2862 2093//2862
f 1056//2863 2093//2863 2094//2863
f 1055//2864 1056//2864 2094//2864
f 1055//2865 2094//2865 2095//2865
f 1049//2866 1055//2866 2095//2866
f 1049//2867 2095//2867 2096//2867
f 1050//2868 2096//2868 2097//2868
f 1050//2869 1049//2869 2096//2869
f 1051//2870 2097//2870 2098//2870
f 1051//2871 1050//2871 2097//2871
f 1052//2872 2098//2872 2099//2872
f 1052//2873 1051//2873 2098//2873
f 1053//2874 2099//2874 2100//2874
f 1053//2875 1052//2875 2099//2875
f 1054//2876 2100//2876 2101//2876
f 1054//2877 1053//2877 2100//2877
f 1040//2878 2101//2878 2102//2878
f 1040//2879 1054//2879 2101//2879
f 1037//2880 2102//2880 2103//2880
f 1037//2881 1040//2881 2102//2881
f 1035//2882 2103//2882 2104//2882
f 1035//2883 1037//2883 2103//2883
f 1033//2884 2104//2884 2105//2884
f 1033//2885 1035//2885 2104//2885
f 1031//2886 2105//2886 2106//2886
f 1031//2887 1033//2887 2105//2887
f 1029//2888 2106//2888 2107//2888
f 1029//2889 1031//2889 2106//2889
f 1027//2890 2107//2890 2108//2890
f 1027//2891 1029//2891 2107//2891
f 1025//2892 2108//2892 2109//2892
f 1025//2893 1027//2893 2108//2893
f 1023//2894 2109//2894 2110//2894
f 1023//2895 1025//2895 2109//2895
f 1021//2896 1023//2896 2110//2896
f 1021//2897 2110//2897 2111//2897
f 1020//2898 1021//2898 2111//2898
f 1020//2899 2111//2899 2112//2899
f 1016//2900 1020//2900 2112//2900
f 1016//2901 2112//2901 2113//2901
f 1014//2902 1016//2902 2113//2902
f 1014//2903 2113//2903 2114//2903
f 1012//2904 1014//2904 2114//2904
f 1012//2905 2114//2905 2115//2905
f 1010//2906 1012//2906 2115//2906
f 1010//2907 2115//2907 2116//2907
f 1007//2908 1010//2908 2116//2908
f 1007//2909 2116//2909 2117//2909
f 1005//2910 1007//2910 2117//2910
f 1005//2911 2117//2911 2118//2911
f 1003//2912 1005//2912 2118//2912
f 1003//2913 2118//2913 2119//2913
f 1001//2914 1003//2914 2119//2914
f 1001//2915 2119//2915 2120//2915
f 999//2916 1001//2916 2120//2916
f 999//2917 2120//2917 2121//2917
f 997//2918 999//2918 2121//2918
f 997//2919 2121//2919 2122//2919
f 997//2920 2122//2920 2123//2920
f 994//2921 997//2921 2123//2921
f 991//2922 994//2922 2123//2922
f 991//2923 2123//2923 2124//2923
f 989//2924 991//2924 2124//2924
f 989//2925 2124//2925 2125//2925
f 987//2926 989//2926 2125//2926
f 987//2927 2125//2927 2126//2927
f 983//2928 987//2928 2126//2928
f 983//2929 2126//2929 2127//2929
f 984//2930 983//2930 2127//2930
f 984//2931 2127//2931 2128//2931
f 986//2932 984//2932 2128//2932
f 986//2933 2128//2933 2129//2933
f 988//2934 986//2934 2129//2934
f 988//2935 2129//2935 2130//2935
f 990//2936 988//2936 2130//2936
f 990//2937 2130//2937 2131//2937
f 993//2938 2131//2938 2132//2938
f 993//2939 990//2939 2131//2939
f 995//2940 2132//2940 2133//2940
f 995//2941 993//2941 2132//2941
f 998//2942 2133//2942 2134//2942
f 998//2943 995//2943 2133//2943
f 1000//2944 2134//2944 2135//2944
f 1000//2945 998//2945 2134//2945
f 1002//2946 2135//2946 2136//2946
f 1002//2947 1000//2947 2135//2947
f 1004//2948 1002//2948 2136//2948
f 1004//2949 2136//2949 2137//2949
f 1006//2950 1004//2950 2137//2950
f 1006//2951 2137//2951 2138//2951
f 1008//2952 1006//2952 2138//2952
f 1008//2953 2138//2953 2139//2953
f 1011//2954 1008//2954 2139//2954
f 1011//2955 2139//2955 2140//2955
f 1013//2956 1011//2956 2140//2956
f 1013//2957 2140//2957 2141//2957
f 1015//2958 1013//2958 2141//2958
f 1015//2959 2141//2959 2142//2959
f 1017//2960 1015//2960 2142//2960
f 1017//2961 2142//2961 2143//2961
f 1018//2962 1017//2962 2143//2962
f 1018//2963 2143//2963 2144//2963
f 1022//2964 1018//2964 2144//2964
f 1022//2965 2144//2965 2145//2965
f 1024//2966 1022//2966 2145//2966
f 1024//2967 2145//2967 2146//2967
f 1026//2968 1024//2968 2146//2968
f 1026//2969 2146//2969 2147//2969
f 1028//2970 1026//2970 2147//2970
f 1028//2971 2147//2971 2148//2971
f 1030//2972 2148//2972 2149//2972
f 1030//2973 1028//2973 2148//2973
f 1032//2974 2149//2974 2150//2974
f 1032//2975 1030//2975 2149//2975
f 1034//2976 2150//2976 2151//2976
f 1034//2977 1032//2977 2150//2977
f 1036//2978 2151//2978 2152//2978
f 1036//2979 1034//2979 2151//2979
f 1039//2980 2152//2980 2153//2980
f 1039//2981 1036//2981 2152//2981
f 1041//2982 2153//2982 2154//2982
f 1041//2983 1039//2983 2153//2983
f 1042//2984 2154//2984 2155//2984
f 1042//2985 1041//2985 2154//2985
f 1043//2986 2155//2986 2156//2986
f 1043//2987 1042//2987 2155//2987
f 1044//2988 2156//2988 2157//2988
f 1044//2989 1043//2989 2156//2989
f 1045//2990 2157//2990 2158//2990
f 1045//2991 1044//2991 2157//2991
f 1046//2992 2158//2992 2159//2992
f 1046//2993 1045//2993 2158//2993
f 1047//2994 2159//2994 2160//2994
f 1047//2995 1046//2995 2159//2995
f 1543//2996 2160//2996 2161//2996
f 1543//2997 1047//2997 2160//2997
f 1544//2998 1543//2998 2161//2998
f 1544//2999 2161//2999 2162//2999
f 1316//3000 1544//3000 2162//3000
f 1316//3001 2162//3001 2163//3001
f 1317//3002 1316//3002 2163//3002
f 1317//3003 2163//3003 2164//3003
f 1318//3004 1317//3004 2164//3004
f 1318//3005 2164//3005 2165//3005
f 1319//3006 2165//3006 2166//3006
f 1319//3007 1318//3007 2165//3007
f 1320//3008 2166//3008 2167//3008
f 1320//3009 1319//3009 2166//3009
f 1321//3010 2167//3010 2168//3010
f 1321//3011 1320//3011 2167//3011
f 1322//3012 2168//3012 2169//3012
f 1322//3013 1321//3013 2168//3013
f 1323//3014 2169//3014 2170//3014
f 1323//3015 1322//3015 2169//3015
f 1324//3016 2170//3016 2171//3016
f 1324//3017 1323//3017 2170//3017
f 1325//3018 2171//3018 2172//3018
f 1325//3019 1324//3019 2171//3019
f 1326//3020 2172//3020 2173//3020
f 1326//3021 1325//3021 2172//3021
f 1327//3022 2173//3022 2174//3022
f 1327//3023 1326//3023 2173//3023
f 1311//3024 2174//3024 2049//3024
f 1311//3025 1327//3025 2174//3025
f 588//3026 587//3026 2175//3026
f 588//3027 2175//3027 2176//3027
f 589//3028 2176//3028 2177//3028
f 589//3029 588//3029 2176//3029
f 590//3030 2177//3030 2178//3030
f 590//3031 589//3031 2177//3031
f 591//3032 2178//3032 2179//3032
f 591//3033 590//3033 2178//3033
f 592//3034 2179//3034 2180//3034
f 592//3035 591//3035 2179//3035
f 593//3036 2180//3036 2181//3036
f 593//3037 2181//3037 2182//3037
f 593//3038 592//3038 2180//3038
f 594//3039 593//3039 2182//3039
f 595//3040 2182//3040 2183//3040
f 595//3041 594//3041 2182//3041
f 596//3042 2183//3042 2184//3042
f 596//3043 595//3043 2183//3043
f 597//3044 2184//3044 2185//3044
f 597//3045 596//3045 2184//3045
f 602//3046 597//3046 2185//3046
f 602//3047 2185//3047 2186//3047
f 603//3048 602//3048 2186//3048
f 603//3049 2186//3049 2187//3049
f 604//3050 603//3050 2187//3050
f 604//3051 2187//3051 2188//3051
f 605//3052 604//3052 2188//3052
f 605//3053 2188//3053 2189//3053
f 606//3054 2189//3054 2190//3054
f 606//3055 605//3055 2189//3055
f 607//3056 2190//3056 2191//3056
f 607//3057 606//3057 2190//3057
f 608//3058 2191//3058 2192//3058
f 608//3059 607//3059 2191//3059
f 609//3060 2192//3060 2193//3060
f 609//3061 608//3061 2192//3061
f 610//3062 2193//3062 2194//3062
f 610//3063 2194//3063 2195//3063
f 610//3064 609//3064 2193//3064
f 611//3065 2195//3065 2196//3065
f 611//3066 610//3066 2195//3066
f 612//3067 611//3067 2196//3067
f 613//3068 2196//3068 2197//3068
f 613//3069 612//3069 2196//3069
f 619//3070 2197//3070 2198//3070
f 619//3071 613//3071 2197//3071
f 620//3072 2198//3072 2199//3072
f 620//3073 619//3073 2198//3073
f 621//3074 2199//3074 2200//3074
f 621//3075 620//3075 2199//3075
f 622//3076 2200//3076 2201//3076
f 622//3077 621//3077 2200//3077
f 623//3078 2201//3078 2202//3078
f 623//3079 622//3079 2201//3079
f 624//3080 2202//3080 2203//3080
f 624//3081 623//3081 2202//3081
f 625//3082 2203//3082 2204//3082
f 625//3083 624//3083 2203//3083
f 626//3084 2204//3084 2205//3084
f 626//3085 625//3085 2204//3085
f 627//3086 2205//3086 2206//3086
f 627//3087 626//3087 2205//3087
f 628//3088 2206//3088 2207//3088
f 628//3089 2207//3089 2208//3089
f 628//3090 627//3090 2206//3090
f 629//3091 628//3091 2208//3091
f 650//3092 2208//3092 2209//3092
f 650//3093 629//3093 2208//3093
f 651//3094 2209//3094 2210//3094
f 651//3095 650//3095 2209//3095
f 652//3096 2210//3096 2211//3096
f 652//3097 651//3097 2210//3097
f 653//3098 2211//3098 2212//3098
f 653//3099 652//3099 2211//3099
f 654//3100 653//3100 2212//3100
f 654//3101 2212//3101 2213//3101
f 655//3102 654//3102 2213//3102
f 655//3103 2213//3103 2214//3103
f 656//3104 655//3104 2214//3104
f 656//3105 2214//3105 2215//3105
f 657//3106 656//3106 2215//3106
f 657//3107 2215//3107 2216//3107
f 657//3108 2216//3108 2217//3108
f 658//3109 657//3109 2217//3109
f 661//3110 658//3110 2217//3110
f 661//3111 2217//3111 2218//3111
f 533//3112 661//3112 2218//3112
f 533//3113 2218//3113 2219//3113
f 530//3114 533//3114 2219//3114
f 530//3115 2219//3115 2220//3115
f 527//3116 530//3116 2220//3116
f 527//3117 2220//3117 2221//3117
f 524//3118 527//3118 2221//3118
f 524//3119 2221//3119 2222//3119
f 521//3120 2222//3120 2223//3120
f 521//3121 524//3121 2222//3121
f 517//3122 2223//3122 2224//3122
f 517//3123 521//3123 2223//3123
f 514//3124 2224//3124 2225//3124
f 514//3125 517//3125 2224//3125
f 511//3126 2225//3126 2226//3126
f 511//3127 514//3127 2225//3127
f 508//3128 2226//3128 2227//3128
f 508//3129 511//3129 2226//3129
f 505//3130 2227//3130 2228//3130
f 505//3131 508//3131 2227//3131
f 502//3132 2228//3132 2229//3132
f 502//3133 505//3133 2228//3133
f 498//3134 2229//3134 2230//3134
f 498//3135 502//3135 2229//3135
f 493//3136 2230//3136 2231//3136
f 493//3137 498//3137 2230//3137
f 489//3138 2231//3138 2232//3138
f 489//3139 493//3139 2231//3139
f 485//3140 2232//3140 2233//3140
f 485//3141 489//3141 2232//3141
f 480//3142 2233//3142 2234//3142
f 480//3143 485//3143 2233//3143
f 476//3144 2234//3144 2235//3144
f 476//3145 480//3145 2234//3145
f 471//3146 2235//3146 2236//3146
f 471//3147 476//3147 2235//3147
f 467//3148 471//3148 2236//3148
f 467//3149 2236//3149 2237//3149
f 462//3150 467//3150 2237//3150
f 462//3151 2237//3151 2238//3151
f 457//3152 462//3152 2238//3152
f 457//3153 2238//3153 2239//3153
f 451//3154 457//3154 2239//3154
f 451//3155 2239//3155 2240//3155
f 445//3156 451//3156 2240//3156
f 445//3157 2240//3157 2241//3157
f 434//3158 445//3158 2241//3158
f 434//3159 2241//3159 2242//3159
f 432//3160 434//3160 2242//3160
f 432//3161 2242//3161 2243//3161
f 430//3162 432//3162 2243//3162
f 430//3163 2243//3163 2244//3163
f 428//3164 430//3164 2244//3164
f 428//3165 2244//3165 2245//3165
f 426//3166 428//3166 2245//3166
f 426//3167 2245//3167 2246//3167
f 424//3168 426//3168 2246//3168
f 424//3169 2246//3169 2247//3169
f 422//3170 424//3170 2247//3170
f 422//3171 2247//3171 2248//3171
f 422//3172 2248//3172 2249//3172
f 420//3173 422//3173 2249//3173
f 418//3174 420//3174 2249//3174
f 418//3175 2249//3175 2250//3175
f 416//3176 418//3176 2250//3176
f 416//3177 2250//3177 2251//3177
f 414//3178 416//3178 2251//3178
f 414//3179 2251//3179 2252//3179
f 411//3180 414//3180 2252//3180
f 411//3181 2252//3181 2253//3181
f 412//3182 411//3182 2253//3182
f 412//3183 2253//3183 2254//3183
f 413//3184 412//3184 2254//3184
f 413//3185 2254//3185 2255//3185
f 415//3186 413//3186 2255//3186
f 415//3187 2255//3187 2256//3187
f 417//3188 415//3188 2256//3188
f 417//3189 2256//3189 2257//3189
f 419//3190 2257//3190 2258//3190
f 419//3191 417//3191 2257//3191
f 421//3192 2258//3192 2259//3192
f 421//3193 419//3193 2258//3193
f 423//3194 2259//3194 2260//3194
f 423//3195 421//3195 2259//3195
f 425//3196 2260//3196 2261//3196
f 425//3197 423//3197 2260//3197
f 427//3198 2261//3198 2262//3198
f 427//3199 425//3199 2261//3199
f 429//3200 427//3200 2262//3200
f 429//3201 2262//3201 2263//3201
f 431//3202 429//3202 2263//3202
f 431//3203 2263//3203 2264//3203
f 433//3204 431//3204 2264//3204
f 433//3205 2264//3205 2265//3205
f 440//3206 433//3206 2265//3206
f 440//3207 2265//3207 2266//3207
f 448//3208 440//3208 2266//3208
f 448//3209 2266//3209 2267//3209
f 454//3210 448//3210 2267//3210
f 454//3211 2267//3211 2268//3211
f 459//3212 454//3212 2268//3212
f 459//3213 2268//3213 2269//3213
f 464//3214 459//3214 2269//3214
f 464//3215 2269//3215 2270//3215
f 469//3216 464//3216 2270//3216
f 469//3217 2270//3217 2271//3217
f 474//3218 469//3218 2271//3218
f 474//3219 2271//3219 2272//3219
f 478//3220 474//3220 2272//3220
f 478//3221 2272//3221 2273//3221
f 483//3222 478//3222 2273//3222
f 483//3223 2273//3223 2274//3223
f 487//3224 2274//3224 2275//3224
f 487//3225 483//3225 2274//3225
f 491//3226 2275//3226 2276//3226
f 491//3227 487//3227 2275//3227
f 496//3228 2276//3228 2277//3228
f 496//3229 491//3229 2276//3229
f 500//3230 2277//3230 2278//3230
f 500//3231 496//3231 2277//3231
f 556//3232 2278//3232 2279//3232
f 556//3233 500//3233 2278//3233
f 557//3234 2279//3234 2280//3234
f 557//3235 556//3235 2279//3235
f 561//3236 2280//3236 2281//3236
f 561//3237 557//3237 2280//3237
f 562//3238 2281//3238 2282//3238
f 562//3239 561//3239 2281//3239
f 563//3240 2282//3240 2283//3240
f 563//3241 562//3241 2282//3241
f 564//3242 2283//3242 2284//3242
f 564//3243 563//3243 2283//3243
f 565//3244 2284//3244 2285//3244
f 565//3245 564//3245 2284//3245
f 566//3246 2285//3246 2286//3246
f 566//3247 565//3247 2285//3247
f 567//3248 2286//3248 2287//3248
f 567//3249 566//3249 2286//3249
f 568//3250 567//3250 2287//3250
f 568//3251 2287//3251 2288//3251
f 569//3252 568//3252 2288//3252
f 569//3253 2288//3253 2289//3253
f 573//3254 569//3254 2289//3254
f 573//3255 2289//3255 2290//3255
f 574//3256 573//3256 2290//3256
f 574//3257 2290//3257 2291//3257
f 575//3258 2291//3258 2292//3258
f 575//3259 574//3259 2291//3259
f 576//3260 2292//3260 2293//3260
f 576//3261 575//3261 2292//3261
f 577//3262 2293//3262 2294//3262
f 577//3263 576//3263 2293//3263
f 578//3264 2294//3264 2295//3264
f 578//3265 577//3265 2294//3265
f 579//3266 2295//3266 2296//3266
f 579//3267 578//3267 2295//3267
f 580//3268 2296//3268 2297//3268
f 580//3269 579//3269 2296//3269
f 581//3270 2297//3270 2298//3270
f 581//3271 580//3271 2297//3271
f 582//3272 2298//3272 2299//3272
f 582//3273 581//3273 2298//3273
f 583//3274 2299//3274 2300//3274
f 583//3275 582//3275 2299//3275
f 587//3276 2300//3276 2175//3276
f 587//3277 583//3277 2300//3277
f 1196//3278 1194//3278 2301//3278
f 1196//3279 2301//3279 2302//3279
f 1197//3280 2302//3280 2303//3280
f 1197//3281 1196//3281 2302//3281
f 1279//3282 2303//3282 2304//3282
f 1279//3283 1197//3283 2303//3283
f 1228//3284 2304//3284 2305//3284
f 1228//3285 1279//3285 2304//3285
f 1229//3286 2305//3286 2306//3286
f 1229//3287 1228//3287 2305//3287
f 1230//3288 2306//3288 2307//3288
f 1230//3289 2307//3289 2308//3289
f 1230//3290 1229//3290 2306//3290
f 1231//3291 1230//3291 2308//3291
f 1232//3292 2308//3292 2309//3292
f 1232//3293 1231//3293 2308//3293
f 1233//3294 2309//3294 2310//3294
f 1233//3295 1232//3295 2309//3295
f 1234//3296 2310//3296 2311//3296
f 1234//3297 1233//3297 2310//3297
f 1235//3298 1234//3298 2311//3298
f 1235//3299 2311//3299 2312//3299
f 1219//3300 1235//3300 2312//3300
f 1219//3301 2312//3301 2313//3301
f 1220//3302 1219//3302 2313//3302
f 1220//3303 2313//3303 2314//3303
f 1221//3304 1220//3304 2314//3304
f 1221//3305 2314//3305 2315//3305
f 1222//3306 2315//3306 2316//3306
f 1222//3307 1221//3307 2315//3307
f 1223//3308 2316//3308 2317//3308
f 1223//3309 1222//3309 2316//3309
f 1224//3310 2317//3310 2318//3310
f 1224//3311 1223//3311 2317//3311
f 1225//3312 2318//3312 2319//3312
f 1225//3313 1224//3313 2318//3313
f 1226//3314 2319//3314 2320//3314
f 1226//3315 2320//3315 2321//3315
f 1226//3316 1225//3316 2319//3316
f 1227//3317 2321//3317 2322//3317
f 1227//3318 1226//3318 2321//3318
f 1208//3319 1227//3319 2322//3319
f 1209//3320 2322//3320 2323//3320
f 1209//3321 1208//3321 2322//3321
f 1210//3322 2323//3322 2324//3322
f 1210//3323 1209//3323 2323//3323
f 1211//3324 2324//3324 2325//3324
f 1211//3325 1210//3325 2324//3325
f 1212//3326 2325//3326 2326//3326
f 1212//3327 1211//3327 2325//3327
f 1213//3328 2326//3328 2327//3328
f 1213//3329 1212//3329 2326//3329
f 1214//3330 2327//3330 2328//3330
f 1214//3331 1213//3331 2327//3331
f 1215//3332 2328//3332 2329//3332
f 1215//3333 1214//3333 2328//3333
f 1216//3334 2329//3334 2330//3334
f 1216//3335 1215//3335 2329//3335
f 1217//3336 2330//3336 2331//3336
f 1217//3337 1216//3337 2330//3337
f 1218//3338 2331//3338 2332//3338
f 1218//3339 1217//3339 2331//3339
f 1198//3340 2332//3340 2333//3340
f 1198//3341 2333//3341 2334//3341
f 1198//3342 1218//3342 2332//3342
f 1199//3343 1198//3343 2334//3343
f 1200//3344 2334//3344 2335//3344
f 1200//3345 1199//3345 2334//3345
f 1201//3346 2335//3346 2336//3346
f 1201//3347 1200//3347 2335//3347
f 1202//3348 2336//3348 2337//3348
f 1202//3349 1201//3349 2336//3349
f 1203//3350 2337//3350 2338//3350
f 1203//3351 1202//3351 2337//3351
f 1204//3352 1203//3352 2338//3352
f 1204//3353 2338//3353 2339//3353
f 1205//3354 1204//3354 2339//3354
f 1205//3355 2339//3355 2340//3355
f 1206//3356 1205//3356 2340//3356
f 1206//3357 2340//3357 2341//3357
f 1207//3358 1206//3358 2341//3358
f 1207//3359 2341//3359 2342//3359
f 1207//3360 2342//3360 2343//3360
f 1184//3361 1207//3361 2343//3361
f 1185//3362 1184//3362 2343//3362
f 1185//3363 2343//3363 2344//3363
f 1186//3364 1185//3364 2344//3364
f 1186//3365 2344//3365 2345//3365
f 1187//3366 1186//3366 2345//3366
f 1187//3367 2345//3367 2346//3367
f 1188//3368 1187//3368 2346//3368
f 1188//3369 2346//3369 2347//3369
f 1189//3370 1188//3370 2347//3370
f 1189//3371 2347//3371 2348//3371
f 1180//3372 2348//3372 2349//3372
f 1180//3373 1189//3373 2348//3373
f 1181//3374 2349//3374 2350//3374
f 1181//3375 1180//3375 2349//3375
f 1182//3376 2350//3376 2351//3376
f 1182//3377 1181//3377 2350//3377
f 1183//3378 2351//3378 2352//3378
f 1183//3379 1182//3379 2351//3379
f 1156//3380 2352//3380 2353//3380
f 1156//3381 1183//3381 2352//3381
f 1157//3382 2353//3382 2354//3382
f 1157//3383 1156//3383 2353//3383
f 1158//3384 2354//3384 2355//3384
f 1158//3385 1157//3385 2354//3385
f 1159//3386 2355//3386 2356//3386
f 1159//3387 1158//3387 2355//3387
f 1160//3388 2356//3388 2357//3388
f 1160//3389 1159//3389 2356//3389
f 1161//3390 2357//3390 2358//3390
f 1161//3391 1160//3391 2357//3391
f 1162//3392 2358//3392 2359//3392
f 1162//3393 1161//3393 2358//3393
f 1147//3394 2359//3394 2360//3394
f 1147//3395 1162//3395 2359//3395
f 1145//3396 2360//3396 2361//3396
f 1145//3397 1147//3397 2360//3397
f 1140//3398 2361//3398 2362//3398
f 1140//3399 1145//3399 2361//3399
f 1139//3400 1140//3400 2362//3400
f 1139//3401 2362//3401 2363//3401
f 1138//3402 1139//3402 2363//3402
f 1138//3403 2363//3403 2364//3403
f 1136//3404 1138//3404 2364//3404
f 1136//3405 2364//3405 2365//3405
f 1134//3406 1136//3406 2365//3406
f 1134//3407 2365//3407 2366//3407
f 1132//3408 1134//3408 2366//3408
f 1132//3409 2366//3409 2367//3409
f 1130//3410 1132//3410 2367//3410
f 1130//3411 2367//3411 2368//3411
f 1128//3412 1130//3412 2368//3412
f 1128//3413 2368//3413 2369//3413
f 1126//3414 1128//3414 2369//3414
f 1126//3415 2369//3415 2370//3415
f 1124//3416 1126//3416 2370//3416
f 1124//3417 2370//3417 2371//3417
f 1121//3418 1124//3418 2371//3418
f 1121//3419 2371//3419 2372//3419
f 1118//3420 1121//3420 2372//3420
f 1118//3421 2372//3421 2373//3421
f 1116//3422 1118//3422 2373//3422
f 1116//3423 2373//3423 2374//3423
f 1116//3424 2374//3424 2375//3424
f 1114//3425 1116//3425 2375//3425
f 1111//3426 1114//3426 2375//3426
f 1111//3427 2375//3427 2376//3427
f 1109//3428 1111//3428 2376//3428
f 1109//3429 2376//3429 2377//3429
f 1107//3430 1109//3430 2377//3430
f 1107//3431 2377//3431 2378//3431
f 1103//3432 1107//3432 2378//3432
f 1103//3433 2378//3433 2379//3433
f 1104//3434 1103//3434 2379//3434
f 1104//3435 2379//3435 2380//3435
f 1106//3436 1104//3436 2380//3436
f 1106//3437 2380//3437 2381//3437
f 1108//3438 1106//3438 2381//3438
f 1108//3439 2381//3439 2382//3439
f 1110//3440 1108//3440 2382//3440
f 1110//3441 2382//3441 2383//3441
f 1112//3442 2383//3442 2384//3442
f 1112//3443 1110//3443 2383//3443
f 1115//3444 2384//3444 2385//3444
f 1115//3445 1112//3445 2384//3445
f 1117//3446 2385//3446 2386//3446
f 1117//3447 1115//3447 2385//3447
f 1120//3448 2386//3448 2387//3448
f 1120//3449 1117//3449 2386//3449
f 1122//3450 2387//3450 2388//3450
f 1122//3451 1120//3451 2387//3451
f 1125//3452 1122//3452 2388//3452
f 1125//3453 2388//3453 2389//3453
f 1127//3454 1125//3454 2389//3454
f 1127//3455 2389//3455 2390//3455
f 1129//3456 1127//3456 2390//3456
f 1129//3457 2390//3457 2391//3457
f 1131//3458 1129//3458 2391//3458
f 1131//3459 2391//3459 2392//3459
f 1133//3460 1131//3460 2392//3460
f 1133//3461 2392//3461 2393//3461
f 1135//3462 1133//3462 2393//3462
f 1135//3463 2393//3463 2394//3463
f 1137//3464 1135//3464 2394//3464
f 1137//3465 2394//3465 2395//3465
f 1142//3466 1137//3466 2395//3466
f 1142//3467 2395//3467 2396//3467
f 1143//3468 1142//3468 2396//3468
f 1143//3469 2396//3469 2397//3469
f 1144//3470 1143//3470 2397//3470
f 1144//3471 2397//3471 2398//3471
f 1146//3472 1144//3472 2398//3472
f 1146//3473 2398//3473 2399//3473
f 1148//3474 1146//3474 2399//3474
f 1148//3475 2399//3475 2400//3475
f 1149//3476 2400//3476 2401//3476
f 1149//3477 1148//3477 2400//3477
f 1150//3478 2401//3478 2402//3478
f 1150//3479 1149//3479 2401//3479
f 1151//3480 2402//3480 2403//3480
f 1151//3481 1150//3481 2402//3481
f 1152//3482 2403//3482 2404//3482
f 1152//3483 1151//3483 2403//3483
f 1153//3484 2404//3484 2405//3484
f 1153//3485 1152//3485 2404//3485
f 1154//3486 2405//3486 2406//3486
f 1154//3487 1153//3487 2405//3487
f 1155//3488 2406//3488 2407//3488
f 1155//3489 1154//3489 2406//3489
f 1164//3490 2407//3490 2408//3490
f 1164//3491 1155//3491 2407//3491
f 1165//3492 2408//3492 2409//3492
f 1165//3493 1164//3493 2408//3493
f 1166//3494 2409//3494 2410//3494
f 1166//3495 1165//3495 2409//3495
f 1167//3496 2410//3496 2411//3496
f 1167//3497 1166//3497 2410//3497
f 1168//3498 2411//3498 2412//3498
f 1168//3499 1167//3499 2411//3499
f 1169//3500 2412//3500 2413//3500
f 1169//3501 1168//3501 2412//3501
f 1170//3502 1169//3502 2413//3502
f 1170//3503 2413//3503 2414//3503
f 1171//3504 1170//3504 2414//3504
f 1171//3505 2414//3505 2415//3505
f 1172//3506 1171//3506 2415//3506
f 1172//3507 2415//3507 2416//3507
f 1173//3508 1172//3508 2416//3508
f 1173//3509 2416//3509 2417//3509
f 1174//3510 2417//3510 2418//3510
f 1174//3511 1173//3511 2417//3511
f 1176//3512 2418//3512 2419//3512
f 1176//3513 1174//3513 2418//3513
f 1177//3514 2419//3514 2420//3514
f 1177//3515 1176//3515 2419//3515
f 1178//3516 2420//3516 2421//3516
f 1178//3517 1177//3517 2420//3517
f 1179//3518 2421//3518 2422//3518
f 1179//3519 1178//3519 2421//3519
f 1190//3520 2422//3520 2423//3520
f 1190//3521 1179//3521 2422//3521
f 1191//3522 2423//3522 2424//3522
f 1191//3523 1190//3523 2423//3523
f 1192//3524 2424//3524 2425//3524
f 1192//3525 1191//3525 2424//3525
f 1193//3526 2425//3526 2426//3526
f 1193//3527 1192//3527 2425//3527
f 1194//3528 2426//3528 2301//3528
f 1194//3529 1193//3529 2426//3529
f 787//3530 786//3530 2427//3530
f 787//3531 2427//3531 2428//3531
f 788//3532 2428//3532 2429//3532
f 788//3533 787//3533 2428//3533
f 789//3534 2429//3534 2430//3534
f 789//3535 788//3535 2429//3535
f 790//3536 2430//3536 2431//3536
f 790//3537 789//3537 2430//3537
f 791//3538 2431//3538 2432//3538
f 791//3539 790//3539 2431//3539
f 792//3540 2432//3540 2433//3540
f 792//3541 2433//3541 2434//3541
f 792//3542 791//3542 2432//3542
f 793//3543 792//3543 2434//3543
f 794//3544 2434//3544 2435//3544
f 794//3545 793//3545 2434//3545
f 773//3546 2435//3546 2436//3546
f 773//3547 794//3547 2435//3547
f 774//3548 2436//3548 2437//3548
f 774//3549 2437//3549 2438//3549
f 774//3550 773//3550 2436//3550
f 775//3551 774//3551 2438//3551
f 776//3552 775//3552 2438//3552
f 776//3553 2438//3553 2439//3553
f 777//3554 776//3554 2439//3554
f 777//3555 2439//3555 2440//3555
f 778//3556 777//3556 2440//3556
f 778//3557 2440//3557 2441//3557
f 779//3558 2441//3558 2442//3558
f 779//3559 778//3559 2441//3559
f 780//3560 2442//3560 2443//3560
f 780//3561 779//3561 2442//3561
f 781//3562 2443//3562 2444//3562
f 781//3563 2444//3563 2445//3563
f 781//3564 780//3564 2443//3564
f 782//3565 781//3565 2445//3565
f 783//3566 782//3566 2445//3566
f 783//3567 2445//3567 2446//3567
f 755//3568 2446//3568 2447//3568
f 755//3569 2447//3569 2448//3569
f 755//3570 783//3570 2446//3570
f 756//3571 2448//3571 2449//3571
f 756//3572 755//3572 2448//3572
f 757//3573 756//3573 2449//3573
f 746//3574 2449//3574 2450//3574
f 746//3575 757//3575 2449//3575
f 747//3576 2450//3576 2451//3576
f 747//3577 746//3577 2450//3577
f 748//3578 2451//3578 2452//3578
f 748//3579 747//3579 2451//3579
f 749//3580 2452//3580 2453//3580
f 749//3581 748//3581 2452//3581
f 750//3582 2453//3582 2454//3582
f 750//3583 749//3583 2453//3583
f 751//3584 2454//3584 2455//3584
f 751//3585 750//3585 2454//3585
f 752//3586 2455//3586 2456//3586
f 752//3587 751//3587 2455//3587
f 753//3588 2456//3588 2457//3588
f 753//3589 752//3589 2456//3589
f 754//3590 2457//3590 2458//3590
f 754//3591 753//3591 2457//3591
f 739//3592 2458//3592 2459//3592
f 739//3593 2459//3593 2460//3593
f 739//3594 754//3594 2458//3594
f 738//3595 739//3595 2460//3595
f 729//3596 2460//3596 2461//3596
f 729//3597 738//3597 2460//3597
f 730//3598 2461//3598 2462//3598
f 730//3599 729//3599 2461//3599
f 731//3600 2462//3600 2463//3600
f 731//3601 730//3601 2462//3601
f 732//3602 2463//3602 2464//3602
f 732//3603 731//3603 2463//3603
f 733//3604 732//3604 2464//3604
f 733//3605 2464//3605 2465//3605
f 734//3606 733//3606 2465//3606
f 734//3607 2465//3607 2466//3607
f 735//3608 734//3608 2466//3608
f 735//3609 2466//3609 2467//3609
f 736//3610 735//3610 2467//3610
f 736//3611 2467//3611 2468//3611
f 737//3612 736//3612 2468//3612
f 737//3613 2468//3613 2469//3613
f 724//3614 737//3614 2469//3614
f 724//3615 2469//3615 2470//3615
f 723//3616 724//3616 2470//3616
f 723//3617 2470//3617 2471//3617
f 714//3618 723//3618 2471//3618
f 714//3619 2471//3619 2472//3619
f 715//3620 714//3620 2472//3620
f 715//3621 2472//3621 2473//3621
f 716//3622 715//3622 2473//3622
f 716//3623 2473//3623 2474//3623
f 717//3624 2474//3624 2475//3624
f 717//3625 716//3625 2474//3625
f 718//3626 2475//3626 2476//3626
f 718//3627 717//3627 2475//3627
f 719//3628 2476//3628 2477//3628
f 719//3629 718//3629 2476//3629
f 720//3630 2477//3630 2478//3630
f 720//3631 719//3631 2477//3631
f 721//3632 2478//3632 2479//3632
f 721//3633 2479//3633 2480//3633
f 721//3634 720//3634 2478//3634
f 722//3635 721//3635 2480//3635
f 711//3636 2480//3636 2481//3636
f 711//3637 722//3637 2480//3637
f 703//3638 2481//3638 2482//3638
f 703//3639 711//3639 2481//3639
f 704//3640 2482//3640 2483//3640
f 704//3641 703//3641 2482//3641
f 705//3642 2483//3642 2484//3642
f 705//3643 704//3643 2483//3643
f 706//3644 2484//3644 2485//3644
f 706//3645 705//3645 2484//3645
f 707//3646 2485//3646 2486//3646
f 707//3647 706//3647 2485//3647
f 708//3648 2486//3648 2487//3648
f 708//3649 707//3649 2486//3649
f 709//3650 2487//3650 2488//3650
f 709//3651 708//3651 2487//3651
f 710//3652 709//3652 2488//3652
f 710//3653 2488//3653 2489//3653
f 700//3654 710//3654 2489//3654
f 700//3655 2489//3655 2490//3655
f 698//3656 700//3656 2490//3656
f 698//3657 2490//3657 2491//3657
f 696//3658 698//3658 2491//3658
f 696//3659 2491//3659 2492//3659
f 694//3660 696//3660 2492//3660
f 694//3661 2492//3661 2493//3661
f 692//3662 694//3662 2493//3662
f 692//3663 2493//3663 2494//3663
f 693//3664 692//3664 2494//3664
f 693//3665 2494//3665 2495//3665
f 687//3666 693//3666 2495//3666
f 687//3667 2495//3667 2496//3667
f 685//3668 687//3668 2496//3668
f 685//3669 2496//3669 2497//3669
f 683//3670 685//3670 2497//3670
f 683//3671 2497//3671 2498//3671
f 681//3672 683//3672 2498//3672
f 681//3673 2498//3673 2499//3673
f 678//3674 681//3674 2499//3674
f 678//3675 2499//3675 2500//3675
f 676//3676 678//3676 2500//3676
f 676//3677 2500//3677 2501//3677
f 674//3678 676//3678 2501//3678
f 674//3679 2501//3679 2502//3679
f 672//3680 674//3680 2502//3680
f 672//3681 2502//3681 2503//3681
f 670//3682 672//3682 2503//3682
f 670//3683 2503//3683 2504//3683
f 667//3684 670//3684 2504//3684
f 667//3685 2504//3685 2505//3685
f 668//3686 667//3686 2505//3686
f 668//3687 2505//3687 2506//3687
f 669//3688 668//3688 2506//3688
f 669//3689 2506//3689 2507//3689
f 671//3690 669//3690 2507//3690
f 671//3691 2507//3691 2508//3691
f 673//3692 671//3692 2508//3692
f 673//3693 2508//3693 2509//3693
f 675//3694 2509//3694 2510//3694
f 675//3695 673//3695 2509//3695
f 677//3696 2510//3696 2511//3696
f 677//3697 675//3697 2510//3697
f 680//3698 2511//3698 2512//3698
f 680//3699 677//3699 2511//3699
f 682//3700 2512//3700 2513//3700
f 682//3701 680//3701 2512//3701
f 684//3702 2513//3702 2514//3702
f 684//3703 682//3703 2513//3703
f 686//3704 684//3704 2514//3704
f 686//3705 2514//3705 2515//3705
f 688//3706 686//3706 2515//3706
f 688//3707 2515//3707 2516//3707
f 689//3708 688//3708 2516//3708
f 689//3709 2516//3709 2517//3709
f 690//3710 689//3710 2517//3710
f 690//3711 2517//3711 2518//3711
f 695//3712 690//3712 2518//3712
f 695//3713 2518//3713 2519//3713
f 697//3714 695//3714 2519//3714
f 697//3715 2519//3715 2520//3715
f 699//3716 697//3716 2520//3716
f 699//3717 2520//3717 2521//3717
f 874//3718 699//3718 2521//3718
f 874//3719 2521//3719 2522//3719
f 875//3720 874//3720 2522//3720
f 875//3721 2522//3721 2523//3721
f 876//3722 875//3722 2523//3722
f 876//3723 2523//3723 2524//3723
f 877//3724 876//3724 2524//3724
f 877//3725 2524//3725 2525//3725
f 878//3726 877//3726 2525//3726
f 878//3727 2525//3727 2526//3727
f 879//3728 2526//3728 2527//3728
f 879//3729 878//3729 2526//3729
f 880//3730 2527//3730 2528//3730
f 880//3731 879//3731 2527//3731
f 898//3732 2528//3732 2529//3732
f 898//3733 880//3733 2528//3733
f 899//3734 2529//3734 2530//3734
f 899//3735 898//3735 2529//3735
f 900//3736 2530//3736 2531//3736
f 900//3737 899//3737 2530//3737
f 901//3738 2531//3738 2532//3738
f 901//3739 900//3739 2531//3739
f 902//3740 2532//3740 2533//3740
f 902//3741 901//3741 2532//3741
f 903//3742 2533//3742 2534//3742
f 903//3743 902//3743 2533//3743
f 904//3744 2534//3744 2535//3744
f 904//3745 903//3745 2534//3745
f 905//3746 2535//3746 2536//3746
f 905//3747 904//3747 2535//3747
f 906//3748 2536//3748 2537//3748
f 906//3749 905//3749 2536//3749
f 907//3750 2537//3750 2538//3750
f 907//3751 906//3751 2537//3751
f 908//3752 2538//3752 2539//3752
f 908//3753 907//3753 2538//3753
f 811//3754 908//3754 2539//3754
f 811//3755 2539//3755 2540//3755
f 812//3756 811//3756 2540//3756
f 812//3757 2540//3757 2541//3757
f 813//3758 812//3758 2541//3758
f 813//3759 2541//3759 2542//3759
f 805//3760 813//3760 2542//3760
f 805//3761 2542//3761 2543//3761
f 806//3762 2543//3762 2544//3762
f 806//3763 805//3763 2543//3763
f 807//3764 2544//3764 2545//3764
f 807//3765 806//3765 2544//3765
f 808//3766 2545//3766 2546//3766
f 808//3767 807//3767 2545//3767
f 799//3768 2546//3768 2547//3768
f 799//3769 808//3769 2546//3769
f 800//3770 2547//3770 2548//3770
f 800//3771 799//3771 2547//3771
f 801//3772 2548//3772 2549//3772
f 801//3773 800//3773 2548//3773
f 802//3774 2549//3774 2550//3774
f 802//3775 801//3775 2549//3775
f 797//3776 2550//3776 2551//3776
f 797//3777 802//3777 2550//3777
f 798//3778 2551//3778 2552//3778
f 798//3779 797//3779 2551//3779
f 786//3780 2552//3780 2427//3780
f 786//3781 798//3781 2552//3781
f 2553//3782 2554//3782 741//3782
f 741//3783 2554//3783 742//3783
f 742//3784 2555//3784 743//3784
f 2554//3785 2555//3785 742//3785
f 743//3786 2556//3786 771//3786
f 2555//3787 2556//3787 743//3787
f 771//3788 2557//3788 758//3788
f 2556//3789 2557//3789 771//3789
f 758//3790 2558//3790 759//3790
f 2557//3791 2558//3791 758//3791
f 759//3792 2559//3792 760//3792
f 2558//3793 2559//3793 759//3793
f 760//3794 2560//3794 761//3794
f 2559//3795 2560//3795 760//3795
f 761//3796 2561//3796 762//3796
f 2560//3797 2561//3797 761//3797
f 762//3798 2562//3798 763//3798
f 2561//3799 2562//3799 762//3799
f 763//3800 2563//3800 764//3800
f 2562//3801 2563//3801 763//3801
f 2563//3802 2564//3802 764//3802
f 764//3803 2564//3803 765//3803
f 2564//3804 2565//3804 765//3804
f 765//3805 2565//3805 766//3805
f 2565//3806 2566//3806 766//3806
f 766//3807 2566//3807 767//3807
f 767//3808 2566//3808 768//3808
f 2566//3809 2567//3809 768//3809
f 768//3810 2567//3810 769//3810
f 2567//3811 2568//3811 769//3811
f 2568//3812 2569//3812 769//3812
f 769//3813 2569//3813 633//3813
f 633//3814 2569//3814 634//3814
f 2569//3815 2570//3815 634//3815
f 634//3816 2571//3816 635//3816
f 2570//3817 2571//3817 634//3817
f 635//3818 2572//3818 636//3818
f 2571//3819 2572//3819 635//3819
f 636//3820 2573//3820 637//3820
f 2572//3821 2573//3821 636//3821
f 637//3822 2574//3822 638//3822
f 2573//3823 2574//3823 637//3823
f 638//3824 2575//3824 639//3824
f 2574//3825 2575//3825 638//3825
f 639//3826 2576//3826 640//3826
f 2575//3827 2576//3827 639//3827
f 640//3828 2577//3828 641//3828
f 2576//3829 2577//3829 640//3829
f 641//3830 2578//3830 642//3830
f 2577//3831 2578//3831 641//3831
f 642//3832 2579//3832 643//3832
f 2578//3833 2579//3833 642//3833
f 643//3834 2580//3834 644//3834
f 2579//3835 2580//3835 643//3835
f 644//3836 2581//3836 645//3836
f 2580//3837 2581//3837 644//3837
f 645//3838 2582//3838 646//3838
f 2581//3839 2582//3839 645//3839
f 646//3840 2583//3840 647//3840
f 2582//3841 2583//3841 646//3841
f 647//3842 2584//3842 648//3842
f 2583//3843 2584//3843 647//3843
f 648//3844 2585//3844 632//3844
f 2584//3845 2585//3845 648//3845
f 632//3846 2586//3846 630//3846
f 630//3847 2586//3847 617//3847
f 2585//3848 2586//3848 632//3848
f 2586//3849 2587//3849 617//3849
f 617//3850 2588//3850 615//3850
f 2587//3851 2588//3851 617//3851
f 615//3852 2589//3852 614//3852
f 2588//3853 2589//3853 615//3853
f 614//3854 2590//3854 600//3854
f 2589//3855 2590//3855 614//3855
f 2590//3856 2591//3856 600//3856
f 600//3857 2591//3857 598//3857
f 598//3858 2591//3858 584//3858
f 2591//3859 2592//3859 584//3859
f 2592//3860 2593//3860 584//3860
f 584//3861 2593//3861 571//3861
f 2593//3862 2594//3862 571//3862
f 571//3863 2594//3863 559//3863
f 2594//3864 2595//3864 559//3864
f 559//3865 2595//3865 551//3865
f 2595//3866 2596//3866 551//3866
f 551//3867 2596//3867 546//3867
f 2596//3868 2597//3868 546//3868
f 546//3869 2597//3869 543//3869
f 2597//3870 2598//3870 543//3870
f 543//3871 2598//3871 540//3871
f 2598//3872 2599//3872 540//3872
f 540//3873 2599//3873 535//3873
f 2599//3874 2600//3874 535//3874
f 535//3875 2600//3875 534//3875
f 534//3876 2601//3876 531//3876
f 2600//3877 2601//3877 534//3877
f 531//3878 2602//3878 528//3878
f 2601//3879 2602//3879 531//3879
f 528//3880 2603//3880 525//3880
f 2602//3881 2603//3881 528//3881
f 525//3882 2604//3882 522//3882
f 2603//3883 2604//3883 525//3883
f 522//3884 2605//3884 519//3884
f 519//3885 2605//3885 516//3885
f 2604//3886 2605//3886 522//3886
f 2605//3887 2606//3887 516//3887
f 516//3888 2607//3888 513//3888
f 2606//3889 2607//3889 516//3889
f 513//3890 2608//3890 510//3890
f 2607//3891 2608//3891 513//3891
f 510//3892 2609//3892 507//3892
f 2608//3893 2609//3893 510//3893
f 507//3894 2610//3894 504//3894
f 2609//3895 2610//3895 507//3895
f 504//3896 2611//3896 501//3896
f 2610//3897 2611//3897 504//3897
f 501//3898 2612//3898 497//3898
f 2611//3899 2612//3899 501//3899
f 497//3900 2613//3900 494//3900
f 2612//3901 2613//3901 497//3901
f 494//3902 2614//3902 490//3902
f 2613//3903 2614//3903 494//3903
f 2614//3904 2615//3904 490//3904
f 490//3905 2615//3905 486//3905
f 2615//3906 2616//3906 486//3906
f 486//3907 2616//3907 482//3907
f 2616//3908 2617//3908 482//3908
f 482//3909 2617//3909 479//3909
f 2617//3910 2618//3910 479//3910
f 479//3911 2618//3911 475//3911
f 2618//3912 2619//3912 475//3912
f 475//3913 2619//3913 472//3913
f 2619//3914 2620//3914 472//3914
f 472//3915 2620//3915 468//3915
f 2620//3916 2621//3916 468//3916
f 468//3917 2621//3917 465//3917
f 2621//3918 2622//3918 465//3918
f 465//3919 2622//3919 461//3919
f 2622//3920 2623//3920 461//3920
f 461//3921 2623//3921 458//3921
f 2623//3922 2624//3922 458//3922
f 458//3923 2624//3923 455//3923
f 2624//3924 2625//3924 455//3924
f 455//3925 2625//3925 452//3925
f 2625//3926 2626//3926 452//3926
f 452//3927 2626//3927 449//3927
f 2626//3928 2627//3928 449//3928
f 449//3929 2627//3929 446//3929
f 2627//3930 2628//3930 446//3930
f 446//3931 2628//3931 443//3931
f 2628//3932 2629//3932 443//3932
f 443//3933 2629//3933 441//3933
f 2629//3934 2630//3934 441//3934
f 441//3935 2630//3935 438//3935
f 2630//3936 2631//3936 438//3936
f 438//3937 2631//3937 436//3937
f 2631//3938 2632//3938 436//3938
f 436//3939 2632//3939 435//3939
f 2632//3940 2633//3940 435//3940
f 435//3941 2633//3941 437//3941
f 2633//3942 2634//3942 437//3942
f 437//3943 2634//3943 439//3943
f 2634//3944 2635//3944 439//3944
f 439//3945 2635//3945 442//3945
f 442//3946 2636//3946 444//3946
f 2635//3947 2636//3947 442//3947
f 444//3948 2637//3948 447//3948
f 2636//3949 2637//3949 444//3949
f 447//3950 2638//3950 450//3950
f 2637//3951 2638//3951 447//3951
f 450//3952 2639//3952 453//3952
f 2638//3953 2639//3953 450//3953
f 453//3954 2640//3954 456//3954
f 2639//3955 2640//3955 453//3955
f 2640//3956 2641//3956 456//3956
f 456//3957 2641//3957 460//3957
f 2641//3958 2642//3958 460//3958
f 460//3959 2642//3959 463//3959
f 2642//3960 2643//3960 463//3960
f 463//3961 2643//3961 466//3961
f 2643//3962 2644//3962 466//3962
f 466//3963 2644//3963 470//3963
f 2644//3964 2645//3964 470//3964
f 470//3965 2645//3965 473//3965
f 2645//3966 2646//3966 473//3966
f 473//3967 2646//3967 477//3967
f 2646//3968 2647//3968 477//3968
f 477//3969 2647//3969 481//3969
f 2647//3970 2648//3970 481//3970
f 481//3971 2648//3971 484//3971
f 2648//3972 2649//3972 484//3972
f 484//3973 2649//3973 488//3973
f 2649//3974 2650//3974 488//3974
f 488//3975 2650//3975 492//3975
f 2650//3976 2651//3976 492//3976
f 492//3977 2651//3977 495//3977
f 2651//3978 2652//3978 495//3978
f 495//3979 2652//3979 499//3979
f 499//3980 2653//3980 503//3980
f 2652//3981 2653//3981 499//3981
f 503//3982 2654//3982 506//3982
f 2653//3983 2654//3983 503//3983
f 506//3984 2655//3984 509//3984
f 2654//3985 2655//3985 506//3985
f 509//3986 2656//3986 512//3986
f 2655//3987 2656//3987 509//3987
f 512//3988 2657//3988 515//3988
f 2656//3989 2657//3989 512//3989
f 515//3990 2658//3990 518//3990
f 2657//3991 2658//3991 515//3991
f 518//3992 2659//3992 520//3992
f 2658//3993 2659//3993 518//3993
f 520//3994 2660//3994 523//3994
f 2659//3995 2660//3995 520//3995
f 523//3996 2661//3996 526//3996
f 2660//3997 2661//3997 523//3997
f 526//3998 2662//3998 529//3998
f 2661//3999 2662//3999 526//3999
f 529//4000 2663//4000 532//4000
f 2662//4001 2663//4001 529//4001
f 532//4002 2664//4002 536//4002
f 2663//4003 2664//4003 532//4003
f 536//4004 2665//4004 537//4004
f 2664//4005 2665//4005 536//4005
f 2665//4006 2666//4006 537//4006
f 537//4007 2666//4007 538//4007
f 2666//4008 2667//4008 538//4008
f 538//4009 2667//4009 539//4009
f 2667//4010 2668//4010 539//4010
f 539//4011 2668//4011 541//4011
f 2668//4012 2669//4012 541//4012
f 541//4013 2669//4013 542//4013
f 542//4014 2670//4014 544//4014
f 2669//4015 2670//4015 542//4015
f 544//4016 2671//4016 545//4016
f 2670//4017 2671//4017 544//4017
f 545//4018 2672//4018 547//4018
f 2671//4019 2672//4019 545//4019
f 547//4020 2673//4020 548//4020
f 2672//4021 2673//4021 547//4021
f 548//4022 2674//4022 549//4022
f 2673//4023 2674//4023 548//4023
f 549//4024 2675//4024 554//4024
f 2674//4025 2675//4025 549//4025
f 554//4026 2676//4026 726//4026
f 2675//4027 2676//4027 554//4027
f 726//4028 2677//4028 727//4028
f 2676//4029 2677//4029 726//4029
f 727//4030 2678//4030 744//4030
f 2677//4031 2678//4031 727//4031
f 744//4032 2553//4032 741//4032
f 2678//4033 2553//4033 744//4033
f 1971//4034 1970//4034 97//4034
f 1969//4035 97//4035 1970//4035
f 1972//4036 1971//4036 97//4036
f 1968//4037 97//4037 1969//4037
f 1973//4038 1972//4038 97//4038
f 1967//4039 97//4039 1968//4039
f 1974//4040 1973//4040 97//4040
f 1966//4041 97//4041 1967//4041
f 1975//4042 97//4042 100//4042
f 1975//4043 1974//4043 97//4043
f 1965//4044 96//4044 97//4044
f 1965//4045 97//4045 1966//4045
f 1976//4046 1975//4046 100//4046
f 1964//4047 96//4047 1965//4047
f 1977//4048 1976//4048 100//4048
f 1963//4049 96//4049 1964//4049
f 1978//4050 1977//4050 100//4050
f 1962//4051 96//4051 1963//4051
f 1979//4052 1978//4052 100//4052
f 1961//4053 96//4053 1962//4053
f 1980//4054 1979//4054 100//4054
f 1960//4055 96//4055 1961//4055
f 1981//4056 1980//4056 100//4056
f 1959//4057 96//4057 1960//4057
f 1982//4058 1981//4058 100//4058
f 2600//4059 145//4059 147//4059
f 2601//4060 2600//4060 147//4060
f 2601//4061 147//4061 149//4061
f 2599//4062 145//4062 2600//4062
f 2599//4063 143//4063 145//4063
f 2602//4064 149//4064 151//4064
f 2602//4065 2601//4065 149//4065
f 2598//4066 143//4066 2599//4066
f 2598//4067 142//4067 143//4067
f 1958//4068 96//4068 1959//4068
f 2603//4069 151//4069 153//4069
f 2603//4070 2602//4070 151//4070
f 2597//4071 142//4071 2598//4071
f 2597//4072 140//4072 142//4072
f 2604//4073 2603//4073 153//4073
f 2604//4074 153//4074 155//4074
f 2596//4075 140//4075 2597//4075
f 2596//4076 137//4076 140//4076
f 1983//4077 1982//4077 100//4077
f 2605//4078 155//4078 157//4078
f 2605//4079 2604//4079 155//4079
f 2595//4080 137//4080 2596//4080
f 2595//4081 135//4081 137//4081
f 1957//4082 96//4082 1958//4082
f 2606//4083 2605//4083 157//4083
f 2606//4084 157//4084 159//4084
f 2594//4085 135//4085 2595//4085
f 2594//4086 133//4086 135//4086
f 1984//4087 1983//4087 100//4087
f 2607//4088 159//4088 161//4088
f 2607//4089 2606//4089 159//4089
f 2593//4090 133//4090 2594//4090
f 2593//4091 131//4091 133//4091
f 1956//4092 96//4092 1957//4092
f 2608//4093 2607//4093 161//4093
f 2608//4094 161//4094 163//4094
f 2592//4095 131//4095 2593//4095
f 2592//4096 129//4096 131//4096
f 1985//4097 1984//4097 100//4097
f 1985//4098 100//4098 102//4098
f 2609//4099 163//4099 165//4099
f 2609//4100 2608//4100 163//4100
f 1955//4101 96//4101 1956//4101
f 1955//4102 94//4102 96//4102
f 2591//4103 129//4103 2592//4103
f 2591//4104 127//4104 129//4104
f 2610//4105 2609//4105 165//4105
f 2610//4106 165//4106 167//4106
f 1986//4107 1985//4107 102//4107
f 2590//4108 127//4108 2591//4108
f 2590//4109 125//4109 127//4109
f 1954//4110 94//4110 1955//4110
f 2611//4111 167//4111 169//4111
f 2611//4112 2610//4112 167//4112
f 2589//4113 125//4113 2590//4113
f 2589//4114 123//4114 125//4114
f 1987//4115 1986//4115 102//4115
f 2612//4116 2611//4116 169//4116
f 2612//4117 169//4117 171//4117
f 1953//4118 94//4118 1954//4118
f 2588//4119 121//4119 123//4119
f 2588//4120 123//4120 2589//4120
f 1988//4121 1987//4121 102//4121
f 2613//4122 2612//4122 171//4122
f 2613//4123 171//4123 174//4123
f 2587//4124 119//4124 121//4124
f 2587//4125 121//4125 2588//4125
f 1952//4126 94//4126 1953//4126
f 2614//4127 2613//4127 174//4127
f 2614//4128 174//4128 175//4128
f 1989//4129 1988//4129 102//4129
f 2586//4130 117//4130 119//4130
f 2586//4131 119//4131 2587//4131
f 1951//4132 94//4132 1952//4132
f 2615//4133 2614//4133 175//4133
f 2615//4134 175//4134 177//4134
f 1990//4135 1989//4135 102//4135
f 2585//4136 117//4136 2586//4136
f 2585//4137 113//4137 117//4137
f 2616//4138 2615//4138 177//4138
f 2616//4139 177//4139 179//4139
f 1950//4140 94//4140 1951//4140
f 2584//4141 113//4141 2585//4141
f 1991//4142 1990//4142 102//4142
f 2617//4143 2616//4143 179//4143
f 2617//4144 179//4144 181//4144
f 1949//4145 94//4145 1950//4145
f 2583//4146 113//4146 2584//4146
f 1992//4147 1991//4147 102//4147
f 2618//4148 181//4148 184//4148
f 2618//4149 2617//4149 181//4149
f 1948//4150 94//4150 1949//4150
f 1948//4151 91//4151 94//4151
f 2582//4152 113//4152 2583//4152
f 1993//4153 1992//4153 102//4153
f 2619//4154 2618//4154 184//4154
f 2619//4155 184//4155 185//4155
f 2581//4156 113//4156 2582//4156
f 1947//4157 91//4157 1948//4157
f 2620//4158 2619//4158 185//4158
f 2620//4159 185//4159 187//4159
f 1994//4160 1993//4160 102//4160
f 2580//4161 113//4161 2581//4161
f 1946//4162 91//4162 1947//4162
f 2621//4163 2620//4163 187//4163
f 2621//4164 187//4164 189//4164
f 1995//4165 1994//4165 102//4165
f 1995//4166 102//4166 104//4166
f 2579//4167 113//4167 2580//4167
f 2622//4168 2621//4168 189//4168
f 2622//4169 189//4169 191//4169
f 1996//4170 1995//4170 104//4170
f 2578//4171 113//4171 2579//4171
f 2623//4172 191//4172 193//4172
f 2623//4173 2622//4173 191//4173
f 1997//4174 1996//4174 104//4174
f 2577//4175 113//4175 2578//4175
f 2624//4176 2623//4176 193//4176
f 2624//4177 193//4177 195//4177
f 1998//4178 1997//4178 104//4178
f 2576//4179 113//4179 2577//4179
f 2625//4180 2624//4180 195//4180
f 2625//4181 195//4181 198//4181
f 1999//4182 1998//4182 104//4182
f 2575//4183 113//4183 2576//4183
f 2626//4184 2625//4184 198//4184
f 2626//4185 198//4185 199//4185
f 2000//4186 1999//4186 104//4186
f 2574//4187 113//4187 2575//4187
f 2627//4188 2626//4188 199//4188
f 2627//4189 199//4189 201//4189
f 2573//4190 113//4190 2574//4190
f 2001//4191 2000//4191 104//4191
f 2628//4192 2627//4192 201//4192
f 2628//4193 201//4193 203//4193
f 2572//4194 113//4194 2573//4194
f 2002//4195 2001//4195 104//4195
f 2629//4196 203//4196 205//4196
f 2629//4197 2628//4197 203//4197
f 2571//4198 113//4198 2572//4198
f 2003//4199 2002//4199 104//4199
f 2003//4200 104//4200 106//4200
f 2630//4201 205//4201 207//4201
f 2630//4202 2629//4202 205//4202
f 2570//4203 113//4203 2571//4203
f 2004//4204 2003//4204 106//4204
f 2631//4205 2630//4205 207//4205
f 210//4206 2631//4206 207//4206
f 2569//4207 113//4207 2570//4207
f 2005//4208 2004//4208 106//4208
f 2632//4209 2631//4209 210//4209
f 212//4210 2632//4210 210//4210
f 212//4211 2633//4211 2632//4211
f 112//4212 2568//4212 2567//4212
f 112//4213 2569//4213 2568//4213
f 112//4214 113//4214 2569//4214
f 2566//4215 112//4215 2567//4215
f 2565//4216 112//4216 2566//4216
f 214//4217 2633//4217 212//4217
f 214//4218 2634//4218 2633//4218
f 2564//4219 112//4219 2565//4219
f 2563//4220 112//4220 2564//4220
f 216//4221 2634//4221 214//4221
f 216//4222 2635//4222 2634//4222
f 2562//4223 112//4223 2563//4223
f 2561//4224 112//4224 2562//4224
f 217//4225 2635//4225 216//4225
f 217//4226 2636//4226 2635//4226
f 2560//4227 112//4227 2561//4227
f 2559//4228 112//4228 2560//4228
f 2558//4229 112//4229 2559//4229
f 1592//4230 88//4230 89//4230
f 219//4231 2637//4231 2636//4231
f 219//4232 2636//4232 217//4232
f 1593//4233 1592//4233 89//4233
f 1593//4234 89//4234 91//4234
f 1591//4235 86//4235 88//4235
f 1591//4236 88//4236 1592//4236
f 2557//4237 112//4237 2558//4237
f 1594//4238 1946//4238 1945//4238
f 1594//4239 1593//4239 91//4239
f 1594//4240 91//4240 1946//4240
f 1594//4241 1945//4241 1944//4241
f 1590//4242 84//4242 86//4242
f 1590//4243 86//4243 1591//4243
f 221//4244 2637//4244 219//4244
f 221//4245 2638//4245 2637//4245
f 1595//4246 1594//4246 1944//4246
f 1595//4247 1936//4247 1935//4247
f 1595//4248 1937//4248 1936//4248
f 1595//4249 1938//4249 1937//4249
f 1595//4250 1939//4250 1938//4250
f 1595//4251 1940//4251 1939//4251
f 1595//4252 1941//4252 1940//4252
f 1595//4253 1942//4253 1941//4253
f 1595//4254 1943//4254 1942//4254
f 1595//4255 1944//4255 1943//4255
f 1589//4256 84//4256 1590//4256
f 1589//4257 81//4257 84//4257
f 223//4258 2638//4258 221//4258
f 223//4259 2639//4259 2638//4259
f 1596//4260 1595//4260 1935//4260
f 1596//4261 1925//4261 1924//4261
f 1596//4262 1926//4262 1925//4262
f 1596//4263 1927//4263 1926//4263
f 1596//4264 1928//4264 1927//4264
f 1596//4265 1929//4265 1928//4265
f 1596//4266 1930//4266 1929//4266
f 1596//4267 1931//4267 1930//4267
f 1596//4268 1932//4268 1931//4268
f 1596//4269 1933//4269 1932//4269
f 1596//4270 1934//4270 1933//4270
f 1596//4271 1935//4271 1934//4271
f 225//4272 2639//4272 223//4272
f 225//4273 2640//4273 2639//4273
f 1588//4274 81//4274 1589//4274
f 1588//4275 80//4275 81//4275
f 1597//4276 2047//4276 2046//4276
f 1597//4277 2048//4277 2047//4277
f 1597//4278 1923//4278 2048//4278
f 1597//4279 1596//4279 1924//4279
f 1597//4280 1924//4280 1923//4280
f 1597//4281 2040//4281 2039//4281
f 1597//4282 2041//4282 2040//4282
f 1597//4283 2042//4283 2041//4283
f 1597//4284 2043//4284 2042//4284
f 1597//4285 2044//4285 2043//4285
f 1597//4286 2045//4286 2044//4286
f 1597//4287 2046//4287 2045//4287
f 227//4288 2641//4288 2640//4288
f 227//4289 2640//4289 225//4289
f 1587//4290 80//4290 1588//4290
f 1587//4291 78//4291 80//4291
f 229//4292 2641//4292 227//4292
f 229//4293 2642//4293 2641//4293
f 1598//4294 2028//4294 2027//4294
f 1598//4295 2029//4295 2028//4295
f 1598//4296 2030//4296 2029//4296
f 1598//4297 2031//4297 2030//4297
f 1598//4298 1597//4298 2039//4298
f 1598//4299 2032//4299 2031//4299
f 1598//4300 2033//4300 2032//4300
f 1598//4301 2034//4301 2033//4301
f 1598//4302 2035//4302 2034//4302
f 1598//4303 2036//4303 2035//4303
f 1598//4304 2037//4304 2036//4304
f 1598//4305 2038//4305 2037//4305
f 1598//4306 2039//4306 2038//4306
f 231//4307 2642//4307 229//4307
f 231//4308 2643//4308 2642//4308
f 233//4309 2643//4309 231//4309
f 233//4310 2644//4310 2643//4310
f 1586//4311 78//4311 1587//4311
f 1586//4312 73//4312 76//4312
f 1586//4313 76//4313 78//4313
f 236//4314 2644//4314 233//4314
f 236//4315 2645//4315 2644//4315
f 1599//4316 1598//4316 2027//4316
f 1599//4317 2017//4317 2016//4317
f 1599//4318 2018//4318 2017//4318
f 1599//4319 2019//4319 2018//4319
f 1599//4320 2020//4320 2019//4320
f 1599//4321 2021//4321 2020//4321
f 1599//4322 2022//4322 2021//4322
f 1599//4323 2023//4323 2022//4323
f 1599//4324 2024//4324 2023//4324
f 1599//4325 2025//4325 2024//4325
f 1599//4326 2026//4326 2025//4326
f 1599//4327 2027//4327 2026//4327
f 237//4328 2645//4328 236//4328
f 237//4329 2646//4329 2645//4329
f 1585//4330 73//4330 1586//4330
f 1585//4331 72//4331 73//4331
f 239//4332 2646//4332 237//4332
f 239//4333 2647//4333 2646//4333
f 241//4334 2653//4334 2652//4334
f 241//4335 2654//4335 2653//4335
f 241//4336 2655//4336 2654//4336
f 241//4337 2656//4337 2655//4337
f 241//4338 2657//4338 2656//4338
f 241//4339 2658//4339 2657//4339
f 241//4340 2659//4340 2658//4340
f 241//4341 2660//4341 2659//4341
f 241//4342 2661//4342 2660//4342
f 241//4343 2662//4343 2661//4343
f 241//4344 2663//4344 2662//4344
f 241//4345 2647//4345 239//4345
f 241//4346 2648//4346 2647//4346
f 241//4347 2649//4347 2648//4347
f 241//4348 2650//4348 2649//4348
f 241//4349 2651//4349 2650//4349
f 241//4350 2652//4350 2651//4350
f 1600//4351 1599//4351 2016//4351
f 1600//4352 2008//4352 2007//4352
f 1600//4353 2009//4353 2008//4353
f 1600//4354 2010//4354 2009//4354
f 1600//4355 2011//4355 2010//4355
f 1600//4356 2012//4356 2011//4356
f 1600//4357 2013//4357 2012//4357
f 1600//4358 2014//4358 2013//4358
f 1600//4359 2015//4359 2014//4359
f 1600//4360 2016//4360 2015//4360
f 1584//4361 72//4361 1585//4361
f 1584//4362 70//4362 72//4362
f 1601//4363 2005//4363 106//4363
f 1601//4364 1600//4364 2007//4364
f 1601//4365 106//4365 107//4365
f 1601//4366 2006//4366 2005//4366
f 1601//4367 2007//4367 2006//4367
f 1583//4368 68//4368 70//4368
f 1583//4369 70//4369 1584//4369
f 1602//4370 107//4370 110//4370
f 1602//4371 1601//4371 107//4371
f 1582//4372 65//4372 68//4372
f 1582//4373 68//4373 1583//4373
f 1603//4374 1602//4374 110//4374
f 1603//4375 110//4375 112//4375
f 1581//4376 64//4376 65//4376
f 1581//4377 65//4377 1582//4377
f 1604//4378 1603//4378 112//4378
f 2349//4379 2348//4379 60//4379
f 2347//4380 60//4380 2348//4380
f 2350//4381 2349//4381 60//4381
f 2346//4382 60//4382 2347//4382
f 2351//4383 2350//4383 60//4383
f 2345//4384 60//4384 2346//4384
f 2352//4385 2351//4385 60//4385
f 2344//4386 60//4386 2345//4386
f 2353//4387 60//4387 62//4387
f 2353//4388 2352//4388 60//4388
f 2343//4389 58//4389 60//4389
f 2343//4390 60//4390 2344//4390
f 2354//4391 2353//4391 62//4391
f 2342//4392 58//4392 2343//4392
f 2355//4393 2354//4393 62//4393
f 2341//4394 58//4394 2342//4394
f 2356//4395 2355//4395 62//4395
f 2340//4396 58//4396 2341//4396
f 2357//4397 2356//4397 62//4397
f 2339//4398 58//4398 2340//4398
f 2358//4399 2357//4399 62//4399
f 2338//4400 58//4400 2339//4400
f 2359//4401 2358//4401 62//4401
f 2337//4402 58//4402 2338//4402
f 2360//4403 62//4403 64//4403
f 2360//4404 2359//4404 62//4404
f 2336//4405 58//4405 2337//4405
f 1580//4406 64//4406 1581//4406
f 2361//4407 2360//4407 64//4407
f 2335//4408 58//4408 2336//4408
f 2362//4409 2361//4409 64//4409
f 2362//4410 64//4410 1580//4410
f 2334//4411 58//4411 2335//4411
f 2363//4412 2362//4412 1580//4412
f 2333//4413 56//4413 58//4413
f 2333//4414 58//4414 2334//4414
f 2364//4415 2363//4415 1580//4415
f 2332//4416 56//4416 2333//4416
f 2331//4417 56//4417 2332//4417
f 2330//4418 56//4418 2331//4418
f 1605//4419 1604//4419 112//4419
f 2329//4420 56//4420 2330//4420
f 2328//4421 56//4421 2329//4421
f 2327//4422 56//4422 2328//4422
f 2326//4423 56//4423 2327//4423
f 2325//4424 56//4424 2326//4424
f 1579//4425 2365//4425 2364//4425
f 1579//4426 2366//4426 2365//4426
f 1579//4427 2367//4427 2366//4427
f 1579//4428 2368//4428 2367//4428
f 1579//4429 2369//4429 2368//4429
f 1579//4430 2370//4430 2369//4430
f 1579//4431 2371//4431 2370//4431
f 1579//4432 2372//4432 2371//4432
f 1579//4433 2364//4433 1580//4433
f 2324//4434 56//4434 2325//4434
f 2373//4435 2372//4435 1579//4435
f 2323//4436 56//4436 2324//4436
f 2322//4437 54//4437 56//4437
f 2322//4438 56//4438 2323//4438
f 2321//4439 54//4439 2322//4439
f 2320//4440 54//4440 2321//4440
f 1606//4441 1605//4441 112//4441
f 2319//4442 54//4442 2320//4442
f 2318//4443 54//4443 2319//4443
f 2317//4444 54//4444 2318//4444
f 2316//4445 54//4445 2317//4445
f 2315//4446 54//4446 2316//4446
f 1578//4447 2374//4447 2373//4447
f 1578//4448 2375//4448 2374//4448
f 1578//4449 2376//4449 2375//4449
f 1578//4450 2377//4450 2376//4450
f 1578//4451 2378//4451 2377//4451
f 1578//4452 2379//4452 2378//4452
f 1578//4453 2380//4453 2379//4453
f 1578//4454 2381//4454 2380//4454
f 1578//4455 2382//4455 2381//4455
f 1578//4456 2373//4456 1579//4456
f 2314//4457 54//4457 2315//4457
f 2383//4458 2382//4458 1578//4458
f 2313//4459 52//4459 54//4459
f 2313//4460 54//4460 2314//4460
f 2384//4461 2383//4461 1578//4461
f 2312//4462 52//4462 2313//4462
f 2311//4463 52//4463 2312//4463
f 2310//4464 52//4464 2311//4464
f 1607//4465 2556//4465 2555//4465
f 1607//4466 2557//4466 2556//4466
f 1607//4467 112//4467 2557//4467
f 1607//4468 1606//4468 112//4468
f 2309//4469 52//4469 2310//4469
f 2308//4470 52//4470 2309//4470
f 2307//4471 52//4471 2308//4471
f 2306//4472 52//4472 2307//4472
f 2305//4473 52//4473 2306//4473
f 1577//4474 2384//4474 1578//4474
f 1577//4475 2385//4475 2384//4475
f 1577//4476 2386//4476 2385//4476
f 1577//4477 2387//4477 2386//4477
f 1577//4478 2388//4478 2387//4478
f 1577//4479 2389//4479 2388//4479
f 1577//4480 2390//4480 2389//4480
f 1577//4481 2391//4481 2390//4481
f 1577//4482 2392//4482 2391//4482
f 1577//4483 2393//4483 2392//4483
f 2394//4484 2393//4484 1577//4484
f 2395//4485 2394//4485 1577//4485
f 2396//4486 2395//4486 1577//4486
f 50//4487 52//4487 2305//4487
f 50//4488 2304//4488 2303//4488
f 50//4489 2305//4489 2304//4489
f 1608//4490 2554//4490 2553//4490
f 1608//4491 2555//4491 2554//4491
f 1608//4492 1607//4492 2555//4492
f 1608//4493 2678//4493 2677//4493
f 1608//4494 2553//4494 2678//4494
f 1576//4495 2397//4495 2396//4495
f 1576//4496 2398//4496 2397//4496
f 1576//4497 2399//4497 2398//4497
f 1576//4498 2400//4498 2399//4498
f 1576//4499 2401//4499 2400//4499
f 1576//4500 2402//4500 2401//4500
f 1576//4501 2403//4501 2402//4501
f 1576//4502 2404//4502 2403//4502
f 1576//4503 2405//4503 2404//4503
f 1576//4504 2406//4504 2405//4504
f 1576//4505 2407//4505 2406//4505
f 1576//4506 2396//4506 1577//4506
f 373//4507 2664//4507 2663//4507
f 373//4508 2665//4508 2664//4508
f 373//4509 2666//4509 2665//4509
f 373//4510 2667//4510 2666//4510
f 373//4511 2668//4511 2667//4511
f 373//4512 2669//4512 2668//4512
f 373//4513 2670//4513 2669//4513
f 373//4514 2671//4514 2670//4514
f 373//4515 2672//4515 2671//4515
f 373//4516 2673//4516 2672//4516
f 373//4517 2674//4517 2673//4517
f 373//4518 2675//4518 2674//4518
f 373//4519 2663//4519 241//4519
f 1609//4520 2675//4520 373//4520
f 1609//4521 2676//4521 2675//4521
f 1609//4522 2677//4522 2676//4522
f 1609//4523 1608//4523 2677//4523
f 1575//4524 2407//4524 1576//4524
f 1575//4525 2408//4525 2407//4525
f 1575//4526 2409//4526 2408//4526
f 1575//4527 2410//4527 2409//4527
f 1575//4528 2411//4528 2410//4528
f 1575//4529 2412//4529 2411//4529
f 1575//4530 2413//4530 2412//4530
f 1575//4531 2414//4531 2413//4531
f 1575//4532 2415//4532 2414//4532
f 1575//4533 2416//4533 2415//4533
f 1575//4534 2417//4534 2416//4534
f 1575//4535 2418//4535 2417//4535
f 1610//4536 1609//4536 373//4536
f 1574//4537 2419//4537 2418//4537
f 1574//4538 2420//4538 2419//4538
f 1574//4539 2421//4539 2420//4539
f 1574//4540 2422//4540 2421//4540
f 1574//4541 2423//4541 2422//4541
f 1574//4542 2418//4542 1575//4542
f 1574//4543 2424//4543 2423//4543
f 1574//4544 2425//4544 2424//4544
f 1574//4545 2426//4545 2425//4545
f 1574//4546 2301//4546 2426//4546
f 1611//4547 1610//4547 373//4547
f 1573//4548 48//4548 50//4548
f 1573//4549 50//4549 2303//4549
f 1573//4550 2302//4550 2301//4550
f 1573//4551 2303//4551 2302//4551
f 1573//4552 2301//4552 1574//4552
f 1612//4553 1611//4553 373//4553
f 1572//4554 48//4554 1573//4554
f 1572//4555 46//4555 48//4555
f 1613//4556 373//4556 374//4556
f 1613//4557 374//4557 376//4557
f 1613//4558 1612//4558 373//4558
f 1571//4559 43//4559 46//4559
f 1571//4560 46//4560 1572//4560
f 1614//4561 376//4561 378//4561
f 1614//4562 1613//4562 376//4562
f 1570//4563 42//4563 43//4563
f 1570//4564 43//4564 1571//4564
f 1615//4565 1614//4565 378//4565
f 1569//4566 40//4566 42//4566
f 1569//4567 42//4567 1570//4567
f 1568//4568 37//4568 40//4568
f 1568//4569 40//4569 1569//4569
f 2223//4570 2222//4570 380//4570
f 2221//4571 380//4571 2222//4571
f 2224//4572 2223//4572 380//4572
f 2220//4573 378//4573 380//4573
f 2220//4574 380//4574 2221//4574
f 2225//4575 2224//4575 380//4575
f 2219//4576 1615//4576 378//4576
f 2219//4577 378//4577 2220//4577
f 2226//4578 2225//4578 380//4578
f 2218//4579 1615//4579 2219//4579
f 2227//4580 2226//4580 380//4580
f 2227//4581 380//4581 382//4581
f 2217//4582 1615//4582 2218//4582
f 2217//4583 1616//4583 1615//4583
f 2228//4584 2227//4584 382//4584
f 2216//4585 1616//4585 2217//4585
f 2229//4586 2228//4586 382//4586
f 2215//4587 1616//4587 2216//4587
f 2230//4588 2229//4588 382//4588
f 2214//4589 1616//4589 2215//4589
f 2231//4590 2230//4590 382//4590
f 2213//4591 1616//4591 2214//4591
f 2232//4592 2231//4592 382//4592
f 2212//4593 1616//4593 2213//4593
f 2233//4594 2232//4594 382//4594
f 2211//4595 1616//4595 2212//4595
f 2234//4596 2233//4596 382//4596
f 2210//4597 1616//4597 2211//4597
f 2235//4598 2234//4598 382//4598
f 2209//4599 1616//4599 2210//4599
f 2236//4600 382//4600 384//4600
f 2236//4601 2235//4601 382//4601
f 2208//4602 1616//4602 2209//4602
f 1617//4603 1616//4603 2208//4603
f 2237//4604 2236//4604 384//4604
f 2207//4605 1617//4605 2208//4605
f 2238//4606 2237//4606 384//4606
f 2206//4607 1617//4607 2207//4607
f 2239//4608 2238//4608 384//4608
f 2205//4609 1617//4609 2206//4609
f 2240//4610 2239//4610 384//4610
f 2204//4611 1617//4611 2205//4611
f 2241//4612 2240//4612 384//4612
f 2203//4613 1617//4613 2204//4613
f 2242//4614 2241//4614 384//4614
f 2202//4615 1617//4615 2203//4615
f 2243//4616 2242//4616 384//4616
f 2201//4617 1617//4617 2202//4617
f 2244//4618 2243//4618 384//4618
f 2200//4619 1617//4619 2201//4619
f 2245//4620 2244//4620 384//4620
f 385//4621 2245//4621 384//4621
f 2199//4622 1617//4622 2200//4622
f 1567//4623 35//4623 37//4623
f 1567//4624 37//4624 1568//4624
f 2246//4625 2245//4625 385//4625
f 2198//4626 1617//4626 2199//4626
f 2247//4627 2246//4627 385//4627
f 2197//4628 1617//4628 2198//4628
f 2248//4629 2247//4629 385//4629
f 2249//4630 2248//4630 385//4630
f 2250//4631 2249//4631 385//4631
f 2251//4632 2250//4632 385//4632
f 2252//4633 2251//4633 385//4633
f 1618//4634 2193//4634 2192//4634
f 1618//4635 2194//4635 2193//4635
f 1618//4636 2195//4636 2194//4636
f 1618//4637 2196//4637 2195//4637
f 1618//4638 2197//4638 2196//4638
f 1618//4639 1617//4639 2197//4639
f 2253//4640 2252//4640 385//4640
f 2191//4641 1618//4641 2192//4641
f 2254//4642 2253//4642 385//4642
f 2190//4643 1618//4643 2191//4643
f 2255//4644 2254//4644 385//4644
f 2189//4645 1618//4645 2190//4645
f 2188//4646 1618//4646 2189//4646
f 2187//4647 1618//4647 2188//4647
f 2186//4648 1618//4648 2187//4648
f 1566//4649 34//4649 35//4649
f 1566//4650 35//4650 1567//4650
f 388//4651 2256//4651 2255//4651
f 388//4652 2257//4652 2256//4652
f 388//4653 2258//4653 2257//4653
f 388//4654 2259//4654 2258//4654
f 388//4655 2260//4655 2259//4655
f 388//4656 2261//4656 2260//4656
f 388//4657 2255//4657 385//4657
f 388//4658 2262//4658 2261//4658
f 2263//4659 2262//4659 388//4659
f 2264//4660 2263//4660 388//4660
f 2265//4661 2264//4661 388//4661
f 1619//4662 2177//4662 2176//4662
f 1619//4663 2178//4663 2177//4663
f 1619//4664 2179//4664 2178//4664
f 1619//4665 2180//4665 2179//4665
f 1619//4666 2181//4666 2180//4666
f 1619//4667 2182//4667 2181//4667
f 1619//4668 2183//4668 2182//4668
f 1619//4669 2184//4669 2183//4669
f 1619//4670 2185//4670 2184//4670
f 1619//4671 2186//4671 2185//4671
f 1619//4672 1618//4672 2186//4672
f 2175//4673 1619//4673 2176//4673
f 2300//4674 1619//4674 2175//4674
f 1565//4675 34//4675 1566//4675
f 32//4676 34//4676 1565//4676
f 390//4677 2266//4677 2265//4677
f 390//4678 2267//4678 2266//4678
f 390//4679 2268//4679 2267//4679
f 390//4680 2269//4680 2268//4680
f 390//4681 2270//4681 2269//4681
f 390//4682 2271//4682 2270//4682
f 390//4683 2272//4683 2271//4683
f 390//4684 2273//4684 2272//4684
f 390//4685 2265//4685 388//4685
f 1620//4686 2290//4686 2289//4686
f 1620//4687 2291//4687 2290//4687
f 1620//4688 2292//4688 2291//4688
f 1620//4689 2293//4689 2292//4689
f 1620//4690 2294//4690 2293//4690
f 1620//4691 2295//4691 2294//4691
f 1620//4692 2296//4692 2295//4692
f 1620//4693 2297//4693 2296//4693
f 1620//4694 2298//4694 2297//4694
f 1620//4695 2299//4695 2298//4695
f 1620//4696 2300//4696 2299//4696
f 1620//4697 1619//4697 2300//4697
f 1564//4698 32//4698 1565//4698
f 30//4699 32//4699 1564//4699
f 392//4700 2273//4700 390//4700
f 392//4701 2274//4701 2273//4701
f 392//4702 2275//4702 2274//4702
f 392//4703 2276//4703 2275//4703
f 392//4704 2277//4704 2276//4704
f 392//4705 2278//4705 2277//4705
f 1621//4706 2281//4706 2280//4706
f 1621//4707 2282//4707 2281//4707
f 1621//4708 2283//4708 2282//4708
f 1621//4709 2284//4709 2283//4709
f 1621//4710 2285//4710 2284//4710
f 1621//4711 2286//4711 2285//4711
f 1621//4712 2287//4712 2286//4712
f 1621//4713 2288//4713 2287//4713
f 1621//4714 2289//4714 2288//4714
f 1621//4715 1620//4715 2289//4715
f 1563//4716 30//4716 1564//4716
f 1622//4717 2279//4717 2278//4717
f 1622//4718 2280//4718 2279//4718
f 1622//4719 2278//4719 392//4719
f 1622//4720 1621//4720 2280//4720
f 28//4721 30//4721 1563//4721
f 393//4722 1622//4722 392//4722
f 1562//4723 28//4723 1563//4723
f 1623//4724 1622//4724 393//4724
f 396//4725 1623//4725 393//4725
f 26//4726 28//4726 1562//4726
f 1561//4727 26//4727 1562//4727
f 1624//4728 1623//4728 396//4728
f 398//4729 1624//4729 396//4729
f 24//4730 1561//4730 1560//4730
f 24//4731 26//4731 1561//4731
f 1625//4732 1624//4732 398//4732
f 400//4733 1625//4733 398//4733
f 22//4734 24//4734 1560//4734
f 22//4735 1560//4735 1559//4735
f 1626//4736 1625//4736 400//4736
f 402//4737 1626//4737 400//4737
f 1627//4738 1626//4738 402//4738
f 404//4739 1627//4739 402//4739
f 1628//4740 1627//4740 404//4740
f 1845//4741 1844//4741 1558//4741
f 1843//4742 1558//4742 1844//4742
f 1846//4743 1845//4743 1558//4743
f 1842//4744 1558//4744 1843//4744
f 1847//4745 1846//4745 1558//4745
f 1841//4746 1558//4746 1842//4746
f 1848//4747 1558//4747 1557//4747
f 1848//4748 1847//4748 1558//4748
f 1840//4749 1558//4749 1841//4749
f 1849//4750 1848//4750 1557//4750
f 1839//4751 1559//4751 1558//4751
f 1839//4752 1558//4752 1840//4752
f 1850//4753 1849//4753 1557//4753
f 1838//4754 1559//4754 1839//4754
f 1851//4755 1850//4755 1557//4755
f 1837//4756 22//4756 1559//4756
f 1837//4757 1559//4757 1838//4757
f 1852//4758 1851//4758 1557//4758
f 1836//4759 20//4759 22//4759
f 1836//4760 22//4760 1837//4760
f 1853//4761 1852//4761 1557//4761
f 1835//4762 20//4762 1836//4762
f 1854//4763 1853//4763 1557//4763
f 1834//4764 20//4764 1835//4764
f 1855//4765 1854//4765 1557//4765
f 1833//4766 20//4766 1834//4766
f 1856//4767 1855//4767 1557//4767
f 1832//4768 20//4768 1833//4768
f 1857//4769 1856//4769 1557//4769
f 1831//4770 20//4770 1832//4770
f 1858//4771 1857//4771 1557//4771
f 1830//4772 20//4772 1831//4772
f 1859//4773 1858//4773 1557//4773
f 1829//4774 20//4774 1830//4774
f 1828//4775 18//4775 20//4775
f 1828//4776 20//4776 1829//4776
f 1556//4777 1860//4777 1859//4777
f 1556//4778 1859//4778 1557//4778
f 1861//4779 1860//4779 1556//4779
f 1827//4780 18//4780 1828//4780
f 1862//4781 1861//4781 1556//4781
f 1826//4782 18//4782 1827//4782
f 1863//4783 1862//4783 1556//4783
f 1825//4784 18//4784 1826//4784
f 1864//4785 1863//4785 1556//4785
f 1824//4786 18//4786 1825//4786
f 1865//4787 1864//4787 1556//4787
f 1823//4788 18//4788 1824//4788
f 1866//4789 1865//4789 1556//4789
f 1822//4790 18//4790 1823//4790
f 1867//4791 1866//4791 1556//4791
f 1821//4792 18//4792 1822//4792
f 1868//4793 1867//4793 1556//4793
f 1820//4794 18//4794 1821//4794
f 1869//4795 1868//4795 1556//4795
f 1819//4796 18//4796 1820//4796
f 1870//4797 1869//4797 1556//4797
f 406//4798 1628//4798 404//4798
f 406//4799 1629//4799 1628//4799
f 16//4800 18//4800 1819//4800
f 16//4801 1814//4801 1813//4801
f 16//4802 1815//4802 1814//4802
f 16//4803 1816//4803 1815//4803
f 16//4804 1817//4804 1816//4804
f 16//4805 1818//4805 1817//4805
f 16//4806 1819//4806 1818//4806
f 1812//4807 16//4807 1813//4807
f 1555//4808 1871//4808 1870//4808
f 1555//4809 1872//4809 1871//4809
f 1555//4810 1873//4810 1872//4810
f 1555//4811 1874//4811 1873//4811
f 1555//4812 1875//4812 1874//4812
f 1555//4813 1876//4813 1875//4813
f 1555//4814 1870//4814 1556//4814
f 1877//4815 1876//4815 1555//4815
f 1811//4816 16//4816 1812//4816
f 1878//4817 1877//4817 1555//4817
f 1810//4818 16//4818 1811//4818
f 1879//4819 1878//4819 1555//4819
f 1809//4820 16//4820 1810//4820
f 1880//4821 1879//4821 1555//4821
f 1881//4822 1880//4822 1555//4822
f 1882//4823 1881//4823 1555//4823
f 1630//4824 1629//4824 406//4824
f 1554//4825 1883//4825 1882//4825
f 1554//4826 1884//4826 1883//4826
f 1554//4827 1885//4827 1884//4827
f 1554//4828 1886//4828 1885//4828
f 1554//4829 1887//4829 1886//4829
f 1554//4830 1888//4830 1887//4830
f 1554//4831 1889//4831 1888//4831
f 1554//4832 1890//4832 1889//4832
f 1554//4833 1891//4833 1890//4833
f 1554//4834 1892//4834 1891//4834
f 1554//4835 1882//4835 1555//4835
f 1893//4836 1892//4836 1554//4836
f 14//4837 1799//4837 1798//4837
f 14//4838 1800//4838 1799//4838
f 14//4839 1801//4839 1800//4839
f 14//4840 1802//4840 1801//4840
f 14//4841 1803//4841 1802//4841
f 14//4842 1804//4842 1803//4842
f 14//4843 1805//4843 1804//4843
f 14//4844 1806//4844 1805//4844
f 14//4845 1807//4845 1806//4845
f 14//4846 1808//4846 1807//4846
f 14//4847 1809//4847 1808//4847
f 14//4848 16//4848 1809//4848
f 1631//4849 1630//4849 406//4849
f 1553//4850 1893//4850 1554//4850
f 1553//4851 1894//4851 1893//4851
f 1553//4852 1895//4852 1894//4852
f 1553//4853 1896//4853 1895//4853
f 1553//4854 1897//4854 1896//4854
f 1553//4855 1898//4855 1897//4855
f 1553//4856 1899//4856 1898//4856
f 1553//4857 1900//4857 1899//4857
f 1553//4858 1901//4858 1900//4858
f 1553//4859 1902//4859 1901//4859
f 1632//4860 1631//4860 406//4860
f 11//4861 1798//4861 1797//4861
f 11//4862 14//4862 1798//4862
f 11//4863 1916//4863 1915//4863
f 11//4864 1917//4864 1916//4864
f 11//4865 1918//4865 1917//4865
f 11//4866 1919//4866 1918//4866
f 11//4867 1920//4867 1919//4867
f 11//4868 1921//4868 1920//4868
f 11//4869 1922//4869 1921//4869
f 11//4870 1797//4870 1922//4870
f 1552//4871 1902//4871 1553//4871
f 1552//4872 1903//4872 1902//4872
f 1552//4873 1904//4873 1903//4873
f 1633//4874 1632//4874 406//4874
f 10//4875 1908//4875 1907//4875
f 10//4876 1909//4876 1908//4876
f 10//4877 1910//4877 1909//4877
f 10//4878 11//4878 1915//4878
f 10//4879 1911//4879 1910//4879
f 10//4880 1912//4880 1911//4880
f 10//4881 1913//4881 1912//4881
f 10//4882 1914//4882 1913//4882
f 10//4883 1915//4883 1914//4883
f 1634//4884 1633//4884 406//4884
f 8//4885 1904//4885 1552//4885
f 8//4886 1905//4886 1904//4886
f 8//4887 1906//4887 1905//4887
f 8//4888 1907//4888 1906//4888
f 8//4889 10//4889 1907//4889
f 6//4890 1552//4890 1551//4890
f 6//4891 8//4891 1552//4891
f 4//4892 6//4892 1551//4892
f 4//4893 1551//4893 1550//4893
f 3//4894 1547//4894 1546//4894
f 3//4895 1548//4895 1547//4895
f 3//4896 1549//4896 1548//4896
f 3//4897 1550//4897 1549//4897
f 3//4898 4//4898 1550//4898
f 2475//4899 2474//4899 1638//4899
f 2473//4900 1638//4900 2474//4900
f 2476//4901 2475//4901 1638//4901
f 2472//4902 1638//4902 2473//4902
f 2477//4903 2476//4903 1638//4903
f 2471//4904 1638//4904 2472//4904
f 2478//4905 2477//4905 1638//4905
f 2470//4906 1638//4906 2471//4906
f 2470//4907 1639//4907 1638//4907
f 2479//4908 2478//4908 1638//4908
f 2469//4909 1639//4909 2470//4909
f 2480//4910 2479//4910 1638//4910
f 2468//4911 1639//4911 2469//4911
f 2481//4912 2480//4912 1638//4912
f 2481//4913 1638//4913 1637//4913
f 2467//4914 1639//4914 2468//4914
f 2482//4915 2481//4915 1637//4915
f 2466//4916 1639//4916 2467//4916
f 2483//4917 2482//4917 1637//4917
f 2465//4918 1639//4918 2466//4918
f 2484//4919 2483//4919 1637//4919
f 1545//4920 3//4920 1546//4920
f 2464//4921 1639//4921 2465//4921
f 2485//4922 2484//4922 1637//4922
f 2463//4923 1639//4923 2464//4923
f 2486//4924 2485//4924 1637//4924
f 2462//4925 1639//4925 2463//4925
f 2487//4926 2486//4926 1637//4926
f 2461//4927 1639//4927 2462//4927
f 2488//4928 2487//4928 1637//4928
f 2460//4929 1639//4929 2461//4929
f 2489//4930 2488//4930 1637//4930
f 2459//4931 1639//4931 2460//4931
f 2490//4932 2489//4932 1637//4932
f 2490//4933 1637//4933 1636//4933
f 2458//4934 1639//4934 2459//4934
f 2491//4935 2490//4935 1636//4935
f 2492//4936 2491//4936 1636//4936
f 1640//4937 2458//4937 2457//4937
f 1640//4938 1639//4938 2458//4938
f 2456//4939 1640//4939 2457//4939
f 2493//4940 2492//4940 1636//4940
f 2455//4941 1640//4941 2456//4941
f 2494//4942 2493//4942 1636//4942
f 2454//4943 1640//4943 2455//4943
f 2495//4944 2494//4944 1636//4944
f 2453//4945 1640//4945 2454//4945
f 2496//4946 2495//4946 1636//4946
f 2496//4947 1636//4947 1635//4947
f 2452//4948 1640//4948 2453//4948
f 2497//4949 2496//4949 1635//4949
f 2451//4950 1640//4950 2452//4950
f 2498//4951 2497//4951 1635//4951
f 2450//4952 1640//4952 2451//4952
f 2499//4953 2498//4953 1635//4953
f 2449//4954 1640//4954 2450//4954
f 2500//4955 2499//4955 1635//4955
f 2500//4956 1635//4956 1634//4956
f 2448//4957 1640//4957 2449//4957
f 2501//4958 2500//4958 1634//4958
f 2447//4959 1640//4959 2448//4959
f 2502//4960 2501//4960 1634//4960
f 2502//4961 1634//4961 406//4961
f 2503//4962 2502//4962 406//4962
f 1641//4963 1640//4963 2447//4963
f 1641//4964 2447//4964 2446//4964
f 2445//4965 1641//4965 2446//4965
f 2504//4966 2503//4966 406//4966
f 2444//4967 1641//4967 2445//4967
f 2505//4968 2504//4968 406//4968
f 2443//4969 1641//4969 2444//4969
f 2506//4970 2505//4970 406//4970
f 2442//4971 1641//4971 2443//4971
f 2507//4972 2506//4972 406//4972
f 2441//4973 1641//4973 2442//4973
f 2508//4974 2507//4974 406//4974
f 2440//4975 1641//4975 2441//4975
f 2509//4976 2508//4976 406//4976
f 2439//4977 1641//4977 2440//4977
f 2510//4978 406//4978 407//4978
f 2510//4979 2509//4979 406//4979
f 2438//4980 1641//4980 2439//4980
f 2511//4981 2510//4981 407//4981
f 2437//4982 1641//4982 2438//4982
f 2512//4983 2511//4983 407//4983
f 2436//4984 1641//4984 2437//4984
f 2513//4985 2512//4985 407//4985
f 1642//4986 1641//4986 2436//4986
f 2435//4987 1642//4987 2436//4987
f 2514//4988 2513//4988 407//4988
f 2434//4989 1642//4989 2435//4989
f 2515//4990 2514//4990 407//4990
f 2433//4991 1642//4991 2434//4991
f 2516//4992 2515//4992 407//4992
f 2432//4993 1642//4993 2433//4993
f 2517//4994 2516//4994 407//4994
f 2431//4995 1642//4995 2432//4995
f 2518//4996 2517//4996 407//4996
f 2430//4997 1642//4997 2431//4997
f 2519//4998 2518//4998 407//4998
f 2429//4999 1642//4999 2430//4999
f 2520//5000 2519//5000 407//5000
f 2428//5001 1642//5001 2429//5001
f 2521//5002 2520//5002 407//5002
f 2427//5003 1642//5003 2428//5003
f 2522//5004 2521//5004 407//5004
f 1643//5005 2552//5005 2551//5005
f 1643//5006 2427//5006 2552//5006
f 1643//5007 1642//5007 2427//5007
f 1643//5008 2551//5008 2550//5008
f 2549//5009 1643//5009 2550//5009
f 2548//5010 1643//5010 2549//5010
f 2547//5011 1643//5011 2548//5011
f 1644//5012 1643//5012 2547//5012
f 1644//5013 2544//5013 2543//5013
f 1644//5014 2545//5014 2544//5014
f 1644//5015 2546//5015 2545//5015
f 1644//5016 2547//5016 2546//5016
f 1645//5017 1644//5017 2543//5017
f 1645//5018 2541//5018 2540//5018
f 1645//5019 2542//5019 2541//5019
f 1645//5020 2543//5020 2542//5020
f 2097//5021 2096//5021 1661//5021
f 2095//5022 1661//5022 2096//5022
f 2098//5023 2097//5023 1661//5023
f 2094//5024 1661//5024 2095//5024
f 2099//5025 2098//5025 1661//5025
f 2093//5026 1661//5026 2094//5026
f 2100//5027 2099//5027 1661//5027
f 2092//5028 1661//5028 2093//5028
f 2101//5029 2100//5029 1661//5029
f 2091//5030 1661//5030 2092//5030
f 2102//5031 1661//5031 1660//5031
f 2102//5032 2101//5032 1661//5032
f 2090//5033 1662//5033 1661//5033
f 2090//5034 1661//5034 2091//5034
f 2103//5035 2102//5035 1660//5035
f 2089//5036 1662//5036 2090//5036
f 2104//5037 2103//5037 1660//5037
f 2088//5038 1662//5038 2089//5038
f 2105//5039 2104//5039 1660//5039
f 2087//5040 1662//5040 2088//5040
f 2106//5041 2105//5041 1660//5041
f 2086//5042 1662//5042 2087//5042
f 2107//5043 2106//5043 1660//5043
f 2085//5044 1662//5044 2086//5044
f 2108//5045 2107//5045 1660//5045
f 2084//5046 1662//5046 2085//5046
f 2109//5047 2108//5047 1660//5047
f 2083//5048 1662//5048 2084//5048
f 2110//5049 2109//5049 1660//5049
f 2082//5050 1662//5050 2083//5050
f 2111//5051 2110//5051 1660//5051
f 2081//5052 1662//5052 2082//5052
f 2112//5053 2111//5053 1660//5053
f 2080//5054 1662//5054 2081//5054
f 2113//5055 1660//5055 1659//5055
f 2113//5056 2112//5056 1660//5056
f 2079//5057 1663//5057 1662//5057
f 2079//5058 1662//5058 2080//5058
f 2114//5059 2113//5059 1659//5059
f 2078//5060 1663//5060 2079//5060
f 2115//5061 2114//5061 1659//5061
f 2077//5062 1663//5062 2078//5062
f 2116//5063 2115//5063 1659//5063
f 2076//5064 1663//5064 2077//5064
f 2117//5065 2116//5065 1659//5065
f 2075//5066 1663//5066 2076//5066
f 2118//5067 2117//5067 1659//5067
f 2074//5068 1663//5068 2075//5068
f 2119//5069 2118//5069 1659//5069
f 2073//5070 1663//5070 2074//5070
f 2120//5071 2119//5071 1659//5071
f 2072//5072 1663//5072 2073//5072
f 2121//5073 2120//5073 1659//5073
f 2071//5074 1663//5074 2072//5074
f 2122//5075 2121//5075 1659//5075
f 2070//5076 1663//5076 2071//5076
f 2070//5077 1664//5077 1663//5077
f 2123//5078 2122//5078 1659//5078
f 2069//5079 1664//5079 2070//5079
f 2124//5080 1659//5080 1658//5080
f 2124//5081 2123//5081 1659//5081
f 2068//5082 1664//5082 2069//5082
f 2125//5083 2124//5083 1658//5083
f 2067//5084 1664//5084 2068//5084
f 2126//5085 2125//5085 1658//5085
f 2066//5086 1664//5086 2067//5086
f 2127//5087 2126//5087 1658//5087
f 2065//5088 1664//5088 2066//5088
f 2128//5089 2127//5089 1658//5089
f 2064//5090 1665//5090 1664//5090
f 2064//5091 1664//5091 2065//5091
f 2129//5092 2128//5092 1658//5092
f 2063//5093 1665//5093 2064//5093
f 2130//5094 2129//5094 1658//5094
f 2062//5095 1665//5095 2063//5095
f 1719//5096 1718//5096 3//5096
f 1717//5097 3//5097 1718//5097
f 1720//5098 1719//5098 3//5098
f 1716//5099 3//5099 1717//5099
f 2131//5100 2130//5100 1658//5100
f 1721//5101 1720//5101 3//5101
f 1722//5102 1721//5102 3//5102
f 2061//5103 1665//5103 2062//5103
f 1714//5104 115//5104 1715//5104
f 1723//5105 1722//5105 3//5105
f 2132//5106 2131//5106 1658//5106
f 1713//5107 115//5107 1714//5107
f 2060//5108 1665//5108 2061//5108
f 2060//5109 1666//5109 1665//5109
f 1724//5110 1723//5110 3//5110
f 2133//5111 1658//5111 1657//5111
f 2133//5112 2132//5112 1658//5112
f 1712//5113 115//5113 1713//5113
f 1725//5114 1724//5114 3//5114
f 2059//5115 1666//5115 2060//5115
f 1711//5116 115//5116 1712//5116
f 2134//5117 2133//5117 1657//5117
f 1726//5118 1725//5118 3//5118
f 1710//5119 115//5119 1711//5119
f 2135//5120 2134//5120 1657//5120
f 1727//5121 1726//5121 3//5121
f 2136//5122 2135//5122 1657//5122
f 1709//5123 115//5123 1710//5123
f 1728//5124 1727//5124 3//5124
f 2137//5125 2136//5125 1657//5125
f 1708//5126 115//5126 1709//5126
f 2138//5127 2137//5127 1657//5127
f 1729//5128 1728//5128 3//5128
f 1707//5129 115//5129 1708//5129
f 2139//5130 1657//5130 1656//5130
f 2139//5131 2138//5131 1657//5131
f 1730//5132 1729//5132 3//5132
f 2140//5133 2139//5133 1656//5133
f 1706//5134 115//5134 1707//5134
f 2141//5135 2140//5135 1656//5135
f 1731//5136 1730//5136 3//5136
f 2142//5137 2141//5137 1656//5137
f 1705//5138 115//5138 1706//5138
f 2143//5139 1656//5139 1655//5139
f 2143//5140 2142//5140 1656//5140
f 1732//5141 1731//5141 3//5141
f 1704//5142 115//5142 1705//5142
f 1733//5143 1732//5143 3//5143
f 1703//5144 115//5144 1704//5144
f 1734//5145 1733//5145 3//5145
f 1702//5146 368//5146 115//5146
f 1702//5147 115//5147 1703//5147
f 1735//5148 1545//5148 1670//5148
f 1735//5149 1734//5149 3//5149
f 1735//5150 3//5150 1545//5150
f 1701//5151 365//5151 368//5151
f 1701//5152 368//5152 1702//5152
f 1736//5153 1735//5153 1670//5153
f 1700//5154 363//5154 365//5154
f 1700//5155 365//5155 1701//5155
f 1737//5156 1736//5156 1670//5156
f 1699//5157 363//5157 1700//5157
f 1699//5158 362//5158 363//5158
f 1738//5159 1670//5159 1669//5159
f 1738//5160 1737//5160 1670//5160
f 1698//5161 362//5161 1699//5161
f 1698//5162 359//5162 362//5162
f 1739//5163 1738//5163 1669//5163
f 1697//5164 359//5164 1698//5164
f 1697//5165 357//5165 359//5165
f 1740//5166 1739//5166 1669//5166
f 1696//5167 357//5167 1697//5167
f 1696//5168 355//5168 357//5168
f 1741//5169 1669//5169 1668//5169
f 1741//5170 1740//5170 1669//5170
f 1695//5171 355//5171 1696//5171
f 1695//5172 354//5172 355//5172
f 1742//5173 1741//5173 1668//5173
f 1694//5174 354//5174 1695//5174
f 1694//5175 352//5175 354//5175
f 1743//5176 1742//5176 1668//5176
f 1693//5177 352//5177 1694//5177
f 1693//5178 349//5178 352//5178
f 1744//5179 1668//5179 1667//5179
f 1744//5180 1743//5180 1668//5180
f 1692//5181 349//5181 1693//5181
f 1692//5182 348//5182 349//5182
f 1745//5183 1744//5183 1667//5183
f 1691//5184 348//5184 1692//5184
f 1691//5185 345//5185 348//5185
f 1746//5186 1745//5186 1667//5186
f 1746//5187 1667//5187 1666//5187
f 1690//5188 345//5188 1691//5188
f 1690//5189 343//5189 345//5189
f 1747//5190 1746//5190 1666//5190
f 1689//5191 343//5191 1690//5191
f 1689//5192 341//5192 343//5192
f 1748//5193 1666//5193 2059//5193
f 1748//5194 2059//5194 2058//5194
f 1748//5195 1747//5195 1666//5195
f 1688//5196 341//5196 1689//5196
f 339//5197 341//5197 1688//5197
f 1749//5198 2058//5198 2057//5198
f 1749//5199 1748//5199 2058//5199
f 1687//5200 339//5200 1688//5200
f 1750//5201 2056//5201 2055//5201
f 1750//5202 2057//5202 2056//5202
f 1750//5203 1749//5203 2057//5203
f 337//5204 339//5204 1687//5204
f 1686//5205 337//5205 1687//5205
f 1751//5206 2055//5206 2054//5206
f 1751//5207 1750//5207 2055//5207
f 335//5208 1686//5208 1685//5208
f 335//5209 337//5209 1686//5209
f 1752//5210 2054//5210 2053//5210
f 1752//5211 1751//5211 2054//5211
f 333//5212 1685//5212 1684//5212
f 333//5213 335//5213 1685//5213
f 331//5214 1684//5214 1683//5214
f 331//5215 333//5215 1684//5215
f 329//5216 1683//5216 1682//5216
f 329//5217 331//5217 1683//5217
f 327//5218 1682//5218 1681//5218
f 327//5219 329//5219 1682//5219
f 325//5220 327//5220 1681//5220
f 325//5221 1681//5221 1680//5221
f 323//5222 325//5222 1680//5222
f 323//5223 1680//5223 1679//5223
f 321//5224 323//5224 1679//5224
f 321//5225 1679//5225 1678//5225
f 319//5226 321//5226 1678//5226
f 319//5227 1678//5227 1677//5227
f 317//5228 1677//5228 1676//5228
f 317//5229 319//5229 1677//5229
f 315//5230 1676//5230 1675//5230
f 315//5231 317//5231 1676//5231
f 313//5232 315//5232 1675//5232
f 313//5233 1675//5233 1674//5233
f 311//5234 1674//5234 1673//5234
f 311//5235 313//5235 1674//5235
f 309//5236 1673//5236 1672//5236
f 309//5237 311//5237 1673//5237
f 307//5238 1672//5238 1671//5238
f 307//5239 309//5239 1672//5239
f 244//5240 2050//5240 2049//5240
f 244//5241 2051//5241 2050//5241
f 244//5242 2052//5242 2051//5242
f 244//5243 2053//5243 2052//5243
f 244//5244 1753//5244 1752//5244
f 244//5245 1754//5245 1753//5245
f 244//5246 1755//5246 1754//5246
f 244//5247 1756//5247 1755//5247
f 244//5248 1757//5248 1756//5248
f 244//5249 1758//5249 1757//5249
f 244//5250 1759//5250 1758//5250
f 244//5251 1760//5251 1759//5251
f 244//5252 2164//5252 2163//5252
f 244//5253 1761//5253 1760//5253
f 244//5254 2165//5254 2164//5254
f 244//5255 1762//5255 1761//5255
f 244//5256 2166//5256 2165//5256
f 244//5257 1763//5257 1762//5257
f 244//5258 2167//5258 2166//5258
f 244//5259 2168//5259 2167//5259
f 244//5260 1764//5260 1763//5260
f 244//5261 2169//5261 2168//5261
f 244//5262 1765//5262 1764//5262
f 244//5263 2170//5263 2169//5263
f 244//5264 1766//5264 1765//5264
f 244//5265 2171//5265 2170//5265
f 244//5266 2172//5266 2171//5266
f 244//5267 1752//5267 2053//5267
f 244//5268 2173//5268 2172//5268
f 244//5269 2174//5269 2173//5269
f 244//5270 2049//5270 2174//5270
f 305//5271 307//5271 1671//5271
f 305//5272 1671//5272 1796//5272
f 243//5273 1767//5273 1766//5273
f 243//5274 1766//5274 244//5274
f 303//5275 305//5275 1796//5275
f 303//5276 1796//5276 1795//5276
f 247//5277 1768//5277 1767//5277
f 247//5278 1767//5278 243//5278
f 301//5279 303//5279 1795//5279
f 301//5280 1795//5280 1794//5280
f 249//5281 1768//5281 247//5281
f 249//5282 1769//5282 1768//5282
f 299//5283 301//5283 1794//5283
f 299//5284 1794//5284 1793//5284
f 251//5285 1770//5285 1769//5285
f 251//5286 1769//5286 249//5286
f 297//5287 299//5287 1793//5287
f 297//5288 1793//5288 1792//5288
f 253//5289 1771//5289 1770//5289
f 253//5290 1770//5290 251//5290
f 295//5291 297//5291 1792//5291
f 295//5292 1792//5292 1791//5292
f 255//5293 1772//5293 1771//5293
f 255//5294 1771//5294 253//5294
f 293//5295 295//5295 1791//5295
f 293//5296 1791//5296 1790//5296
f 257//5297 1773//5297 1772//5297
f 257//5298 1772//5298 255//5298
f 369//5299 2148//5299 2147//5299
f 369//5300 2149//5300 2148//5300
f 369//5301 1645//5301 2540//5301
f 369//5302 2150//5302 2149//5302
f 369//5303 1646//5303 1645//5303
f 369//5304 2151//5304 2150//5304
f 369//5305 1647//5305 1646//5305
f 369//5306 2152//5306 2151//5306
f 369//5307 1648//5307 1647//5307
f 369//5308 2153//5308 2152//5308
f 369//5309 1649//5309 1648//5309
f 369//5310 2154//5310 2153//5310
f 369//5311 2155//5311 2154//5311
f 369//5312 1650//5312 1649//5312
f 369//5313 2156//5313 2155//5313
f 369//5314 1651//5314 1650//5314
f 369//5315 1652//5315 1651//5315
f 369//5316 2157//5316 2156//5316
f 369//5317 1653//5317 1652//5317
f 369//5318 2158//5318 2157//5318
f 369//5319 1654//5319 1653//5319
f 369//5320 2159//5320 2158//5320
f 369//5321 1655//5321 1654//5321
f 369//5322 2160//5322 2159//5322
f 369//5323 2143//5323 1655//5323
f 369//5324 2529//5324 2528//5324
f 369//5325 2530//5325 2529//5325
f 369//5326 2531//5326 2530//5326
f 369//5327 2532//5327 2531//5327
f 369//5328 2533//5328 2532//5328
f 369//5329 2534//5329 2533//5329
f 369//5330 2535//5330 2534//5330
f 369//5331 2536//5331 2535//5331
f 369//5332 2537//5332 2536//5332
f 369//5333 2538//5333 2537//5333
f 369//5334 2539//5334 2538//5334
f 369//5335 2540//5335 2539//5335
f 369//5336 2144//5336 2143//5336
f 369//5337 2145//5337 2144//5337
f 369//5338 2146//5338 2145//5338
f 369//5339 2147//5339 2146//5339
f 291//5340 293//5340 1790//5340
f 291//5341 1790//5341 1789//5341
f 259//5342 1774//5342 1773//5342
f 259//5343 1773//5343 257//5343
f 290//5344 1789//5344 1788//5344
f 290//5345 291//5345 1789//5345
f 261//5346 1774//5346 259//5346
f 261//5347 1775//5347 1774//5347
f 287//5348 1788//5348 1787//5348
f 287//5349 290//5349 1788//5349
f 263//5350 1776//5350 1775//5350
f 263//5351 1775//5351 261//5351
f 285//5352 287//5352 1787//5352
f 285//5353 1787//5353 1786//5353
f 265//5354 1777//5354 1776//5354
f 265//5355 1776//5355 263//5355
f 283//5356 1786//5356 1785//5356
f 283//5357 285//5357 1786//5357
f 267//5358 1778//5358 1777//5358
f 267//5359 1777//5359 265//5359
f 281//5360 283//5360 1785//5360
f 281//5361 1785//5361 1784//5361
f 269//5362 1779//5362 1778//5362
f 269//5363 1778//5363 267//5363
f 279//5364 1784//5364 1783//5364
f 279//5365 281//5365 1784//5365
f 271//5366 1780//5366 1779//5366
f 271//5367 1779//5367 269//5367
f 277//5368 279//5368 1783//5368
f 277//5369 1783//5369 1782//5369
f 274//5370 1781//5370 1780//5370
f 274//5371 1780//5371 271//5371
f 275//5372 1782//5372 1781//5372
f 275//5373 277//5373 1782//5373
f 275//5374 1781//5374 274//5374
f 409//5375 2522//5375 407//5375
f 409//5376 2523//5376 2522//5376
f 409//5377 2524//5377 2523//5377
f 409//5378 2525//5378 2524//5378
f 409//5379 2526//5379 2525//5379
f 409//5380 2527//5380 2526//5380
f 409//5381 2528//5381 2527//5381
f 409//5382 369//5382 2528//5382
f 369//5383 244//5383 2160//5383
f 2160//5384 244//5384 2161//5384
f 2161//5385 244//5385 2162//5385
f 2162//5386 244//5386 2163//5386
f 115//5387 3//5387 1715//5387
f 1715//5388 3//5388 1716//5388
